ts_event,ts_event,rtype,publisher_id,instrument_id,action,side,depth,price,size,flags,ts_in_delta,sequence,symbol,best_level_ofi,multi_level_ofi,integrated_ofi
2024-10-21 11:54:29.221064336+00:00,2024-10-21 11:54:29.221064336+00:00,10,2,38,C,B,1,233.62,2,130,166627,11405847,AAPL,0,0,-43.71990826869805
2024-10-21 11:54:29.223769812+00:00,2024-10-21 11:54:29.223769812+00:00,10,2,38,A,B,0,233.67,2,130,166814,11405848,AAPL,2,2,-43.687414079433594
2024-10-21 11:54:29.225030400+00:00,2024-10-21 11:54:29.225030400+00:00,10,2,38,A,B,0,233.67,3,130,166409,11405849,AAPL,3,3,-43.67116698480137
2024-10-21 11:54:29.712434212+00:00,2024-10-21 11:54:29.712434212+00:00,10,2,38,A,B,2,233.52,200,130,166400,11406449,AAPL,0,200,-22.28317366208405
2024-10-21 11:54:29.764673165+00:00,2024-10-21 11:54:29.764673165+00:00,10,2,38,C,B,2,233.52,200,130,166056,11406501,AAPL,0,-200,-65.15664287531204
2024-10-21 11:54:29.764685027+00:00,2024-10-21 11:54:29.764685027+00:00,10,2,38,A,B,1,233.54,400,130,166680,11406502,AAPL,0,410,-15.356710728394537
2024-10-21 11:54:36.289427977+00:00,2024-10-21 11:54:36.289427977+00:00,10,2,38,A,A,6,233.9,200,130,166652,11409388,AAPL,0,599,3.096827766683196
2024-10-21 11:54:37.990793976+00:00,2024-10-21 11:54:37.990793976+00:00,10,2,38,A,A,0,233.73,200,130,166641,11410372,AAPL,200,200,-40.470489342252456
2024-10-21 11:54:39.124291588+00:00,2024-10-21 11:54:39.124291588+00:00,10,2,38,C,A,0,233.73,200,130,166412,11410864,AAPL,200,1012,46.1235106589694
2024-10-21 11:54:39.134140341+00:00,2024-10-21 11:54:39.134140341+00:00,10,2,38,A,A,0,233.74,200,130,166793,11410873,AAPL,200,1012,46.1235106589694
2024-10-21 11:54:41.233181043+00:00,2024-10-21 11:54:41.233181043+00:00,10,2,38,C,B,0,233.67,3,130,166396,11411787,AAPL,-3,-3,-43.76864955259474
2024-10-21 11:54:41.234620509+00:00,2024-10-21 11:54:41.234620509+00:00,10,2,38,A,B,0,233.67,1,130,166309,11411790,AAPL,1,1,-43.70366117406583
2024-10-21 11:54:41.235907431+00:00,2024-10-21 11:54:41.235907431+00:00,10,2,38,C,B,0,233.67,1,130,165985,11411831,AAPL,-1,-1,-43.736155363330276
2024-10-21 11:54:41.235977207+00:00,2024-10-21 11:54:41.235977207+00:00,10,2,38,C,B,0,233.67,2,130,167309,11411832,AAPL,-2,-2,-43.75240245796251
2024-10-21 11:54:41.238618235+00:00,2024-10-21 11:54:41.238618235+00:00,10,2,38,A,B,0,233.7,2,130,166459,11411834,AAPL,2,924,43.590823321950204
2024-10-21 11:54:41.239827037+00:00,2024-10-21 11:54:41.239827037+00:00,10,2,38,A,B,0,233.7,3,130,166419,11411835,AAPL,3,3,-43.67116698480137
2024-10-21 11:54:50.970297264+00:00,2024-10-21 11:54:50.970297264+00:00,10,2,38,C,A,4,233.79,29,130,166319,11416279,AAPL,0,653,10.79799701966181
2024-10-21 11:54:50.970336474+00:00,2024-10-21 11:54:50.970336474+00:00,10,2,38,A,A,3,233.78,29,130,167127,11416280,AAPL,0,29,-37.69749819622737
2024-10-21 11:54:53.247532557+00:00,2024-10-21 11:54:53.247532557+00:00,10,2,38,C,B,0,233.7,3,130,166246,11417889,AAPL,-3,-3,-43.76864955259474
2024-10-21 11:54:53.248893986+00:00,2024-10-21 11:54:53.248893986+00:00,10,2,38,C,B,0,233.7,2,130,166186,11417890,AAPL,-2,-924,-131.0306398593463
2024-10-21 11:54:53.251320969+00:00,2024-10-21 11:54:53.251320969+00:00,10,2,38,A,B,0,233.67,3,130,167074,11417891,AAPL,3,3,-43.67116698480137
2024-10-21 11:54:53.252546517+00:00,2024-10-21 11:54:53.252546517+00:00,10,2,38,A,B,0,233.67,2,130,166278,11417894,AAPL,2,2,-43.687414079433594
2024-10-21 11:54:55.503497741+00:00,2024-10-21 11:54:55.503497741+00:00,10,2,38,C,B,3,233.48,28,130,166282,11418757,AAPL,0,-428,-88.55709406497174
2024-10-21 11:54:55.503541005+00:00,2024-10-21 11:54:55.503541005+00:00,10,2,38,A,B,3,233.51,27,130,166344,11418758,AAPL,0,427,0.9096082147318061
2024-10-21 11:54:55.551806996+00:00,2024-10-21 11:54:55.551806996+00:00,10,2,38,A,B,1,233.59,400,130,166706,11418795,AAPL,0,400,-16.428547458725237
2024-10-21 11:54:58.132928650+00:00,2024-10-21 11:54:58.132928650+00:00,10,2,38,C,A,5,233.9,200,130,166382,11420067,AAPL,0,999,44.70403803962107
2024-10-21 11:54:58.133944065+00:00,2024-10-21 11:54:58.133944065+00:00,10,2,38,A,A,1,233.75,200,130,166667,11420068,AAPL,0,200,-30.074227863711645
2024-10-21 11:55:09.125042325+00:00,2024-10-21 11:55:09.125042325+00:00,10,2,38,C,B,1,233.59,400,130,166287,11428279,AAPL,0,-837,-116.71262229243143
2024-10-21 11:55:09.125055670+00:00,2024-10-21 11:55:09.125055670+00:00,10,2,38,A,B,1,233.57,400,130,166738,11428280,AAPL,0,837,29.27280575503532
2024-10-21 11:55:09.160009889+00:00,2024-10-21 11:55:09.160009889+00:00,10,2,38,C,A,3,233.78,29,130,166350,11428375,AAPL,0,-29,-49.74231834116874
2024-10-21 11:55:09.160051447+00:00,2024-10-21 11:55:09.160051447+00:00,10,2,38,A,A,2,233.77,27,130,166235,11428376,AAPL,0,27,-40.82594909680516
2024-10-21 11:55:13.899151539+00:00,2024-10-21 11:55:13.899151539+00:00,10,2,38,A,B,1,233.59,400,130,167127,11431712,AAPL,0,400,-16.428547458725237
2024-10-21 11:55:22.016715475+00:00,2024-10-21 11:55:22.016715475+00:00,10,2,38,C,B,3,233.51,27,130,206867,11437208,AAPL,0,-427,-88.34942475212792
2024-10-21 11:55:22.060173668+00:00,2024-10-21 11:55:22.060173668+00:00,10,2,38,A,B,3,233.52,27,130,166168,11437365,AAPL,0,427,0.9096082147318061
2024-10-21 11:55:22.132778490+00:00,2024-10-21 11:55:22.132778490+00:00,10,2,38,A,B,1,233.6,400,130,166402,11437593,AAPL,0,400,-16.428547458725237
2024-10-21 11:55:26.447978801+00:00,2024-10-21 11:55:26.447978801+00:00,10,2,38,A,A,0,233.73,200,130,166362,11440665,AAPL,200,200,-40.470489342252456
2024-10-21 11:55:30.365285173+00:00,2024-10-21 11:55:30.365285173+00:00,10,2,38,C,B,1,233.6,400,130,165847,11442747,AAPL,0,-837,-116.71262229243143
2024-10-21 11:55:30.365297270+00:00,2024-10-21 11:55:30.365297270+00:00,10,2,38,A,B,1,233.54,400,130,166671,11442749,AAPL,0,837,29.27280575503532
2024-10-21 11:55:30.377046532+00:00,2024-10-21 11:55:30.377046532+00:00,10,2,38,C,B,3,233.52,27,130,167028,11443045,AAPL,0,-427,-88.34942475212792
2024-10-21 11:55:30.377110788+00:00,2024-10-21 11:55:30.377110788+00:00,10,2,38,A,B,2,233.53,30,130,166255,11443050,AAPL,0,30,-40.50439807770595
2024-10-21 11:55:30.509413271+00:00,2024-10-21 11:55:30.509413271+00:00,10,2,38,C,A,2,233.77,27,130,168420,11443614,AAPL,0,-27,-46.613867440590944
2024-10-21 11:55:30.509458075+00:00,2024-10-21 11:55:30.509458075+00:00,10,2,38,A,A,4,233.79,27,130,166334,11443615,AAPL,0,851,23.112068842295262
2024-10-21 11:55:30.559949308+00:00,2024-10-21 11:55:30.559949308+00:00,10,2,38,A,B,1,233.55,400,130,166447,11443807,AAPL,0,400,-16.428547458725237
2024-10-21 11:55:31.194923125+00:00,2024-10-21 11:55:31.194923125+00:00,10,2,38,A,B,2,233.54,27,130,166471,11444867,AAPL,0,467,6.503268453594315
2024-10-21 11:55:31.195023714+00:00,2024-10-21 11:55:31.195023714+00:00,10,2,38,C,B,3,233.53,30,130,166066,11444870,AAPL,0,-30,-49.94998765401255
2024-10-21 11:55:34.079261198+00:00,2024-10-21 11:55:34.079261198+00:00,10,2,38,C,B,0,233.67,139,130,166298,11447051,AAPL,-139,-139,-45.978254422577734
2024-10-21 11:55:35.302921978+00:00,2024-10-21 11:55:35.302921978+00:00,10,2,38,C,B,0,233.67,2,130,166810,11448345,AAPL,-2,-2,-43.75240245796251
2024-10-21 11:55:35.303067914+00:00,2024-10-21 11:55:35.303067914+00:00,10,2,38,C,B,0,233.67,3,130,166174,11448346,AAPL,-3,-840,-115.05310769954544
2024-10-21 11:55:35.304531207+00:00,2024-10-21 11:55:35.304531207+00:00,10,2,38,A,B,0,233.67,2,130,166908,11448347,AAPL,2,839,27.597044067517086
2024-10-21 11:55:35.305736838+00:00,2024-10-21 11:55:35.305736838+00:00,10,2,38,C,B,0,233.67,2,130,166111,11448348,AAPL,-2,-839,-115.03686060491319
2024-10-21 11:55:35.374212373+00:00,2024-10-21 11:55:35.374212373+00:00,10,2,38,C,B,0,233.55,400,130,166138,11448379,AAPL,-400,-838,-95.89582566969051
2024-10-21 11:55:35.374226300+00:00,2024-10-21 11:55:35.374226300+00:00,10,2,38,A,B,2,233.5,200,130,166376,11448380,AAPL,0,601,20.47990230101335
2024-10-21 11:55:38.243671650+00:00,2024-10-21 11:55:38.243671650+00:00,10,2,38,C,A,0,233.73,200,130,166586,11450385,AAPL,200,1410,72.08326288658927
2024-10-21 11:55:38.243683612+00:00,2024-10-21 11:55:38.243683612+00:00,10,2,38,A,A,0,233.75,200,130,166213,11450386,AAPL,200,200,-40.470489342252456
2024-10-21 11:55:38.298336797+00:00,2024-10-21 11:55:38.298336797+00:00,10,2,38,A,B,2,233.51,200,130,166278,11450436,AAPL,0,200,-22.28317366208405
2024-10-21 11:55:38.572413983+00:00,2024-10-21 11:55:38.572413983+00:00,10,2,38,A,A,0,233.74,200,130,166562,11450747,AAPL,200,1410,72.08326288658927
2024-10-21 11:55:44.733510979+00:00,2024-10-21 11:55:44.733510979+00:00,10,2,38,A,B,0,233.55,29,130,166622,11455418,AAPL,29,666,40.22156866605057
2024-10-21 11:55:44.791957886+00:00,2024-10-21 11:55:44.791957886+00:00,10,2,38,C,B,1,233.54,27,130,166361,11455485,AAPL,0,-637,-127.19021945911204
2024-10-21 11:55:51.293948230+00:00,2024-10-21 11:55:51.293948230+00:00,10,2,38,A,A,0,233.73,100,130,166785,11459624,AAPL,100,1110,49.760877476526204
2024-10-21 11:55:51.294217665+00:00,2024-10-21 11:55:51.294217665+00:00,10,2,38,C,A,0,233.73,100,130,165826,11459625,AAPL,100,1110,49.760877476526204
2024-10-21 11:55:51.365188500+00:00,2024-10-21 11:55:51.365188500+00:00,10,2,38,C,B,2,233.51,200,130,165978,11459674,AAPL,0,-601,-107.91971883840945
2024-10-21 11:55:51.401597368+00:00,2024-10-21 11:55:51.401597368+00:00,10,2,38,A,B,2,233.47,200,130,166005,11459719,AAPL,0,601,20.47990230101335
2024-10-21 11:55:53.213328704+00:00,2024-10-21 11:55:53.213328704+00:00,10,2,38,A,A,6,233.81,26,130,166402,11460545,AAPL,0,425,-13.611192100550904
2024-10-21 11:55:53.213365167+00:00,2024-10-21 11:55:53.213365167+00:00,10,2,38,C,A,4,233.79,27,130,166197,11460546,AAPL,0,477,-6.191033417776846
2024-10-21 11:55:54.691386316+00:00,2024-10-21 11:55:54.691386316+00:00,10,2,38,A,B,2,233.47,200,130,166092,11461460,AAPL,0,200,-22.28317366208405
2024-10-21 11:55:54.691398035+00:00,2024-10-21 11:55:54.691398035+00:00,10,2,38,C,A,0,233.74,200,130,166816,11461461,AAPL,200,1409,71.94731295578518
2024-10-21 11:55:54.691407713+00:00,2024-10-21 11:55:54.691407713+00:00,10,2,38,A,A,1,233.76,200,130,166118,11461462,AAPL,0,1208,68.62966562731468
2024-10-21 11:55:54.745856609+00:00,2024-10-21 11:55:54.745856609+00:00,10,2,38,C,B,2,233.47,200,130,165890,11461600,AAPL,0,-200,-65.15664287531204
2024-10-21 11:55:54.745868744+00:00,2024-10-21 11:55:54.745868744+00:00,10,2,38,A,B,2,233.48,200,130,166362,11461601,AAPL,0,200,-22.28317366208405
2024-10-21 11:55:54.762492206+00:00,2024-10-21 11:55:54.762492206+00:00,10,2,38,C,B,0,233.55,29,130,166136,11461707,AAPL,-29,-640,-109.07316860299339
2024-10-21 11:55:54.762530320+00:00,2024-10-21 11:55:54.762530320+00:00,10,2,38,A,B,0,233.56,28,130,166163,11461708,AAPL,28,639,21.617104970965052
2024-10-21 11:55:55.306692496+00:00,2024-10-21 11:55:55.306692496+00:00,10,2,38,C,B,2,233.48,200,130,166080,11462057,AAPL,0,-601,-107.91971883840945
2024-10-21 11:55:55.306705027+00:00,2024-10-21 11:55:55.306705027+00:00,10,2,38,A,B,2,233.46,400,130,166646,11462058,AAPL,0,801,41.91663690762735
2024-10-21 11:55:55.361082355+00:00,2024-10-21 11:55:55.361082355+00:00,10,2,38,A,A,0,233.75,200,130,166492,11462096,AAPL,200,1408,71.87908455376025
2024-10-21 11:55:55.706105479+00:00,2024-10-21 11:55:55.706105479+00:00,10,2,38,A,B,2,233.47,200,130,166534,11462281,AAPL,0,200,-22.28317366208405
2024-10-21 11:55:58.151580102+00:00,2024-10-21 11:55:58.151580102+00:00,10,2,38,A,B,2,233.47,200,130,166473,11463546,AAPL,0,200,-22.28317366208405
2024-10-21 11:56:07.493655598+00:00,2024-10-21 11:56:07.493655598+00:00,10,2,38,C,A,7,234.0,2,130,166628,11471731,AAPL,0,-2,-43.866702923778355
2024-10-21 11:56:10.953492365+00:00,2024-10-21 11:56:10.953492365+00:00,10,2,38,C,A,0,233.75,200,130,166670,11474926,AAPL,-200,-200,-46.96932719514365
2024-10-21 11:56:10.953504236+00:00,2024-10-21 11:56:10.953504236+00:00,10,2,38,A,A,1,233.77,200,130,166429,11474927,AAPL,0,200,-30.074227863711645
2024-10-21 11:56:11.008155483+00:00,2024-10-21 11:56:11.008155483+00:00,10,2,38,C,B,2,233.47,200,130,166279,11475150,AAPL,0,-200,-65.15664287531204
2024-10-21 11:56:11.008167451+00:00,2024-10-21 11:56:11.008167451+00:00,10,2,38,A,B,2,233.48,400,130,166369,11475151,AAPL,0,400,-0.84643905547005
2024-10-21 11:56:11.038752302+00:00,2024-10-21 11:56:11.038752302+00:00,10,2,38,C,B,0,233.56,28,130,166158,11475414,AAPL,-28,-839,-130.49365611497515
2024-10-21 11:56:11.038803026+00:00,2024-10-21 11:56:11.038803026+00:00,10,2,38,A,B,0,233.57,26,130,166067,11475415,AAPL,26,837,43.0213453883146
2024-10-21 11:56:14.982879375+00:00,2024-10-21 11:56:14.982879375+00:00,10,2,38,C,A,1,233.77,200,130,166139,11478870,AAPL,0,-200,-57.36558867368446
2024-10-21 11:56:14.982891924+00:00,2024-10-21 11:56:14.982891924+00:00,10,2,38,A,A,2,233.78,200,130,166125,11478871,AAPL,0,200,-22.28317366208405
2024-10-21 11:56:15.036962807+00:00,2024-10-21 11:56:15.036962807+00:00,10,2,38,A,A,1,233.77,200,130,166345,11478943,AAPL,0,0,-51.510962470325644
2024-10-21 11:56:15.039085832+00:00,2024-10-21 11:56:15.039085832+00:00,10,2,38,C,A,4,233.81,26,130,166790,11478955,AAPL,0,824,39.22847633559838
2024-10-21 11:56:15.039203352+00:00,2024-10-21 11:56:15.039203352+00:00,10,2,38,A,A,4,233.84,28,130,166234,11478956,AAPL,0,826,39.509486905802945
2024-10-21 11:56:17.922879284+00:00,2024-10-21 11:56:17.922879284+00:00,10,2,38,C,A,4,233.84,28,130,165937,11481519,AAPL,0,826,39.509486905802945
2024-10-21 11:56:17.922956219+00:00,2024-10-21 11:56:17.922956219+00:00,10,2,38,A,A,4,233.83,30,130,166059,11481520,AAPL,0,828,39.7904974760075
2024-10-21 11:56:23.203362495+00:00,2024-10-21 11:56:23.203362495+00:00,10,2,38,C,A,1,233.77,200,130,166136,11484712,AAPL,0,-200,-57.36558867368446
2024-10-21 11:56:23.203374367+00:00,2024-10-21 11:56:23.203374367+00:00,10,2,38,A,A,2,233.78,200,130,166164,11484713,AAPL,0,200,-22.28317366208405
2024-10-21 11:56:23.230980890+00:00,2024-10-21 11:56:23.230980890+00:00,10,2,38,A,B,2,233.49,400,130,166669,11484750,AAPL,0,400,-0.84643905547005
2024-10-21 11:56:23.259005865+00:00,2024-10-21 11:56:23.259005865+00:00,10,2,38,A,B,2,233.5,200,130,166357,11484879,AAPL,0,200,-22.28317366208405
2024-10-21 11:56:23.260424017+00:00,2024-10-21 11:56:23.260424017+00:00,10,2,38,C,B,0,233.57,26,130,166034,11484896,AAPL,-26,-637,-109.0244273190967
2024-10-21 11:56:23.260520532+00:00,2024-10-21 11:56:23.260520532+00:00,10,2,38,A,B,0,233.58,27,130,166296,11484897,AAPL,27,638,21.60085787633283
2024-10-21 11:56:24.985297090+00:00,2024-10-21 11:56:24.985297090+00:00,10,2,38,C,B,2,233.5,200,130,166021,11486304,AAPL,0,-601,-107.91971883840945
2024-10-21 11:56:24.985309618+00:00,2024-10-21 11:56:24.985309618+00:00,10,2,38,A,B,2,233.48,400,130,166249,11486305,AAPL,0,801,41.91663690762735
2024-10-21 11:56:25.053201827+00:00,2024-10-21 11:56:25.053201827+00:00,10,2,38,A,A,1,233.77,200,130,166441,11486393,AAPL,0,0,-51.510962470325644
2024-10-21 11:56:29.970611371+00:00,2024-10-21 11:56:29.970611371+00:00,10,2,38,A,A,7,234.0,1,130,166288,11488797,AAPL,0,1,-43.6465109411579
2024-10-21 11:56:34.567796323+00:00,2024-10-21 11:56:34.567796323+00:00,10,2,38,C,A,1,233.77,200,130,165890,11492628,AAPL,0,-200,-57.36558867368446
2024-10-21 11:56:34.567809267+00:00,2024-10-21 11:56:34.567809267+00:00,10,2,38,A,A,2,233.78,200,130,166251,11492629,AAPL,0,200,-22.28317366208405
2024-10-21 11:56:34.623413180+00:00,2024-10-21 11:56:34.623413180+00:00,10,2,38,A,A,1,233.77,200,130,166458,11492694,AAPL,0,0,-51.510962470325644
2024-10-21 11:56:42.272625996+00:00,2024-10-21 11:56:42.272625996+00:00,10,2,38,A,B,2,233.49,200,130,166280,11497144,AAPL,0,200,-22.28317366208405
2024-10-21 11:56:43.878708550+00:00,2024-10-21 11:56:43.878708550+00:00,10,2,38,A,A,0,233.72,100,130,166858,11498282,AAPL,100,1512,92.25265678079592
2024-10-21 11:56:43.878991240+00:00,2024-10-21 11:56:43.878991240+00:00,10,2,38,C,A,0,233.72,100,130,166840,11498283,AAPL,100,1512,92.25265678079592
2024-10-21 11:56:47.448697059+00:00,2024-10-21 11:56:47.448697059+00:00,10,2,38,C,A,1,233.77,200,130,166697,11501263,AAPL,0,-200,-57.36558867368446
2024-10-21 11:56:47.557683879+00:00,2024-10-21 11:56:47.557683879+00:00,10,2,38,A,A,1,233.77,200,130,165994,11501298,AAPL,0,200,-30.074227863711645
2024-10-21 11:56:51.014654312+00:00,2024-10-21 11:56:51.014654312+00:00,10,2,38,A,B,2,233.49,200,130,166542,11503024,AAPL,0,200,-22.28317366208405
2024-10-21 11:56:51.014666179+00:00,2024-10-21 11:56:51.014666179+00:00,10,2,38,C,A,1,233.77,200,130,166155,11503025,AAPL,0,-200,-57.36558867368446
2024-10-21 11:56:51.014676787+00:00,2024-10-21 11:56:51.014676787+00:00,10,2,38,A,A,3,233.79,200,130,166051,11503026,AAPL,0,1053,65.00330016187405
2024-10-21 11:56:55.866035650+00:00,2024-10-21 11:56:55.866035650+00:00,10,2,38,A,A,2,233.78,200,130,166660,11506229,AAPL,0,1253,86.44003476848805
2024-10-21 11:57:04.890399029+00:00,2024-10-21 11:57:04.890399029+00:00,10,2,38,A,A,0,233.72,100,130,168286,11513463,AAPL,100,1512,112.34978474294527
2024-10-21 11:57:04.890725062+00:00,2024-10-21 11:57:04.890725062+00:00,10,2,38,C,A,0,233.72,100,130,166016,11513464,AAPL,100,1512,112.34978474294527
2024-10-21 11:57:06.458943234+00:00,2024-10-21 11:57:06.458943234+00:00,10,2,38,A,B,0,233.67,1,130,167214,11514372,AAPL,1,838,81.30051258511153
2024-10-21 11:57:06.459285665+00:00,2024-10-21 11:57:06.459285665+00:00,10,2,38,T,N,0,233.68,1,130,167588,11514373,AAPL,0,0,-43.71990826869805
2024-10-21 11:57:07.554141976+00:00,2024-10-21 11:57:07.554141976+00:00,10,2,38,T,N,0,233.68,1,130,168004,11515087,AAPL,0,0,-43.71990826869805
2024-10-21 11:57:08.621131954+00:00,2024-10-21 11:57:08.621131954+00:00,10,2,38,T,N,0,233.68,1,130,168399,11515684,AAPL,0,0,-43.71990826869805
2024-10-21 11:57:10.160087903+00:00,2024-10-21 11:57:10.160087903+00:00,10,2,38,T,N,0,233.68,1,130,167691,11516600,AAPL,0,0,-43.71990826869805
2024-10-21 11:57:14.110885099+00:00,2024-10-21 11:57:14.110885099+00:00,10,2,38,T,N,0,233.68,1,130,167967,11518245,AAPL,0,0,-43.71990826869805
2024-10-21 11:57:14.837669309+00:00,2024-10-21 11:57:14.837669309+00:00,10,2,38,C,B,1,233.58,27,130,166142,11518715,AAPL,0,-837,-168.7240820278754
2024-10-21 11:57:14.894521785+00:00,2024-10-21 11:57:14.894521785+00:00,10,2,38,A,B,1,233.59,29,130,166532,11518781,AAPL,0,839,81.42072229452917
2024-10-21 11:57:15.098765695+00:00,2024-10-21 11:57:15.098765695+00:00,10,2,38,C,A,2,233.78,200,130,166253,11518952,AAPL,0,-200,-65.15664287531204
2024-10-21 11:57:15.098777532+00:00,2024-10-21 11:57:15.098777532+00:00,10,2,38,A,A,3,233.8,200,130,166359,11518953,AAPL,0,200,-2.186045699934712
2024-10-21 11:57:15.158138746+00:00,2024-10-21 11:57:15.158138746+00:00,10,2,38,C,B,3,233.49,200,130,166086,11519035,AAPL,0,-200,-85.25377083746139
2024-10-21 11:57:15.158151037+00:00,2024-10-21 11:57:15.158151037+00:00,10,2,38,A,B,3,233.5,400,130,166471,11519036,AAPL,0,400,39.34781686882863
2024-10-21 11:57:15.238560230+00:00,2024-10-21 11:57:15.238560230+00:00,10,2,38,A,A,3,233.79,200,130,166638,11519174,AAPL,0,1053,65.00330016187405
2024-10-21 11:57:15.426680348+00:00,2024-10-21 11:57:15.426680348+00:00,10,2,38,A,A,2,233.78,200,130,166199,11519431,AAPL,0,1253,86.44003476848805
2024-10-21 11:57:15.993250474+00:00,2024-10-21 11:57:15.993250474+00:00,10,2,38,T,N,0,233.68,1,130,167454,11519726,AAPL,0,0,-43.71990826869805
2024-10-21 11:57:17.249143876+00:00,2024-10-21 11:57:17.249143876+00:00,10,2,38,C,A,2,233.78,200,130,165883,11520279,AAPL,0,-200,-65.15664287531204
2024-10-21 11:57:17.249155657+00:00,2024-10-21 11:57:17.249155657+00:00,10,2,38,A,A,3,233.8,200,130,166126,11520280,AAPL,0,200,-2.186045699934712
2024-10-21 11:57:17.304858834+00:00,2024-10-21 11:57:17.304858834+00:00,10,2,38,A,A,2,233.78,200,130,166392,11520350,AAPL,0,0,-63.81703623084739
2024-10-21 11:57:17.495155713+00:00,2024-10-21 11:57:17.495155713+00:00,10,2,38,T,N,0,233.68,1,130,166937,11520659,AAPL,0,0,-43.71990826869805
2024-10-21 11:57:20.112111433+00:00,2024-10-21 11:57:20.112111433+00:00,10,2,38,A,A,0,233.72,20,130,166988,11522305,AAPL,20,1432,111.05001717236702
2024-10-21 11:57:22.737207625+00:00,2024-10-21 11:57:22.737207625+00:00,10,2,38,T,N,0,233.68,1,130,167399,11523551,AAPL,0,0,-43.71990826869805
2024-10-21 11:57:23.434433631+00:00,2024-10-21 11:57:23.434433631+00:00,10,2,38,T,N,0,233.68,3,130,167884,11524035,AAPL,0,0,-43.71990826869805
2024-10-21 11:57:23.522180556+00:00,2024-10-21 11:57:23.522180556+00:00,10,2,38,C,B,1,233.59,29,130,166174,11524292,AAPL,0,-839,-168.86053883192528
2024-10-21 11:57:23.522320812+00:00,2024-10-21 11:57:23.522320812+00:00,10,2,38,A,B,3,233.47,27,130,166459,11524293,AAPL,0,427,0.9096082147318061
2024-10-21 11:57:23.575986228+00:00,2024-10-21 11:57:23.575986228+00:00,10,2,38,A,A,2,233.77,200,130,166800,11524341,AAPL,0,0,-63.81703623084739
2024-10-21 11:57:23.893151634+00:00,2024-10-21 11:57:23.893151634+00:00,10,2,38,T,A,0,233.67,1,130,167691,11524531,AAPL,0,0,-43.71990826869805
2024-10-21 11:57:23.893151634+00:00,2024-10-21 11:57:23.893151634+00:00,10,2,38,C,B,0,233.67,1,130,167691,11524531,AAPL,-1,-838,-131.92142508023747
2024-10-21 11:57:23.893200066+00:00,2024-10-21 11:57:23.893200066+00:00,10,2,38,A,A,0,233.71,23,130,166414,11524532,AAPL,23,1055,77.89383434199019
2024-10-21 11:57:23.964289822+00:00,2024-10-21 11:57:23.964289822+00:00,10,2,38,C,B,1,233.5,400,130,166005,11524643,AAPL,0,-828,-116.66830421366114
2024-10-21 11:57:23.964302478+00:00,2024-10-21 11:57:23.964302478+00:00,10,2,38,A,B,1,233.49,200,130,166182,11524644,AAPL,0,628,15.582807271278645
2024-10-21 11:57:23.993763323+00:00,2024-10-21 11:57:23.993763323+00:00,10,2,38,C,A,0,233.71,23,130,165893,11524653,AAPL,23,1055,77.89383434199019
2024-10-21 11:57:25.745564633+00:00,2024-10-21 11:57:25.745564633+00:00,10,2,38,C,B,1,233.49,200,130,165948,11525365,AAPL,0,-628,-103.02262380867475
2024-10-21 11:57:25.813792371+00:00,2024-10-21 11:57:25.813792371+00:00,10,2,38,C,A,2,233.77,200,130,166077,11525510,AAPL,0,-200,-65.15664287531204
2024-10-21 11:57:25.852973172+00:00,2024-10-21 11:57:25.852973172+00:00,10,2,38,A,A,3,233.78,200,130,166446,11525536,AAPL,0,200,-2.186045699934712
2024-10-21 11:57:25.862973670+00:00,2024-10-21 11:57:25.862973670+00:00,10,2,38,A,B,1,233.49,400,130,166669,11525541,AAPL,0,828,29.228487676265047
2024-10-21 11:57:25.868673528+00:00,2024-10-21 11:57:25.868673528+00:00,10,2,38,A,B,0,233.54,200,130,166650,11525550,AAPL,200,210,-39.78820532200314
2024-10-21 11:57:26.000349886+00:00,2024-10-21 11:57:26.000349886+00:00,10,2,38,A,B,0,233.54,200,130,166393,11525708,AAPL,200,200,-40.470489342252456
2024-10-21 11:57:28.039292565+00:00,2024-10-21 11:57:28.039292565+00:00,10,2,38,C,B,0,233.54,200,130,166266,11526531,AAPL,-200,-200,-46.96932719514365
2024-10-21 11:57:28.039302990+00:00,2024-10-21 11:57:28.039302990+00:00,10,2,38,C,B,0,233.54,200,130,166726,11526532,AAPL,-200,-638,-93.30864635038326
2024-10-21 11:57:28.039347712+00:00,2024-10-21 11:57:28.039347712+00:00,10,2,38,T,N,0,233.68,50,130,167884,11526533,AAPL,0,0,-43.71990826869805
2024-10-21 11:57:28.153707091+00:00,2024-10-21 11:57:28.153707091+00:00,10,2,38,A,B,1,233.48,400,130,166270,11526618,AAPL,0,828,29.228487676265047
2024-10-21 11:57:28.163711748+00:00,2024-10-21 11:57:28.163711748+00:00,10,2,38,A,B,0,233.54,200,130,166577,11526622,AAPL,200,210,-39.78820532200314
2024-10-21 11:57:28.163725884+00:00,2024-10-21 11:57:28.163725884+00:00,10,2,38,A,A,2,233.77,200,130,166367,11526623,AAPL,0,0,-63.81703623084739
2024-10-21 11:57:29.331953680+00:00,2024-10-21 11:57:29.331953680+00:00,10,2,38,C,A,2,233.77,200,130,165740,11527067,AAPL,0,-200,-65.15664287531204
2024-10-21 11:57:29.331966683+00:00,2024-10-21 11:57:29.331966683+00:00,10,2,38,A,A,3,233.78,200,130,165965,11527068,AAPL,0,200,-2.186045699934712
2024-10-21 11:57:30.995192991+00:00,2024-10-21 11:57:30.995192991+00:00,10,2,38,A,B,0,233.54,200,130,166205,11528694,AAPL,200,200,-40.470489342252456
2024-10-21 11:57:31.496234971+00:00,2024-10-21 11:57:31.496234971+00:00,10,2,38,A,A,1,233.74,500,130,166309,11528948,AAPL,0,1512,96.83697858910908
2024-10-21 11:57:36.264542456+00:00,2024-10-21 11:57:36.264542456+00:00,10,2,38,C,A,0,233.72,20,130,166329,11532750,AAPL,20,1532,97.16192048175364
2024-10-21 11:57:36.267934826+00:00,2024-10-21 11:57:36.267934826+00:00,10,2,38,C,B,0,233.54,200,130,166341,11532755,AAPL,-200,-200,-46.96932719514365
2024-10-21 11:57:37.887981490+00:00,2024-10-21 11:57:37.887981490+00:00,10,2,38,A,B,0,233.65,1,130,166292,11533577,AAPL,1,638,15.64337244468115
2024-10-21 11:57:38.016963535+00:00,2024-10-21 11:57:38.016963535+00:00,10,2,38,A,B,1,233.54,200,130,166210,11533703,AAPL,0,200,-30.074227863711645
2024-10-21 11:57:40.885440558+00:00,2024-10-21 11:57:40.885440558+00:00,10,2,38,C,B,3,233.47,27,130,166036,11535145,AAPL,0,-427,-88.34942475212792
2024-10-21 11:57:40.885481569+00:00,2024-10-21 11:57:40.885481569+00:00,10,2,38,A,B,3,233.48,26,130,166632,11535146,AAPL,0,426,0.7019389018879915
2024-10-21 11:57:41.319151873+00:00,2024-10-21 11:57:41.319151873+00:00,10,2,38,C,A,3,233.78,200,130,165907,11535430,AAPL,0,-200,-85.25377083746139
2024-10-21 11:57:41.319163898+00:00,2024-10-21 11:57:41.319163898+00:00,10,2,38,A,A,4,233.79,200,130,165940,11535431,AAPL,0,653,18.441712028903392
2024-10-21 11:57:41.375697228+00:00,2024-10-21 11:57:41.375697228+00:00,10,2,38,C,B,1,233.54,200,130,165726,11535542,AAPL,0,-200,-57.36558867368446
2024-10-21 11:57:41.375709324+00:00,2024-10-21 11:57:41.375709324+00:00,10,2,38,A,B,1,233.55,400,130,166331,11535543,AAPL,0,400,-16.428547458725237
2024-10-21 11:57:41.965660865+00:00,2024-10-21 11:57:41.965660865+00:00,10,2,38,C,B,1,233.55,400,130,165824,11536042,AAPL,0,-836,-116.5049529795876
2024-10-21 11:57:42.074173420+00:00,2024-10-21 11:57:42.074173420+00:00,10,2,38,A,B,2,233.49,200,130,166328,11536099,AAPL,0,626,22.138673508502
2024-10-21 11:57:42.169221771+00:00,2024-10-21 11:57:42.169221771+00:00,10,2,38,A,B,2,233.5,200,130,166713,11536143,AAPL,0,200,-22.28317366208405
2024-10-21 11:57:42.207878969+00:00,2024-10-21 11:57:42.207878969+00:00,10,2,38,C,B,2,233.5,200,130,166581,11536169,AAPL,0,-626,-109.57849004589809
2024-10-21 11:57:42.313260974+00:00,2024-10-21 11:57:42.313260974+00:00,10,2,38,A,B,2,233.49,200,130,165983,11536217,AAPL,0,626,22.138673508502
2024-10-21 11:57:42.380159117+00:00,2024-10-21 11:57:42.380159117+00:00,10,2,38,A,B,2,233.49,200,130,166266,11536247,AAPL,0,200,-22.28317366208405
2024-10-21 11:57:42.412324426+00:00,2024-10-21 11:57:42.412324426+00:00,10,2,38,C,B,2,233.49,200,130,165980,11536276,AAPL,0,-200,-65.15664287531204
2024-10-21 11:57:42.412336614+00:00,2024-10-21 11:57:42.412336614+00:00,10,2,38,A,B,2,233.5,200,130,166228,11536277,AAPL,0,200,-22.28317366208405
2024-10-21 11:57:48.072962640+00:00,2024-10-21 11:57:48.072962640+00:00,10,2,38,A,B,2,233.5,200,130,166635,11540432,AAPL,0,200,-22.28317366208405
2024-10-21 11:57:48.072974095+00:00,2024-10-21 11:57:48.072974095+00:00,10,2,38,C,A,4,233.79,200,130,165935,11540433,AAPL,0,653,18.441712028903392
2024-10-21 11:57:48.072984615+00:00,2024-10-21 11:57:48.072984615+00:00,10,2,38,A,A,4,233.8,200,130,166138,11540434,AAPL,0,200,-15.618851248241953
2024-10-21 11:57:48.076659157+00:00,2024-10-21 11:57:48.076659157+00:00,10,2,38,C,A,5,233.83,30,130,166144,11540485,AAPL,0,828,19.956805465553714
2024-10-21 11:57:48.076742621+00:00,2024-10-21 11:57:48.076742621+00:00,10,2,38,A,A,5,233.86,28,130,166325,11540488,AAPL,0,826,19.666684186752715
2024-10-21 11:57:48.136477014+00:00,2024-10-21 11:57:48.136477014+00:00,10,2,38,C,B,2,233.5,200,130,165690,11540727,AAPL,0,-200,-65.15664287531204
2024-10-21 11:57:48.136488492+00:00,2024-10-21 11:57:48.136488492+00:00,10,2,38,A,B,2,233.51,200,130,167008,11540728,AAPL,0,200,-22.28317366208405
2024-10-21 11:57:48.194611663+00:00,2024-10-21 11:57:48.194611663+00:00,10,2,38,C,B,3,233.48,26,130,166368,11540865,AAPL,0,-426,-88.1417554392841
2024-10-21 11:57:48.194659897+00:00,2024-10-21 11:57:48.194659897+00:00,10,2,38,A,B,3,233.49,29,130,166874,11540868,AAPL,0,429,1.3249468404194402
2024-10-21 11:57:51.070607242+00:00,2024-10-21 11:57:51.070607242+00:00,10,2,38,T,N,0,233.71,50,130,167862,11543012,AAPL,0,0,-43.71990826869805
2024-10-21 11:57:51.271195500+00:00,2024-10-21 11:57:51.271195500+00:00,10,2,38,A,A,4,233.79,200,130,166657,11543518,AAPL,0,651,18.249665823532894
2024-10-21 11:57:51.287108312+00:00,2024-10-21 11:57:51.287108312+00:00,10,2,38,C,A,6,233.86,28,130,166184,11543617,AAPL,0,426,-13.477907181935699
2024-10-21 11:57:51.287157718+00:00,2024-10-21 11:57:51.287157718+00:00,10,2,38,A,A,6,233.85,29,130,166443,11543618,AAPL,0,427,-13.381884079250444
2024-10-21 11:57:51.322699915+00:00,2024-10-21 11:57:51.322699915+00:00,10,2,38,T,N,0,233.71,7,130,168139,11543733,AAPL,0,0,-43.71990826869805
2024-10-21 11:57:52.317929239+00:00,2024-10-21 11:57:52.317929239+00:00,10,2,38,C,A,4,233.79,200,130,165902,11544404,AAPL,0,652,18.345688926218138
2024-10-21 11:57:52.317942384+00:00,2024-10-21 11:57:52.317942384+00:00,10,2,38,A,A,4,233.8,200,130,166323,11544405,AAPL,0,200,-15.618851248241953
2024-10-21 11:57:58.266584280+00:00,2024-10-21 11:57:58.266584280+00:00,10,2,38,A,A,4,233.79,200,130,166542,11548474,AAPL,0,652,18.345688926218138
2024-10-21 11:58:06.284720780+00:00,2024-10-21 11:58:06.284720780+00:00,10,2,38,C,B,2,233.51,200,130,166299,11554578,AAPL,0,-629,-110.20149798442954
2024-10-21 11:58:06.284733562+00:00,2024-10-21 11:58:06.284733562+00:00,10,2,38,A,B,2,233.49,200,130,166288,11554579,AAPL,0,200,-22.28317366208405
2024-10-21 11:58:06.339571308+00:00,2024-10-21 11:58:06.339571308+00:00,10,2,38,A,A,3,233.78,200,130,166370,11554687,AAPL,0,852,59.87955149498147
2024-10-21 11:58:06.359829740+00:00,2024-10-21 11:58:06.359829740+00:00,10,2,38,A,B,2,233.49,200,130,166292,11554809,AAPL,0,200,-22.28317366208405
2024-10-21 11:58:06.360206541+00:00,2024-10-21 11:58:06.360206541+00:00,10,2,38,A,A,5,233.84,29,130,166333,11554810,AAPL,0,456,-9.175125536635962
2024-10-21 11:58:06.360243785+00:00,2024-10-21 11:58:06.360243785+00:00,10,2,38,C,A,6,233.85,29,130,165843,11554811,AAPL,0,427,-13.381884079250444
2024-10-21 11:58:06.414660818+00:00,2024-10-21 11:58:06.414660818+00:00,10,2,38,C,B,2,233.49,200,130,165747,11554881,AAPL,0,-200,-65.15664287531204
2024-10-21 11:58:06.414672832+00:00,2024-10-21 11:58:06.414672832+00:00,10,2,38,A,B,2,233.51,200,130,166275,11554882,AAPL,0,629,22.76168144703344
2024-10-21 11:58:14.036350634+00:00,2024-10-21 11:58:14.036350634+00:00,10,2,38,T,N,0,233.73,87,130,167930,11561326,AAPL,0,0,-43.71990826869805
2024-10-21 11:58:14.036377136+00:00,2024-10-21 11:58:14.036377136+00:00,10,2,38,C,A,3,233.78,200,130,165885,11561327,AAPL,0,-200,-85.25377083746139
2024-10-21 11:58:14.144708873+00:00,2024-10-21 11:58:14.144708873+00:00,10,2,38,A,A,3,233.78,200,130,166657,11561371,AAPL,0,200,-2.186045699934712
2024-10-21 11:58:18.578706483+00:00,2024-10-21 11:58:18.578706483+00:00,10,2,38,C,A,3,233.78,200,130,165907,11564710,AAPL,0,-200,-85.25377083746139
2024-10-21 11:58:18.578717695+00:00,2024-10-21 11:58:18.578717695+00:00,10,2,38,A,A,4,233.79,200,130,166328,11564711,AAPL,0,652,18.345688926218138
2024-10-21 11:58:18.649580622+00:00,2024-10-21 11:58:18.649580622+00:00,10,2,38,C,A,4,233.79,200,130,165821,11564816,AAPL,0,652,18.345688926218138
2024-10-21 11:58:18.666193529+00:00,2024-10-21 11:58:18.666193529+00:00,10,2,38,T,B,0,233.74,65,130,167692,11564831,AAPL,0,0,-43.71990826869805
2024-10-21 11:58:18.666193529+00:00,2024-10-21 11:58:18.666193529+00:00,10,2,38,C,A,0,233.74,65,130,167692,11564831,AAPL,-65,-65,-44.77596941979287
2024-10-21 11:58:18.721960191+00:00,2024-10-21 11:58:18.721960191+00:00,10,2,38,A,A,5,233.83,400,130,166267,11565202,AAPL,0,827,44.6423716809493
2024-10-21 11:58:18.722551669+00:00,2024-10-21 11:58:18.722551669+00:00,10,2,38,A,A,7,233.9,27,130,166865,11565205,AAPL,0,271,-21.76790861138714
2024-10-21 11:58:18.722579315+00:00,2024-10-21 11:58:18.722579315+00:00,10,2,38,C,A,6,233.84,29,130,166596,11565206,AAPL,0,300,-18.98323863351479
2024-10-21 11:58:18.733836431+00:00,2024-10-21 11:58:18.733836431+00:00,10,2,38,C,A,5,233.83,400,130,166104,11565231,AAPL,0,825,44.45032547557879
2024-10-21 11:58:18.771745684+00:00,2024-10-21 11:58:18.771745684+00:00,10,2,38,A,A,5,233.83,200,130,166580,11565306,AAPL,0,625,15.438197595478918
2024-10-21 11:58:19.574896952+00:00,2024-10-21 11:58:19.574896952+00:00,10,2,38,C,A,5,233.83,200,130,165888,11566008,AAPL,0,625,15.438197595478918
2024-10-21 11:58:19.574907103+00:00,2024-10-21 11:58:19.574907103+00:00,10,2,38,A,A,5,233.85,200,130,167054,11566009,AAPL,0,625,15.438197595478918
2024-10-21 11:58:19.604471701+00:00,2024-10-21 11:58:19.604471701+00:00,10,2,38,A,B,2,233.52,200,130,166258,11566140,AAPL,0,200,-22.28317366208405
2024-10-21 11:58:19.632503658+00:00,2024-10-21 11:58:19.632503658+00:00,10,2,38,A,A,5,233.84,200,130,166249,11566182,AAPL,0,200,-14.707780388598184
2024-10-21 11:58:21.722356897+00:00,2024-10-21 11:58:21.722356897+00:00,10,2,38,A,A,5,233.84,200,130,166239,11567782,AAPL,0,200,-14.707780388598184
2024-10-21 11:58:21.794663862+00:00,2024-10-21 11:58:21.794663862+00:00,10,2,38,A,B,1,233.55,200,130,166880,11567840,AAPL,0,210,-29.002391133380947
2024-10-21 11:58:32.993346096+00:00,2024-10-21 11:58:32.993346096+00:00,10,2,38,A,B,1,233.56,200,130,166396,11577193,AAPL,0,200,-30.074227863711645
2024-10-21 11:58:37.947553299+00:00,2024-10-21 11:58:37.947553299+00:00,10,2,38,C,A,5,233.84,200,130,166035,11580485,AAPL,0,-200,-72.73203614879793
2024-10-21 11:58:37.947562931+00:00,2024-10-21 11:58:37.947562931+00:00,10,2,38,C,A,5,233.84,200,130,166032,11580486,AAPL,0,625,15.438197595478918
2024-10-21 11:58:37.947573917+00:00,2024-10-21 11:58:37.947573917+00:00,10,2,38,A,A,5,233.85,400,130,166837,11580487,AAPL,0,825,44.45032547557879
2024-10-21 11:58:40.491423845+00:00,2024-10-21 11:58:40.491423845+00:00,10,2,38,C,B,3,233.49,29,130,165994,11582081,AAPL,0,-429,-88.76476337781554
2024-10-21 11:58:40.491466764+00:00,2024-10-21 11:58:40.491466764+00:00,10,2,38,A,B,3,233.5,26,130,166361,11582082,AAPL,0,426,0.7019389018879915
2024-10-21 11:58:50.556727313+00:00,2024-10-21 11:58:50.556727313+00:00,10,2,38,A,A,5,233.84,400,130,166819,11587782,AAPL,0,400,14.304347491501684
2024-10-21 11:58:53.131341094+00:00,2024-10-21 11:58:53.131341094+00:00,10,2,38,A,B,1,233.56,200,130,166428,11589174,AAPL,0,200,-30.074227863711645
2024-10-21 11:58:53.954307531+00:00,2024-10-21 11:58:53.954307531+00:00,10,2,38,T,B,0,233.74,40,130,166661,11589595,AAPL,0,0,-43.71990826869805
2024-10-21 11:58:53.954307531+00:00,2024-10-21 11:58:53.954307531+00:00,10,2,38,C,A,0,233.74,40,130,166661,11589595,AAPL,-40,-40,-44.36979205398717
2024-10-21 11:58:53.954317948+00:00,2024-10-21 11:58:53.954317948+00:00,10,2,38,A,B,0,233.66,100,130,166382,11589596,AAPL,100,882,35.48650854626336
2024-10-21 11:58:53.954477659+00:00,2024-10-21 11:58:53.954477659+00:00,10,2,38,T,B,0,233.74,395,0,168354,11589601,AAPL,0,0,-43.71990826869805
2024-10-21 11:58:53.954477659+00:00,2024-10-21 11:58:53.954477659+00:00,10,2,38,T,N,0,233.74,40,130,168354,11589602,AAPL,395,1604,100.10233510071423
2024-10-21 11:58:53.954501480+00:00,2024-10-21 11:58:53.954501480+00:00,10,2,38,A,B,0,233.7,100,130,166098,11589603,AAPL,100,882,69.92621255561669
2024-10-21 11:58:53.954502815+00:00,2024-10-21 11:58:53.954502815+00:00,10,2,38,A,B,1,233.68,100,130,166109,11589604,AAPL,0,772,45.42848879340655
2024-10-21 11:58:53.954507571+00:00,2024-10-21 11:58:53.954507571+00:00,10,2,38,A,B,1,233.68,100,130,166476,11589605,AAPL,0,100,-36.897068066204845
2024-10-21 11:58:53.954515456+00:00,2024-10-21 11:58:53.954515456+00:00,10,2,38,A,B,1,233.68,100,130,166408,11589606,AAPL,0,100,-36.897068066204845
2024-10-21 11:58:53.954518683+00:00,2024-10-21 11:58:53.954518683+00:00,10,2,38,A,B,1,233.68,100,130,168207,11589607,AAPL,0,100,-36.897068066204845
2024-10-21 11:58:53.954521070+00:00,2024-10-21 11:58:53.954521070+00:00,10,2,38,A,B,0,233.7,40,130,167226,11589608,AAPL,40,40,-43.070024483408936
2024-10-21 11:58:53.954534910+00:00,2024-10-21 11:58:53.954534910+00:00,10,2,38,C,A,4,233.84,400,130,165611,11589609,AAPL,0,1225,75.72373758826441
2024-10-21 11:58:53.954535707+00:00,2024-10-21 11:58:53.954535707+00:00,10,2,38,A,B,2,233.67,40,130,166263,11589610,AAPL,0,702,50.13529220802478
2024-10-21 11:58:53.954546864+00:00,2024-10-21 11:58:53.954546864+00:00,10,2,38,C,B,1,233.68,100,130,166770,11589611,AAPL,0,-100,-50.54274847119126
2024-10-21 11:58:53.954549208+00:00,2024-10-21 11:58:53.954549208+00:00,10,2,38,C,B,0,233.7,100,130,165612,11589612,AAPL,-100,-100,-45.34461773192085
2024-10-21 11:58:53.954555754+00:00,2024-10-21 11:58:53.954555754+00:00,10,2,38,T,N,0,233.74,110,130,168989,11589613,AAPL,0,0,-43.71990826869805
2024-10-21 11:58:53.954564591+00:00,2024-10-21 11:58:53.954564591+00:00,10,2,38,C,B,1,233.68,100,130,167360,11589614,AAPL,0,-100,-50.54274847119126
2024-10-21 11:58:53.954570870+00:00,2024-10-21 11:58:53.954570870+00:00,10,2,38,C,B,1,233.68,100,130,166858,11589615,AAPL,0,-100,-50.54274847119126
2024-10-21 11:58:53.954666995+00:00,2024-10-21 11:58:53.954666995+00:00,10,2,38,C,B,3,233.66,100,130,165825,11589616,AAPL,0,-662,-133.28776182409808
2024-10-21 11:58:53.954950395+00:00,2024-10-21 11:58:53.954950395+00:00,10,2,38,C,B,1,233.68,100,130,165751,11589618,AAPL,0,-712,-126.43728494881844
2024-10-21 11:58:54.013566047+00:00,2024-10-21 11:58:54.013566047+00:00,10,2,38,A,A,4,233.84,200,130,166375,11590027,AAPL,0,1025,47.62268056780831
2024-10-21 11:58:54.013589130+00:00,2024-10-21 11:58:54.013589130+00:00,10,2,38,C,A,4,233.84,200,130,166129,11590028,AAPL,0,1025,47.62268056780831
2024-10-21 11:58:54.021444014+00:00,2024-10-21 11:58:54.021444014+00:00,10,2,38,A,A,4,233.84,200,130,166362,11590029,AAPL,0,1025,47.62268056780831
2024-10-21 11:58:54.043347922+00:00,2024-10-21 11:58:54.043347922+00:00,10,2,38,A,A,4,233.84,200,130,166889,11590054,AAPL,0,200,-15.618851248241953
2024-10-21 11:58:54.063766628+00:00,2024-10-21 11:58:54.063766628+00:00,10,2,38,C,B,1,233.67,40,130,165811,11590066,AAPL,0,-722,-151.64761550829405
2024-10-21 11:58:54.213766156+00:00,2024-10-21 11:58:54.213766156+00:00,10,2,38,C,B,0,233.7,40,130,165899,11590218,AAPL,-40,-822,-121.95149940572578
2024-10-21 11:58:58.704657287+00:00,2024-10-21 11:58:58.704657287+00:00,10,2,38,A,B,2,233.54,26,130,166916,11592894,AAPL,0,407,-6.293123033352556
2024-10-21 11:58:58.704745556+00:00,2024-10-21 11:58:58.704745556+00:00,10,2,38,C,B,4,233.5,26,130,166044,11592895,AAPL,0,-371,-76.28322487674556
2024-10-21 11:58:58.758409305+00:00,2024-10-21 11:58:58.758409305+00:00,10,2,38,C,B,1,233.56,200,130,166085,11592914,AAPL,0,-200,-57.36558867368446
2024-10-21 11:58:58.758422757+00:00,2024-10-21 11:58:58.758422757+00:00,10,2,38,A,B,1,233.61,200,130,166602,11592915,AAPL,0,200,-30.074227863711645
2024-10-21 11:58:58.912375357+00:00,2024-10-21 11:58:58.912375357+00:00,10,2,38,A,B,0,233.66,100,130,166666,11592972,AAPL,100,682,15.124398383513924
2024-10-21 11:58:58.912551174+00:00,2024-10-21 11:58:58.912551174+00:00,10,2,38,T,B,0,233.75,1,0,168192,11592975,AAPL,0,0,-43.71990826869805
2024-10-21 11:58:58.912551174+00:00,2024-10-21 11:58:58.912551174+00:00,10,2,38,T,B,0,233.75,200,130,168192,11592976,AAPL,-1,-1,-43.736155363330276
2024-10-21 11:58:58.912551174+00:00,2024-10-21 11:58:58.912551174+00:00,10,2,38,C,A,0,233.75,200,130,168192,11592976,AAPL,200,1608,100.7882675069654
2024-10-21 11:58:58.912577219+00:00,2024-10-21 11:58:58.912577219+00:00,10,2,38,A,B,0,233.68,100,130,167585,11592979,AAPL,100,772,26.559582026110377
2024-10-21 11:58:58.912588388+00:00,2024-10-21 11:58:58.912588388+00:00,10,2,38,A,B,1,233.68,100,130,166711,11592981,AAPL,0,200,-30.074227863711645
2024-10-21 11:58:58.912594900+00:00,2024-10-21 11:58:58.912594900+00:00,10,2,38,A,B,1,233.7,38,130,166650,11592982,AAPL,0,900,62.663978299099114
2024-10-21 11:58:58.912609151+00:00,2024-10-21 11:58:58.912609151+00:00,10,2,38,A,B,3,233.67,38,130,167268,11592984,AAPL,0,390,1.2307238832443643
2024-10-21 11:58:58.912613899+00:00,2024-10-21 11:58:58.912613899+00:00,10,2,38,C,B,2,233.68,100,130,165753,11592985,AAPL,0,-100,-54.438275572005054
2024-10-21 11:58:58.912617614+00:00,2024-10-21 11:58:58.912617614+00:00,10,2,38,C,A,3,233.84,200,130,165939,11592986,AAPL,0,-200,-85.25377083746139
2024-10-21 11:58:58.912620981+00:00,2024-10-21 11:58:58.912620981+00:00,10,2,38,C,B,0,233.71,100,130,165820,11592987,AAPL,-100,-828,-125.04303107073167
2024-10-21 11:58:58.912628049+00:00,2024-10-21 11:58:58.912628049+00:00,10,2,38,C,A,3,233.84,200,130,166159,11592988,AAPL,0,1026,80.97624151700414
2024-10-21 11:58:58.912639087+00:00,2024-10-21 11:58:58.912639087+00:00,10,2,38,C,B,1,233.68,100,130,165705,11592990,AAPL,0,-100,-50.54274847119126
2024-10-21 11:58:58.912642543+00:00,2024-10-21 11:58:58.912642543+00:00,10,2,38,C,B,1,233.68,100,130,165848,11592991,AAPL,0,-100,-50.54274847119126
2024-10-21 11:58:58.912684059+00:00,2024-10-21 11:58:58.912684059+00:00,10,2,38,C,B,3,233.66,100,130,165787,11592992,AAPL,0,-462,-104.63764634631983
2024-10-21 11:58:58.912954809+00:00,2024-10-21 11:58:58.912954809+00:00,10,2,38,C,B,1,235.0,1000,130,165750,11592994,AAPL,0,-510,-98.90646116974015
2024-10-21 11:58:58.926466671+00:00,2024-10-21 11:58:58.926466671+00:00,10,2,38,A,A,3,233.85,200,130,166387,11593007,AAPL,0,1026,80.97624151700414
2024-10-21 11:58:58.945466491+00:00,2024-10-21 11:58:58.945466491+00:00,10,2,38,A,A,3,233.85,200,130,166324,11593017,AAPL,0,200,-2.186045699934712
2024-10-21 11:58:58.980196081+00:00,2024-10-21 11:58:58.980196081+00:00,10,2,38,C,A,3,233.85,200,130,165900,11593035,AAPL,0,-200,-85.25377083746139
2024-10-21 11:58:58.980205607+00:00,2024-10-21 11:58:58.980205607+00:00,10,2,38,C,A,3,233.85,200,130,165677,11593036,AAPL,0,1026,80.97624151700414
2024-10-21 11:58:58.983388525+00:00,2024-10-21 11:58:58.983388525+00:00,10,2,38,C,B,3,233.61,200,130,166293,11593038,AAPL,0,-481,-107.20454751672887
2024-10-21 11:58:58.983400771+00:00,2024-10-21 11:58:58.983400771+00:00,10,2,38,A,B,3,233.56,400,130,166505,11593039,AAPL,0,681,61.29859354809609
2024-10-21 11:58:59.013763041+00:00,2024-10-21 11:58:59.013763041+00:00,10,2,38,C,B,1,233.67,38,130,166379,11593062,AAPL,0,-720,-151.4382730354727
2024-10-21 11:58:59.013823110+00:00,2024-10-21 11:58:59.013823110+00:00,10,2,38,A,A,3,233.85,200,130,166295,11593063,AAPL,0,1026,80.97624151700414
2024-10-21 11:58:59.163763153+00:00,2024-10-21 11:58:59.163763153+00:00,10,2,38,C,B,0,233.7,38,130,166133,11593111,AAPL,-38,-820,-122.99362966032591
2024-10-21 11:59:00.168228588+00:00,2024-10-21 11:59:00.168228588+00:00,10,2,38,C,B,2,233.54,26,130,166115,11594290,AAPL,0,-436,-87.60582193264285
2024-10-21 11:59:00.168269867+00:00,2024-10-21 11:59:00.168269867+00:00,10,2,38,A,B,2,233.55,30,130,166353,11594291,AAPL,0,440,0.5947400873790246
2024-10-21 11:59:00.853830846+00:00,2024-10-21 11:59:00.853830846+00:00,10,2,38,A,A,3,233.84,200,130,166909,11595138,AAPL,0,200,-2.186045699934712
2024-10-21 11:59:01.071525039+00:00,2024-10-21 11:59:01.071525039+00:00,10,2,38,C,B,1,233.56,400,130,166268,11595523,AAPL,0,-840,-115.32591743474795
2024-10-21 11:59:01.071537379+00:00,2024-10-21 11:59:01.071537379+00:00,10,2,38,A,B,2,233.54,400,130,166036,11595524,AAPL,0,810,40.25269910961492
2024-10-21 11:59:01.127333717+00:00,2024-10-21 11:59:01.127333717+00:00,10,2,38,A,A,3,233.83,200,130,166286,11595689,AAPL,0,200,-2.186045699934712
2024-10-21 11:59:01.141872098+00:00,2024-10-21 11:59:01.141872098+00:00,10,2,38,C,A,3,233.83,200,130,165900,11595742,AAPL,0,1026,80.97624151700414
2024-10-21 11:59:01.141884696+00:00,2024-10-21 11:59:01.141884696+00:00,10,2,38,A,A,3,233.89,400,130,166735,11595743,AAPL,0,1226,122.5101040857675
2024-10-21 11:59:01.197001468+00:00,2024-10-21 11:59:01.197001468+00:00,10,2,38,A,B,1,233.55,400,130,167103,11595894,AAPL,0,-410,-100.40115483703822
2024-10-21 11:59:01.197013688+00:00,2024-10-21 11:59:01.197013688+00:00,10,2,38,A,A,3,233.84,200,130,166401,11595895,AAPL,0,200,-2.186045699934712
2024-10-21 11:59:01.308608556+00:00,2024-10-21 11:59:01.308608556+00:00,10,2,38,A,A,3,233.83,200,130,166347,11596082,AAPL,0,200,-2.186045699934712
2024-10-21 11:59:01.341702894+00:00,2024-10-21 11:59:01.341702894+00:00,10,2,38,C,B,1,233.55,30,130,165906,11596156,AAPL,0,-30,-45.766760329446015
2024-10-21 11:59:01.341757997+00:00,2024-10-21 11:59:01.341757997+00:00,10,2,38,A,B,2,233.53,27,130,166078,11596157,AAPL,0,27,-40.82594909680516
2024-10-21 11:59:01.498729008+00:00,2024-10-21 11:59:01.498729008+00:00,10,2,38,A,B,1,233.59,200,130,166481,11596259,AAPL,0,200,-30.074227863711645
2024-10-21 11:59:01.983695936+00:00,2024-10-21 11:59:01.983695936+00:00,10,2,38,A,B,1,233.59,200,130,166045,11596500,AAPL,0,200,-30.074227863711645
2024-10-21 11:59:02.037392833+00:00,2024-10-21 11:59:02.037392833+00:00,10,2,38,C,B,1,233.59,200,130,166417,11596603,AAPL,0,-200,-57.36558867368446
2024-10-21 11:59:02.037405330+00:00,2024-10-21 11:59:02.037405330+00:00,10,2,38,A,B,1,233.6,200,130,166397,11596604,AAPL,0,200,-30.074227863711645
2024-10-21 11:59:02.587275146+00:00,2024-10-21 11:59:02.587275146+00:00,10,2,38,A,B,1,233.61,200,130,166038,11596977,AAPL,0,200,-30.074227863711645
2024-10-21 11:59:05.075636621+00:00,2024-10-21 11:59:05.075636621+00:00,10,2,38,C,A,3,233.83,200,130,165883,11598871,AAPL,0,1026,80.97624151700414
2024-10-21 11:59:05.075648273+00:00,2024-10-21 11:59:05.075648273+00:00,10,2,38,A,A,3,233.85,200,130,166360,11598872,AAPL,0,1026,80.97624151700414
2024-10-21 11:59:05.129969945+00:00,2024-10-21 11:59:05.129969945+00:00,10,2,38,A,B,1,233.62,200,130,166118,11598935,AAPL,0,200,-30.074227863711645
2024-10-21 11:59:05.149534519+00:00,2024-10-21 11:59:05.149534519+00:00,10,2,38,C,B,2,233.53,27,130,166384,11599037,AAPL,0,-27,-46.613867440590944
2024-10-21 11:59:05.149624943+00:00,2024-10-21 11:59:05.149624943+00:00,10,2,38,A,B,2,233.54,27,130,167049,11599038,AAPL,0,437,0.27318906827981243
2024-10-21 11:59:22.128191719+00:00,2024-10-21 11:59:22.128191719+00:00,10,2,38,C,B,1,233.62,200,130,166046,11607753,AAPL,0,-637,-101.35868601066234
2024-10-21 11:59:22.128203635+00:00,2024-10-21 11:59:22.128203635+00:00,10,2,38,A,B,1,233.6,200,130,166483,11607754,AAPL,0,637,13.91886947326622
2024-10-21 11:59:22.227115805+00:00,2024-10-21 11:59:22.227115805+00:00,10,2,38,A,B,1,233.61,200,130,167113,11607900,AAPL,0,200,-30.074227863711645
2024-10-21 11:59:22.702793943+00:00,2024-10-21 11:59:22.702793943+00:00,10,2,38,C,B,1,233.61,200,130,166101,11608195,AAPL,0,-637,-101.35868601066234
2024-10-21 11:59:22.702805375+00:00,2024-10-21 11:59:22.702805375+00:00,10,2,38,A,B,1,233.59,200,130,166674,11608196,AAPL,0,637,13.91886947326622
2024-10-21 11:59:22.748399070+00:00,2024-10-21 11:59:22.748399070+00:00,10,2,38,A,A,3,233.84,200,130,166609,11608273,AAPL,0,200,-2.186045699934712
2024-10-21 11:59:24.992210687+00:00,2024-10-21 11:59:24.992210687+00:00,10,2,38,A,A,3,233.84,200,130,166890,11609787,AAPL,0,200,-2.186045699934712
2024-10-21 11:59:29.283276904+00:00,2024-10-21 11:59:29.283276904+00:00,10,2,38,C,A,3,233.84,200,130,166018,11611911,AAPL,0,-200,-85.25377083746139
2024-10-21 11:59:29.283287223+00:00,2024-10-21 11:59:29.283287223+00:00,10,2,38,C,A,3,233.84,200,130,165948,11611912,AAPL,0,1026,80.97624151700414
2024-10-21 11:59:29.283298495+00:00,2024-10-21 11:59:29.283298495+00:00,10,2,38,A,A,3,233.89,400,130,166042,11611913,AAPL,0,1226,122.5101040857675
2024-10-21 11:59:29.341806485+00:00,2024-10-21 11:59:29.341806485+00:00,10,2,38,A,A,3,233.88,400,130,166500,11611985,AAPL,0,400,39.34781686882863
2024-10-21 11:59:29.368105783+00:00,2024-10-21 11:59:29.368105783+00:00,10,2,38,A,A,3,233.83,400,130,166306,11612038,AAPL,0,400,39.34781686882863
2024-10-21 11:59:29.441553398+00:00,2024-10-21 11:59:29.441553398+00:00,10,2,38,A,A,4,233.89,28,130,166467,11612272,AAPL,0,853,23.45577153021606
2024-10-21 11:59:29.441648558+00:00,2024-10-21 11:59:29.441648558+00:00,10,2,38,C,A,5,233.9,27,130,166795,11612275,AAPL,0,825,19.521623547352206
2024-10-21 11:59:29.504292026+00:00,2024-10-21 11:59:29.504292026+00:00,10,2,38,A,B,1,233.59,200,130,166398,11612308,AAPL,0,200,-30.074227863711645
2024-10-21 11:59:29.550327634+00:00,2024-10-21 11:59:29.550327634+00:00,10,2,38,C,B,1,233.59,200,130,166045,11612321,AAPL,0,-200,-57.36558867368446
2024-10-21 11:59:29.550340581+00:00,2024-10-21 11:59:29.550340581+00:00,10,2,38,A,B,1,233.6,200,130,166512,11612322,AAPL,0,200,-30.074227863711645
2024-10-21 11:59:30.102712999+00:00,2024-10-21 11:59:30.102712999+00:00,10,2,38,T,B,0,233.77,8,130,167518,11612948,AAPL,0,0,-43.71990826869805
2024-10-21 11:59:30.102712999+00:00,2024-10-21 11:59:30.102712999+00:00,10,2,38,C,A,0,233.77,8,130,167518,11612948,AAPL,8,1410,135.69443825749414
2024-10-21 11:59:30.102735583+00:00,2024-10-21 11:59:30.102735583+00:00,10,2,38,A,B,0,233.68,100,130,166729,11612949,AAPL,100,683,15.332067696357743
2024-10-21 11:59:30.102746947+00:00,2024-10-21 11:59:30.102746947+00:00,10,2,38,A,B,0,233.68,100,130,166399,11612950,AAPL,100,100,-42.095198805475256
2024-10-21 11:59:30.102753002+00:00,2024-10-21 11:59:30.102753002+00:00,10,2,38,A,B,0,233.71,23,130,166152,11612951,AAPL,23,706,34.03178351899577
2024-10-21 11:59:30.102766235+00:00,2024-10-21 11:59:30.102766235+00:00,10,2,38,A,B,2,233.67,23,130,166315,11612953,AAPL,0,396,3.1811099737552757
2024-10-21 11:59:30.102781049+00:00,2024-10-21 11:59:30.102781049+00:00,10,2,38,C,B,1,233.68,100,130,166047,11612954,AAPL,0,-100,-50.54274847119126
2024-10-21 11:59:30.102784354+00:00,2024-10-21 11:59:30.102784354+00:00,10,2,38,C,B,1,233.68,100,130,166264,11612955,AAPL,0,-496,-97.44376671364459
2024-10-21 11:59:30.166940785+00:00,2024-10-21 11:59:30.166940785+00:00,10,2,38,C,A,2,233.83,200,130,166349,11613018,AAPL,0,-200,-65.15664287531204
2024-10-21 11:59:30.203764599+00:00,2024-10-21 11:59:30.203764599+00:00,10,2,38,C,B,1,233.67,23,130,165923,11613033,AAPL,0,-506,-109.02148972143765
2024-10-21 11:59:30.353763576+00:00,2024-10-21 11:59:30.353763576+00:00,10,2,38,C,B,0,233.71,23,130,165836,11613099,AAPL,-23,-606,-101.5208579470723
2024-10-21 11:59:33.214948750+00:00,2024-10-21 11:59:33.214948750+00:00,10,2,38,A,B,1,233.6,200,130,166215,11614193,AAPL,0,200,-30.074227863711645
2024-10-21 11:59:33.268596579+00:00,2024-10-21 11:59:33.268596579+00:00,10,2,38,C,B,1,233.6,200,130,166234,11614270,AAPL,0,-200,-57.36558867368446
2024-10-21 11:59:40.586082406+00:00,2024-10-21 11:59:40.586082406+00:00,10,2,38,A,B,0,233.77,1,130,166408,11618353,AAPL,1,584,13.723605327767178
2024-10-21 11:59:40.711462280+00:00,2024-10-21 11:59:40.711462280+00:00,10,2,38,T,A,0,233.77,1,130,167409,11618393,AAPL,0,0,-43.71990826869805
2024-10-21 11:59:40.711462280+00:00,2024-10-21 11:59:40.711462280+00:00,10,2,38,C,B,0,233.77,1,130,167409,11618393,AAPL,-1,-584,-101.16342186516329
2024-10-21 11:59:44.915756078+00:00,2024-10-21 11:59:44.915756078+00:00,10,2,38,A,B,1,233.61,200,130,166751,11621712,AAPL,0,200,-30.074227863711645
2024-10-21 11:59:56.140334654+00:00,2024-10-21 11:59:56.140334654+00:00,10,2,38,C,B,1,233.61,200,130,165859,11629360,AAPL,0,-637,-101.35868601066234
2024-10-21 11:59:56.140348516+00:00,2024-10-21 11:59:56.140348516+00:00,10,2,38,A,B,1,233.59,200,130,166597,11629361,AAPL,0,637,13.91886947326622
2024-10-21 11:59:56.303825659+00:00,2024-10-21 11:59:56.303825659+00:00,10,2,38,C,A,2,233.83,200,130,165832,11629887,AAPL,0,1627,97.50547701037273
2024-10-21 11:59:56.303838548+00:00,2024-10-21 11:59:56.303838548+00:00,10,2,38,A,A,2,233.85,200,130,166319,11629888,AAPL,0,1627,97.50547701037273
2024-10-21 11:59:56.366678187+00:00,2024-10-21 11:59:56.366678187+00:00,10,2,38,A,A,2,233.84,200,130,166317,11630234,AAPL,0,200,-22.28317366208405
2024-10-21 11:59:56.374323675+00:00,2024-10-21 11:59:56.374323675+00:00,10,2,38,C,A,3,233.89,28,130,165870,11630290,AAPL,0,1427,76.06874240375875
2024-10-21 11:59:56.374379339+00:00,2024-10-21 11:59:56.374379339+00:00,10,2,38,A,A,3,233.92,27,130,166182,11630291,AAPL,0,1426,75.86107309091493
2024-10-21 11:59:57.076259289+00:00,2024-10-21 11:59:57.076259289+00:00,10,2,38,C,A,3,233.92,27,130,165909,11631174,AAPL,0,1426,75.86107309091493
2024-10-21 11:59:57.076314960+00:00,2024-10-21 11:59:57.076314960+00:00,10,2,38,A,A,3,233.91,26,130,166329,11631175,AAPL,0,1425,75.65340377807111
2024-10-21 11:59:57.121796841+00:00,2024-10-21 11:59:57.121796841+00:00,10,2,38,A,B,1,233.61,200,130,166422,11631246,AAPL,0,200,-30.074227863711645
2024-10-21 11:59:58.069271668+00:00,2024-10-21 11:59:58.069271668+00:00,10,2,38,C,B,1,233.61,200,130,165863,11632068,AAPL,0,-637,-101.35868601066234
2024-10-21 11:59:58.069284093+00:00,2024-10-21 11:59:58.069284093+00:00,10,2,38,A,B,1,233.59,200,130,166213,11632069,AAPL,0,637,13.91886947326622
2024-10-21 12:00:01.682008523+00:00,2024-10-21 12:00:01.682008523+00:00,10,2,38,C,A,3,233.91,26,130,165930,11639355,AAPL,0,1425,75.65340377807111
2024-10-21 12:00:01.682052966+00:00,2024-10-21 12:00:01.682052966+00:00,10,2,38,A,A,3,233.9,26,130,172942,11639356,AAPL,0,1425,75.65340377807111
2024-10-21 12:00:01.884638806+00:00,2024-10-21 12:00:01.884638806+00:00,10,2,38,A,B,1,233.61,200,130,166276,11639901,AAPL,0,200,-30.074227863711645
2024-10-21 12:00:02.064285089+00:00,2024-10-21 12:00:02.064285089+00:00,10,2,38,C,B,1,233.61,200,130,166064,11640243,AAPL,0,-637,-101.35868601066234
2024-10-21 12:00:02.160356498+00:00,2024-10-21 12:00:02.160356498+00:00,10,2,38,C,B,1,233.54,27,130,166300,11640336,AAPL,0,-438,-89.39698781679932
2024-10-21 12:00:02.160444679+00:00,2024-10-21 12:00:02.160444679+00:00,10,2,38,A,B,2,233.49,26,130,166229,11640337,AAPL,0,427,1.8299431932591654
2024-10-21 12:00:02.178747608+00:00,2024-10-21 12:00:02.178747608+00:00,10,2,38,A,B,3,233.48,400,130,166290,11640354,AAPL,0,800,78.37026190547543
2024-10-21 12:00:02.219875510+00:00,2024-10-21 12:00:02.219875510+00:00,10,2,38,A,B,1,233.56,200,130,167279,11640428,AAPL,0,236,-23.60298899944171
2024-10-21 12:00:02.605471012+00:00,2024-10-21 12:00:02.605471012+00:00,10,2,38,A,A,2,233.84,200,130,166423,11641451,AAPL,0,200,-22.28317366208405
2024-10-21 12:00:02.834037742+00:00,2024-10-21 12:00:02.834037742+00:00,10,2,38,A,B,1,233.56,200,130,166371,11642029,AAPL,0,200,-30.074227863711645
2024-10-21 12:00:03.047639596+00:00,2024-10-21 12:00:03.047639596+00:00,10,2,38,C,B,1,233.56,200,130,166093,11642521,AAPL,0,-200,-57.36558867368446
2024-10-21 12:00:03.047650452+00:00,2024-10-21 12:00:03.047650452+00:00,10,2,38,C,B,1,233.56,200,130,165796,11642522,AAPL,0,-636,-102.8592725746012
2024-10-21 12:00:03.057465668+00:00,2024-10-21 12:00:03.057465668+00:00,10,2,38,A,B,1,233.55,200,130,166510,11642541,AAPL,0,636,15.419456037205098
2024-10-21 12:00:03.060752951+00:00,2024-10-21 12:00:03.060752951+00:00,10,2,38,C,B,1,233.55,200,130,166067,11642554,AAPL,0,-636,-102.8592725746012
2024-10-21 12:00:03.162897564+00:00,2024-10-21 12:00:03.162897564+00:00,10,2,38,A,B,1,233.55,400,130,166537,11642717,AAPL,0,836,29.065136442191502
2024-10-21 12:00:03.902053598+00:00,2024-10-21 12:00:03.902053598+00:00,10,2,38,A,B,1,233.56,400,130,166655,11643778,AAPL,0,400,-16.428547458725237
2024-10-21 12:00:04.046818528+00:00,2024-10-21 12:00:04.046818528+00:00,10,2,38,C,B,1,233.56,400,130,166187,11644129,AAPL,0,-836,-116.5049529795876
2024-10-21 12:00:04.147280360+00:00,2024-10-21 12:00:04.147280360+00:00,10,2,38,A,B,1,233.56,400,130,166328,11644350,AAPL,0,836,29.065136442191502
2024-10-21 12:00:06.012108650+00:00,2024-10-21 12:00:06.012108650+00:00,10,2,38,C,B,1,233.56,400,130,166231,11647927,AAPL,0,-836,-116.5049529795876
2024-10-21 12:00:06.012122140+00:00,2024-10-21 12:00:06.012122140+00:00,10,2,38,A,B,2,233.52,200,130,166660,11647928,AAPL,0,626,22.138673508502
2024-10-21 12:00:06.101295300+00:00,2024-10-21 12:00:06.101295300+00:00,10,2,38,C,B,2,233.52,200,130,166093,11648114,AAPL,0,-626,-109.57849004589809
2024-10-21 12:00:06.101307454+00:00,2024-10-21 12:00:06.101307454+00:00,10,2,38,A,B,2,233.5,400,130,166341,11648115,AAPL,0,826,43.575408115116
2024-10-21 12:00:07.067376608+00:00,2024-10-21 12:00:07.067376608+00:00,10,2,38,T,A,0,233.65,1,130,168239,11649200,AAPL,0,0,-43.71990826869805
2024-10-21 12:00:07.067376608+00:00,2024-10-21 12:00:07.067376608+00:00,10,2,38,C,B,0,233.65,1,130,168239,11649200,AAPL,-1,-837,-131.71375576739365
2024-10-21 12:00:07.067419673+00:00,2024-10-21 12:00:07.067419673+00:00,10,2,38,A,A,0,233.72,19,130,166703,11649202,AAPL,19,1419,135.59214572824408
2024-10-21 12:00:07.067421371+00:00,2024-10-21 12:00:07.067421371+00:00,10,2,38,C,B,1,233.5,200,130,166190,11649203,AAPL,0,-200,-57.36558867368446
2024-10-21 12:00:07.067467022+00:00,2024-10-21 12:00:07.067467022+00:00,10,2,38,A,A,1,233.76,19,130,166121,11649204,AAPL,0,1418,98.14430036339353
2024-10-21 12:00:07.086677914+00:00,2024-10-21 12:00:07.086677914+00:00,10,2,38,A,B,1,233.5,200,130,166384,11649237,AAPL,0,200,-30.074227863711645
2024-10-21 12:00:07.088999005+00:00,2024-10-21 12:00:07.088999005+00:00,10,2,38,C,B,1,233.5,200,130,166011,11649239,AAPL,0,-200,-57.36558867368446
2024-10-21 12:00:07.089009480+00:00,2024-10-21 12:00:07.089009480+00:00,10,2,38,C,B,1,233.5,200,130,165940,11649240,AAPL,0,-627,-102.91544013564169
2024-10-21 12:00:07.149589050+00:00,2024-10-21 12:00:07.149589050+00:00,10,2,38,C,B,1,233.49,26,130,166375,11649363,AAPL,0,-477,-103.9711009117211
2024-10-21 12:00:07.149680427+00:00,2024-10-21 12:00:07.149680427+00:00,10,2,38,A,B,2,233.43,29,130,166677,11649364,AAPL,0,465,16.25791734413972
2024-10-21 12:00:07.173766393+00:00,2024-10-21 12:00:07.173766393+00:00,10,2,38,C,A,1,233.76,19,130,166263,11649378,AAPL,0,1418,98.14430036339353
2024-10-21 12:00:07.190951663+00:00,2024-10-21 12:00:07.190951663+00:00,10,2,38,A,B,2,233.44,200,130,166472,11649387,AAPL,0,615,23.387272680826786
2024-10-21 12:00:07.323764357+00:00,2024-10-21 12:00:07.323764357+00:00,10,2,38,C,A,0,233.72,19,130,166405,11649551,AAPL,19,1419,135.59214572824408
2024-10-21 12:00:07.337509459+00:00,2024-10-21 12:00:07.337509459+00:00,10,2,38,A,B,2,233.44,200,130,166516,11649571,AAPL,0,200,-22.28317366208405
2024-10-21 12:00:07.338114020+00:00,2024-10-21 12:00:07.338114020+00:00,10,2,38,C,B,2,233.44,200,130,166038,11649572,AAPL,0,-200,-65.15664287531204
2024-10-21 12:00:07.646720038+00:00,2024-10-21 12:00:07.646720038+00:00,10,2,38,T,N,0,233.66,38,130,167056,11649813,AAPL,0,0,-43.71990826869805
2024-10-21 12:00:07.956169614+00:00,2024-10-21 12:00:07.956169614+00:00,10,2,38,A,B,2,233.44,200,130,166731,11650434,AAPL,0,200,-22.28317366208405
2024-10-21 12:00:07.965852395+00:00,2024-10-21 12:00:07.965852395+00:00,10,2,38,C,A,2,233.84,200,130,166035,11650499,AAPL,0,-200,-65.15664287531204
2024-10-21 12:00:07.965864571+00:00,2024-10-21 12:00:07.965864571+00:00,10,2,38,A,A,2,233.83,400,130,166389,11650500,AAPL,0,400,-0.84643905547005
2024-10-21 12:00:08.010134216+00:00,2024-10-21 12:00:08.010134216+00:00,10,2,38,C,B,2,233.44,200,130,166114,11650572,AAPL,0,-200,-65.15664287531204
2024-10-21 12:00:08.010145977+00:00,2024-10-21 12:00:08.010145977+00:00,10,2,38,A,B,1,233.45,200,130,166290,11650573,AAPL,0,-415,-97.18140881323647
2024-10-21 12:00:08.944714285+00:00,2024-10-21 12:00:08.944714285+00:00,10,2,38,C,A,3,233.9,26,130,165997,11651577,AAPL,0,1425,75.65340377807111
2024-10-21 12:00:08.944755705+00:00,2024-10-21 12:00:08.944755705+00:00,10,2,38,A,A,3,233.89,27,130,166361,11651579,AAPL,0,1426,75.86107309091493
2024-10-21 12:00:11.760000282+00:00,2024-10-21 12:00:11.760000282+00:00,10,2,38,A,B,1,233.46,200,130,167050,11654094,AAPL,0,630,17.20397357469524
2024-10-21 12:00:14.055732875+00:00,2024-10-21 12:00:14.055732875+00:00,10,2,38,C,B,1,233.46,200,130,166455,11656987,AAPL,0,-630,-104.64379011209135
2024-10-21 12:00:14.158979266+00:00,2024-10-21 12:00:14.158979266+00:00,10,2,38,A,B,1,233.45,200,130,167338,11657107,AAPL,0,200,-30.074227863711645
2024-10-21 12:00:14.450532708+00:00,2024-10-21 12:00:14.450532708+00:00,10,2,38,T,N,0,233.65,38,130,167121,11657642,AAPL,0,0,-43.71990826869805
2024-10-21 12:00:15.203702787+00:00,2024-10-21 12:00:15.203702787+00:00,10,2,38,T,N,0,233.66,38,130,167887,11658325,AAPL,0,0,-43.71990826869805
2024-10-21 12:00:15.819869942+00:00,2024-10-21 12:00:15.819869942+00:00,10,2,38,C,B,1,233.45,200,130,166237,11659423,AAPL,0,-200,-57.36558867368446
2024-10-21 12:00:15.819882720+00:00,2024-10-21 12:00:15.819882720+00:00,10,2,38,A,B,2,233.43,200,130,166122,11659424,AAPL,0,200,-22.28317366208405
2024-10-21 12:00:15.838554673+00:00,2024-10-21 12:00:15.838554673+00:00,10,2,38,A,A,2,233.82,400,130,166624,11659500,AAPL,0,400,-0.84643905547005
2024-10-21 12:00:15.866578232+00:00,2024-10-21 12:00:15.866578232+00:00,10,2,38,C,B,2,233.43,29,130,166034,11659636,AAPL,0,-29,-46.828234786657084
2024-10-21 12:00:15.866633819+00:00,2024-10-21 12:00:15.866633819+00:00,10,2,38,A,B,3,233.41,26,130,166296,11659637,AAPL,0,412,1.3275301356813287
2024-10-21 12:00:15.951171652+00:00,2024-10-21 12:00:15.951171652+00:00,10,2,38,C,A,3,233.89,27,130,166298,11659913,AAPL,0,1426,75.86107309091493
2024-10-21 12:00:15.951251227+00:00,2024-10-21 12:00:15.951251227+00:00,10,2,38,A,A,3,233.88,27,130,166455,11659915,AAPL,0,1426,75.86107309091493
2024-10-21 12:00:16.054719712+00:00,2024-10-21 12:00:16.054719712+00:00,10,2,38,C,B,2,233.43,200,130,166056,11660064,AAPL,0,-612,-110.20408127969145
2024-10-21 12:00:16.157998016+00:00,2024-10-21 12:00:16.157998016+00:00,10,2,38,A,B,2,233.43,200,130,166684,11660229,AAPL,0,612,22.76426474229534
2024-10-21 12:00:16.338916301+00:00,2024-10-21 12:00:16.338916301+00:00,10,2,38,A,B,2,233.43,200,130,166501,11660347,AAPL,0,200,-22.28317366208405
2024-10-21 12:00:16.393554950+00:00,2024-10-21 12:00:16.393554950+00:00,10,2,38,C,B,2,233.43,200,130,166085,11660378,AAPL,0,-200,-65.15664287531204
2024-10-21 12:00:16.393566799+00:00,2024-10-21 12:00:16.393566799+00:00,10,2,38,A,B,2,233.44,200,130,166415,11660379,AAPL,0,200,-22.28317366208405
2024-10-21 12:00:30.257881806+00:00,2024-10-21 12:00:30.257881806+00:00,10,2,38,A,B,1,233.45,200,130,166804,11677039,AAPL,0,-412,-96.55840087470504
2024-10-21 12:00:31.949871042+00:00,2024-10-21 12:00:31.949871042+00:00,10,2,38,C,B,1,233.45,200,130,166251,11678778,AAPL,0,-200,-57.36558867368446
2024-10-21 12:00:31.949883226+00:00,2024-10-21 12:00:31.949883226+00:00,10,2,38,A,B,2,233.44,200,130,166379,11678779,AAPL,0,612,22.76426474229534
2024-10-21 12:00:34.385769828+00:00,2024-10-21 12:00:34.385769828+00:00,10,2,38,A,B,1,233.45,200,130,166390,11681405,AAPL,0,-412,-96.55840087470504
2024-10-21 12:00:34.427987983+00:00,2024-10-21 12:00:34.427987983+00:00,10,2,38,C,B,2,233.41,26,130,166058,11681603,AAPL,0,-462,-103.37618286243661
2024-10-21 12:00:34.428063663+00:00,2024-10-21 12:00:34.428063663+00:00,10,2,38,A,B,2,233.42,28,130,166666,11681604,AAPL,0,464,16.150733671106654
2024-10-21 12:00:35.519789038+00:00,2024-10-21 12:00:35.519789038+00:00,10,2,38,C,B,1,233.45,200,130,166008,11682997,AAPL,0,-200,-57.36558867368446
2024-10-21 12:00:35.519800735+00:00,2024-10-21 12:00:35.519800735+00:00,10,2,38,A,B,2,233.44,200,130,166400,11682998,AAPL,0,614,23.179603367982967
2024-10-21 12:00:40.233143021+00:00,2024-10-21 12:00:40.233143021+00:00,10,2,38,A,A,2,233.81,400,130,166623,11688061,AAPL,0,400,-0.84643905547005
2024-10-21 12:00:40.246039339+00:00,2024-10-21 12:00:40.246039339+00:00,10,2,38,C,B,2,233.44,200,130,166139,11688185,AAPL,0,-614,-110.61941990537908
2024-10-21 12:00:40.246051577+00:00,2024-10-21 12:00:40.246051577+00:00,10,2,38,A,B,2,233.42,200,130,165919,11688186,AAPL,0,200,-22.28317366208405
2024-10-21 12:00:40.301104866+00:00,2024-10-21 12:00:40.301104866+00:00,10,2,38,A,A,1,233.8,400,130,166290,11688350,AAPL,0,2226,146.02590311411572
2024-10-21 12:00:40.317525489+00:00,2024-10-21 12:00:40.317525489+00:00,10,2,38,C,B,2,233.42,28,130,165798,11688460,AAPL,0,-28,-46.72105111362401
2024-10-21 12:00:40.317579213+00:00,2024-10-21 12:00:40.317579213+00:00,10,2,38,A,B,3,233.4,29,130,166651,11688461,AAPL,0,29,-37.69749819622737
2024-10-21 12:00:40.436754233+00:00,2024-10-21 12:00:40.436754233+00:00,10,2,38,C,A,2,233.88,27,130,166246,11688670,AAPL,0,1431,120.16025490903436
2024-10-21 12:00:40.436793684+00:00,2024-10-21 12:00:40.436793684+00:00,10,2,38,A,A,2,233.87,30,130,166199,11688671,AAPL,0,1434,120.48180592813357
2024-10-21 12:00:51.186556234+00:00,2024-10-21 12:00:51.186556234+00:00,10,2,38,A,B,0,233.58,500,130,166411,11699374,AAPL,500,1140,51.95023027033093
2024-10-21 12:00:51.249667336+00:00,2024-10-21 12:00:51.249667336+00:00,10,2,38,A,A,0,233.74,1,130,166262,11699412,AAPL,1,2005,132.28764946687318
2024-10-21 12:00:51.987589245+00:00,2024-10-21 12:00:51.987589245+00:00,10,2,38,A,B,3,233.42,200,130,166200,11699997,AAPL,0,200,-2.186045699934712
2024-10-21 12:00:51.987648731+00:00,2024-10-21 12:00:51.987648731+00:00,10,2,38,C,A,2,233.8,200,130,166402,11699998,AAPL,0,-200,-65.15664287531204
2024-10-21 12:00:51.988166858+00:00,2024-10-21 12:00:51.988166858+00:00,10,2,38,C,B,4,233.4,29,130,166147,11699999,AAPL,0,-29,-47.79456153666419
2024-10-21 12:00:51.988248573+00:00,2024-10-21 12:00:51.988248573+00:00,10,2,38,A,B,2,233.45,26,130,166619,11700000,AAPL,0,26,-40.93313276983823
2024-10-21 12:00:52.042752970+00:00,2024-10-21 12:00:52.042752970+00:00,10,2,38,C,B,3,233.42,200,130,166183,11700053,AAPL,0,-200,-85.25377083746139
2024-10-21 12:00:52.042765437+00:00,2024-10-21 12:00:52.042765437+00:00,10,2,38,A,B,2,233.49,200,130,166472,11700054,AAPL,0,241,-13.768731835487564
2024-10-21 12:00:53.989325211+00:00,2024-10-21 12:00:53.989325211+00:00,10,2,38,C,B,2,233.49,200,130,165690,11702543,AAPL,0,-627,-113.31912097234868
2024-10-21 12:00:53.989336874+00:00,2024-10-21 12:00:53.989336874+00:00,10,2,38,A,B,2,233.47,400,130,166327,11702544,AAPL,0,827,47.31603904156659
2024-10-21 12:00:53.998541135+00:00,2024-10-21 12:00:53.998541135+00:00,10,2,38,C,B,3,233.45,26,130,166282,11702633,AAPL,0,-26,-49.11931040263729
2024-10-21 12:00:53.998594585+00:00,2024-10-21 12:00:53.998594585+00:00,10,2,38,A,B,5,233.39,27,130,166242,11702634,AAPL,0,27,-39.803271004884564
2024-10-21 12:00:57.883000+00:00,2024-10-21 12:00:57.883000+00:00,10,2,38,C,B,5,233.39,27,130,166284,11706826,AAPL,0,-27,-47.63654553251153
2024-10-21 12:00:57.883056751+00:00,2024-10-21 12:00:57.883056751+00:00,10,2,38,A,B,4,233.4,27,130,166226,11706827,AAPL,0,27,-39.92626557093648
2024-10-21 12:00:58.996621223+00:00,2024-10-21 12:00:58.996621223+00:00,10,2,38,C,B,2,233.47,400,130,165889,11707811,AAPL,0,-828,-133.15009614278503
2024-10-21 12:00:58.996633732+00:00,2024-10-21 12:00:58.996633732+00:00,10,2,38,A,B,2,233.45,400,130,166037,11707812,AAPL,0,400,-0.84643905547005
2024-10-21 12:01:00.317542037+00:00,2024-10-21 12:01:00.317542037+00:00,10,2,38,C,B,2,233.45,200,130,166276,11709726,AAPL,0,-200,-65.15664287531204
2024-10-21 12:01:01.594618675+00:00,2024-10-21 12:01:01.594618675+00:00,10,2,38,A,B,2,233.45,200,130,166358,11711154,AAPL,0,200,-22.28317366208405
2024-10-21 12:01:02.481414409+00:00,2024-10-21 12:01:02.481414409+00:00,10,2,38,C,B,2,233.45,200,130,167343,11712155,AAPL,0,-200,-65.15664287531204
2024-10-21 12:01:02.481427194+00:00,2024-10-21 12:01:02.481427194+00:00,10,2,38,A,B,2,233.47,400,130,166358,11712156,AAPL,0,828,45.710279605388926
2024-10-21 12:01:02.481437815+00:00,2024-10-21 12:01:02.481437815+00:00,10,2,38,C,A,2,233.8,200,130,165999,11712157,AAPL,0,-200,-65.15664287531204
2024-10-21 12:01:02.481449719+00:00,2024-10-21 12:01:02.481449719+00:00,10,2,38,A,A,3,233.82,200,130,166354,11712158,AAPL,0,1029,81.39775737231099
2024-10-21 12:01:02.537411197+00:00,2024-10-21 12:01:02.537411197+00:00,10,2,38,A,A,3,233.81,200,130,167913,11712262,AAPL,0,200,-2.186045699934712
2024-10-21 12:01:02.855205010+00:00,2024-10-21 12:01:02.855205010+00:00,10,2,38,A,B,2,233.48,400,130,166311,11713011,AAPL,0,400,-0.84643905547005
2024-10-21 12:01:04.580232646+00:00,2024-10-21 12:01:04.580232646+00:00,10,2,38,C,B,2,233.48,400,130,166213,11716647,AAPL,0,-828,-133.15009614278503
2024-10-21 12:01:04.580244325+00:00,2024-10-21 12:01:04.580244325+00:00,10,2,38,A,B,2,233.46,400,130,166101,11716648,AAPL,0,828,45.710279605388926
2024-10-21 12:01:04.634702173+00:00,2024-10-21 12:01:04.634702173+00:00,10,2,38,A,A,2,233.79,200,130,166401,11716763,AAPL,0,225,-17.091440840988632
2024-10-21 12:01:04.658981181+00:00,2024-10-21 12:01:04.658981181+00:00,10,2,38,C,A,4,233.87,30,130,166685,11716996,AAPL,0,829,39.863894803547645
2024-10-21 12:01:04.659042935+00:00,2024-10-21 12:01:04.659042935+00:00,10,2,38,A,A,4,233.86,30,130,166663,11716998,AAPL,0,829,39.863894803547645
2024-10-21 12:01:04.741629959+00:00,2024-10-21 12:01:04.741629959+00:00,10,2,38,C,B,2,233.46,400,130,165811,11717393,AAPL,0,-828,-133.15009614278503
2024-10-21 12:01:04.741641481+00:00,2024-10-21 12:01:04.741641481+00:00,10,2,38,A,B,2,233.45,400,130,166334,11717394,AAPL,0,400,-0.84643905547005
2024-10-21 12:01:04.804426665+00:00,2024-10-21 12:01:04.804426665+00:00,10,2,38,A,A,1,233.78,200,130,166355,11717856,AAPL,0,1254,80.13804263624347
2024-10-21 12:01:04.818909404+00:00,2024-10-21 12:01:04.818909404+00:00,10,2,38,C,B,3,233.4,27,130,166176,11717981,AAPL,0,-27,-49.3269797154811
2024-10-21 12:01:04.818994775+00:00,2024-10-21 12:01:04.818994775+00:00,10,2,38,A,B,5,233.37,28,130,166309,11717982,AAPL,0,294,-16.916361850299765
2024-10-21 12:01:04.857007035+00:00,2024-10-21 12:01:04.857007035+00:00,10,2,38,A,B,2,233.5,400,130,166583,11718365,AAPL,0,828,41.861399666835275
2024-10-21 12:01:05.922932529+00:00,2024-10-21 12:01:05.922932529+00:00,10,2,38,C,A,3,233.86,30,130,166295,11720081,AAPL,0,1429,76.48408102944637
2024-10-21 12:01:05.922966254+00:00,2024-10-21 12:01:05.922966254+00:00,10,2,38,C,B,6,233.37,28,130,165964,11720082,AAPL,0,-293,-66.40651954309027
2024-10-21 12:01:05.923028260+00:00,2024-10-21 12:01:05.923028260+00:00,10,2,38,A,A,3,233.85,29,130,166466,11720083,AAPL,0,1428,76.27641171660257
2024-10-21 12:01:05.923061114+00:00,2024-10-21 12:01:05.923061114+00:00,10,2,38,A,B,4,233.42,30,130,166102,11720084,AAPL,0,415,-2.5898839555170388
2024-10-21 12:01:06.781424093+00:00,2024-10-21 12:01:06.781424093+00:00,10,2,38,C,B,2,233.5,400,130,166196,11721177,AAPL,0,-830,-130.8384414877643
2024-10-21 12:01:06.781437182+00:00,2024-10-21 12:01:06.781437182+00:00,10,2,38,A,B,2,233.46,200,130,166471,11721178,AAPL,0,630,21.96189034375421
2024-10-21 12:01:07.185212354+00:00,2024-10-21 12:01:07.185212354+00:00,10,2,38,C,B,2,233.46,200,130,166222,11721941,AAPL,0,-630,-109.4017068811503
2024-10-21 12:01:07.185224829+00:00,2024-10-21 12:01:07.185224829+00:00,10,2,38,A,B,2,233.45,400,130,166363,11721942,AAPL,0,400,-0.84643905547005
2024-10-21 12:01:07.565767784+00:00,2024-10-21 12:01:07.565767784+00:00,10,2,38,A,B,2,233.46,400,130,166347,11722744,AAPL,0,830,43.39862495036821
2024-10-21 12:01:07.595799579+00:00,2024-10-21 12:01:07.595799579+00:00,10,2,38,C,B,4,233.42,30,130,166457,11722855,AAPL,0,-415,-84.84993258187907
2024-10-21 12:01:07.595852119+00:00,2024-10-21 12:01:07.595852119+00:00,10,2,38,A,B,4,233.43,29,130,166512,11722856,AAPL,0,414,-2.7303892406193206
2024-10-21 12:01:09.437841151+00:00,2024-10-21 12:01:09.437841151+00:00,10,2,38,A,B,0,233.59,1,130,166340,11724947,AAPL,1,1285,107.59870912978701
2024-10-21 12:01:11.781701764+00:00,2024-10-21 12:01:11.781701764+00:00,10,2,38,C,B,3,233.46,400,130,166152,11727281,AAPL,0,-774,-159.83624082975413
2024-10-21 12:01:11.781713240+00:00,2024-10-21 12:01:11.781713240+00:00,10,2,38,A,B,3,233.45,400,130,166042,11727282,AAPL,0,400,39.34781686882863
2024-10-21 12:01:13.838979517+00:00,2024-10-21 12:01:13.838979517+00:00,10,2,38,C,B,4,233.43,29,130,166423,11728924,AAPL,0,-414,-84.7094272967768
2024-10-21 12:01:13.839070933+00:00,2024-10-21 12:01:13.839070933+00:00,10,2,38,A,B,4,233.44,28,130,166602,11728925,AAPL,0,413,-2.870894525721597
2024-10-21 12:01:33.939295458+00:00,2024-10-21 12:01:33.939295458+00:00,10,2,38,A,B,3,233.5,400,130,166688,11745736,AAPL,0,773,72.25136365295754
2024-10-21 12:01:35.962900590+00:00,2024-10-21 12:01:35.962900590+00:00,10,2,38,A,A,1,233.78,200,130,166467,11747687,AAPL,0,200,-30.074227863711645
2024-10-21 12:01:35.963468384+00:00,2024-10-21 12:01:35.963468384+00:00,10,2,38,A,A,2,233.8,28,130,166477,11747688,AAPL,0,28,-40.71876542377209
2024-10-21 12:01:35.963501831+00:00,2024-10-21 12:01:35.963501831+00:00,10,2,38,C,A,3,233.85,29,130,166520,11747689,AAPL,0,1428,76.27641171660257
2024-10-21 12:01:36.017994443+00:00,2024-10-21 12:01:36.017994443+00:00,10,2,38,C,A,1,233.78,200,130,165953,11747708,AAPL,0,-200,-57.36558867368446
2024-10-21 12:01:36.018008103+00:00,2024-10-21 12:01:36.018008103+00:00,10,2,38,A,A,0,233.74,200,130,166380,11747709,AAPL,200,0,-54.11616974723887
2024-10-21 12:01:37.328372588+00:00,2024-10-21 12:01:37.328372588+00:00,10,2,38,A,A,2,233.79,28,130,166648,11748684,AAPL,0,1480,84.26161806978013
2024-10-21 12:01:37.328448858+00:00,2024-10-21 12:01:37.328448858+00:00,10,2,38,A,A,0,233.73,200,130,166573,11748686,AAPL,200,1231,68.30545540395799
2024-10-21 12:01:37.328482738+00:00,2024-10-21 12:01:37.328482738+00:00,10,2,38,C,A,4,233.8,28,130,166133,11748688,AAPL,0,-28,-47.654056251561904
2024-10-21 12:01:37.359224760+00:00,2024-10-21 12:01:37.359224760+00:00,10,2,38,C,B,5,233.44,28,130,166115,11748965,AAPL,0,-358,-74.51587577629276
2024-10-21 12:01:37.359337685+00:00,2024-10-21 12:01:37.359337685+00:00,10,2,38,A,B,5,233.42,29,130,166694,11748966,AAPL,0,359,-12.778880121702844
2024-10-21 12:01:37.396952090+00:00,2024-10-21 12:01:37.396952090+00:00,10,2,38,A,B,3,233.51,200,130,166805,11749029,AAPL,0,200,-2.186045699934712
2024-10-21 12:01:37.923006207+00:00,2024-10-21 12:01:37.923006207+00:00,10,2,38,C,A,3,233.79,28,130,166261,11749436,AAPL,0,852,44.976109137663116
2024-10-21 12:01:37.923035401+00:00,2024-10-21 12:01:37.923035401+00:00,10,2,38,C,B,5,233.42,29,130,166151,11749437,AAPL,0,-359,-74.66093641569326
2024-10-21 12:01:37.923099010+00:00,2024-10-21 12:01:37.923099010+00:00,10,2,38,A,B,4,233.47,27,130,166542,11749438,AAPL,0,372,-11.016086375548262
2024-10-21 12:01:37.923141688+00:00,2024-10-21 12:01:37.923141688+00:00,10,2,38,A,A,2,233.78,28,130,166399,11749439,AAPL,0,28,-40.71876542377209
2024-10-21 12:01:42.535186906+00:00,2024-10-21 12:01:42.535186906+00:00,10,2,38,C,A,0,233.73,200,130,166286,11753360,AAPL,200,1803,97.84207559358428
2024-10-21 12:01:42.535199542+00:00,2024-10-21 12:01:42.535199542+00:00,10,2,38,A,A,1,233.77,200,130,166084,11753361,AAPL,0,1802,108.17010867010019
2024-10-21 12:01:42.538298989+00:00,2024-10-21 12:01:42.538298989+00:00,10,2,38,C,A,2,233.78,28,130,165992,11753363,AAPL,0,-28,-46.72105111362401
2024-10-21 12:01:42.538396440+00:00,2024-10-21 12:01:42.538396440+00:00,10,2,38,A,A,4,233.84,28,130,166187,11753364,AAPL,0,827,39.582884233343094
2024-10-21 12:01:44.767942496+00:00,2024-10-21 12:01:44.767942496+00:00,10,2,38,A,B,3,233.52,200,130,166774,11755446,AAPL,0,200,-2.186045699934712
2024-10-21 12:01:44.773272494+00:00,2024-10-21 12:01:44.773272494+00:00,10,2,38,C,B,4,233.47,27,130,165978,11755521,AAPL,0,-372,-76.42373016184784
2024-10-21 12:01:44.773315201+00:00,2024-10-21 12:01:44.773315201+00:00,10,2,38,A,B,4,233.48,26,130,166864,11755522,AAPL,0,371,-11.156591660650545
2024-10-21 12:01:46.087712989+00:00,2024-10-21 12:01:46.087712989+00:00,10,2,38,A,B,0,233.6,100,130,167630,11756647,AAPL,100,1082,62.361225758995126
2024-10-21 12:01:46.088087887+00:00,2024-10-21 12:01:46.088087887+00:00,10,2,38,C,B,0,233.6,100,130,165931,11756649,AAPL,-100,-1082,-149.80104229639124
2024-10-21 12:01:48.662449384+00:00,2024-10-21 12:01:48.662449384+00:00,10,2,38,C,B,3,233.52,200,130,166059,11758360,AAPL,0,-571,-117.8170874455089
2024-10-21 12:01:48.662461832+00:00,2024-10-21 12:01:48.662461832+00:00,10,2,38,A,B,3,233.5,400,130,166485,11758361,AAPL,0,771,71.91113347687615
2024-10-21 12:01:48.663006081+00:00,2024-10-21 12:01:48.663006081+00:00,10,2,38,C,B,4,233.48,26,130,166380,11758362,AAPL,0,-371,-76.28322487674556
2024-10-21 12:01:48.663060459+00:00,2024-10-21 12:01:48.663060459+00:00,10,2,38,A,B,5,233.42,30,130,166179,11758363,AAPL,0,360,-12.633819482302346
2024-10-21 12:01:50.803408210+00:00,2024-10-21 12:01:50.803408210+00:00,10,2,38,C,B,5,233.42,30,130,166012,11760607,AAPL,0,-360,-74.80599705509375
2024-10-21 12:01:50.803449763+00:00,2024-10-21 12:01:50.803449763+00:00,10,2,38,A,B,5,233.43,28,130,166621,11760608,AAPL,0,358,-12.923940761103344
2024-10-21 12:01:59.276468415+00:00,2024-10-21 12:01:59.276468415+00:00,10,2,38,C,B,0,233.59,1,130,166162,11767546,AAPL,-1,-1284,-194.8934650277826
2024-10-21 12:01:59.277562747+00:00,2024-10-21 12:01:59.277562747+00:00,10,2,38,A,B,0,233.6,1,130,166136,11767548,AAPL,1,1284,107.45364849038648
2024-10-21 12:02:01.448038651+00:00,2024-10-21 12:02:01.448038651+00:00,10,2,38,C,A,0,233.74,1,130,166552,11770015,AAPL,1,1203,74.51409550901764
2024-10-21 12:02:05.406537956+00:00,2024-10-21 12:02:05.406537956+00:00,10,2,38,C,A,0,233.77,200,130,165969,11773218,AAPL,200,1802,92.23201345977088
2024-10-21 12:02:05.406550192+00:00,2024-10-21 12:02:05.406550192+00:00,10,2,38,A,A,1,233.79,200,130,166291,11773219,AAPL,0,1652,92.39401463457192
2024-10-21 12:02:05.521390954+00:00,2024-10-21 12:02:05.521390954+00:00,10,2,38,A,A,0,233.78,200,130,166588,11773477,AAPL,200,1852,95.64343356101749
2024-10-21 12:02:07.782798949+00:00,2024-10-21 12:02:07.782798949+00:00,10,2,38,A,A,0,233.77,200,130,166482,11776121,AAPL,200,1802,92.23201345977088
2024-10-21 12:02:17.703470063+00:00,2024-10-21 12:02:17.703470063+00:00,10,2,38,C,A,0,233.77,200,130,165867,11784564,AAPL,200,1802,92.23201345977088
2024-10-21 12:02:17.703482613+00:00,2024-10-21 12:02:17.703482613+00:00,10,2,38,A,A,1,233.79,200,130,166535,11784566,AAPL,0,1652,92.39401463457192
2024-10-21 12:02:17.758071973+00:00,2024-10-21 12:02:17.758071973+00:00,10,2,38,A,B,3,233.51,400,130,166257,11784675,AAPL,0,400,39.34781686882863
2024-10-21 12:02:17.837786779+00:00,2024-10-21 12:02:17.837786779+00:00,10,2,38,A,A,1,233.79,200,130,166955,11784898,AAPL,0,200,-30.074227863711645
2024-10-21 12:02:18.878119302+00:00,2024-10-21 12:02:18.878119302+00:00,10,2,38,C,B,5,233.43,28,130,165967,11786478,AAPL,0,-358,-74.51587577629276
2024-10-21 12:02:18.878154633+00:00,2024-10-21 12:02:18.878154633+00:00,10,2,38,A,A,4,233.86,29,130,166077,11786480,AAPL,0,828,39.72338951844538
2024-10-21 12:02:18.939543004+00:00,2024-10-21 12:02:18.939543004+00:00,10,2,38,C,A,3,233.84,28,130,165852,11786586,AAPL,0,856,45.538130278072245
2024-10-21 12:02:30.307162147+00:00,2024-10-21 12:02:30.307162147+00:00,10,2,38,A,B,5,233.43,29,130,166376,11794146,AAPL,0,359,-12.778880121702844
2024-10-21 12:02:44.176288366+00:00,2024-10-21 12:02:44.176288366+00:00,10,2,38,A,B,0,233.6,100,130,166263,11806117,AAPL,100,100,-42.095198805475256
2024-10-21 12:02:44.176621537+00:00,2024-10-21 12:02:44.176621537+00:00,10,2,38,C,B,0,233.6,100,130,167163,11806118,AAPL,-100,-100,-45.34461773192085
2024-10-21 12:02:48.812722097+00:00,2024-10-21 12:02:48.812722097+00:00,10,2,38,C,B,0,233.6,1,130,166038,11809007,AAPL,-1,-1285,-195.03852566718314
2024-10-21 12:02:48.883865862+00:00,2024-10-21 12:02:48.883865862+00:00,10,2,38,C,B,2,233.51,400,130,165911,11809083,AAPL,0,-829,-130.69793620266205
2024-10-21 12:02:48.883880917+00:00,2024-10-21 12:02:48.883880917+00:00,10,2,38,A,B,2,233.48,200,130,165936,11809084,AAPL,0,629,21.821385058651927
2024-10-21 12:02:49.759332649+00:00,2024-10-21 12:02:49.759332649+00:00,10,2,38,A,B,2,233.51,200,130,166689,11810239,AAPL,0,200,-22.28317366208405
2024-10-21 12:02:54.518612296+00:00,2024-10-21 12:02:54.518612296+00:00,10,2,38,C,A,1,233.79,200,130,165835,11814397,AAPL,0,-200,-57.36558867368446
2024-10-21 12:02:54.518624596+00:00,2024-10-21 12:02:54.518624596+00:00,10,2,38,A,A,0,233.78,400,130,166319,11814398,AAPL,400,2053,99.10052180030691
2024-10-21 12:02:54.523940080+00:00,2024-10-21 12:02:54.523940080+00:00,10,2,38,A,A,2,233.85,26,130,166220,11814473,AAPL,0,1454,79.06318721546238
2024-10-21 12:02:54.524017462+00:00,2024-10-21 12:02:54.524017462+00:00,10,2,38,C,A,3,233.86,29,130,165834,11814475,AAPL,0,1428,76.27641171660257
2024-10-21 12:02:56.706628033+00:00,2024-10-21 12:02:56.706628033+00:00,10,2,38,C,B,2,233.51,200,130,166335,11816088,AAPL,0,-629,-109.26120159604804
2024-10-21 12:02:56.706639645+00:00,2024-10-21 12:02:56.706639645+00:00,10,2,38,A,B,2,233.49,200,130,166154,11816089,AAPL,0,629,21.821385058651927
2024-10-21 12:02:56.761416724+00:00,2024-10-21 12:02:56.761416724+00:00,10,2,38,A,A,0,233.77,200,130,166554,11816211,AAPL,200,1800,91.81667483408324
2024-10-21 12:02:56.763029737+00:00,2024-10-21 12:02:56.763029737+00:00,10,2,38,A,B,2,233.49,200,130,166095,11816232,AAPL,0,200,-22.28317366208405
2024-10-21 12:02:56.828592562+00:00,2024-10-21 12:02:56.828592562+00:00,10,2,38,A,A,3,233.84,29,130,166677,11816538,AAPL,0,854,45.32428373560922
2024-10-21 12:02:56.828630121+00:00,2024-10-21 12:02:56.828630121+00:00,10,2,38,C,A,4,233.85,26,130,166136,11816539,AAPL,0,825,39.30187366313853
2024-10-21 12:02:58.875085988+00:00,2024-10-21 12:02:58.875085988+00:00,10,2,38,C,B,2,233.49,200,130,166025,11818220,AAPL,0,-200,-65.15664287531204
2024-10-21 12:02:58.875097976+00:00,2024-10-21 12:02:58.875097976+00:00,10,2,38,A,B,2,233.5,400,130,166184,11818221,AAPL,0,400,-0.84643905547005
2024-10-21 12:02:59.629692844+00:00,2024-10-21 12:02:59.629692844+00:00,10,2,38,C,B,2,233.5,400,130,165592,11818945,AAPL,0,-829,-130.69793620266205
2024-10-21 12:02:59.629704420+00:00,2024-10-21 12:02:59.629704420+00:00,10,2,38,A,B,2,233.49,400,130,165944,11818946,AAPL,0,829,43.25811966526592
2024-10-21 12:03:04.465116162+00:00,2024-10-21 12:03:04.465116162+00:00,10,2,38,A,B,2,233.5,400,130,166208,11824666,AAPL,0,400,-0.84643905547005
2024-10-21 12:03:23.013257512+00:00,2024-10-21 12:03:23.013257512+00:00,10,2,38,C,B,2,233.5,400,130,166770,11850697,AAPL,0,-829,-130.69793620266205
2024-10-21 12:03:23.013270046+00:00,2024-10-21 12:03:23.013270046+00:00,10,2,38,A,B,2,233.48,400,130,166253,11850699,AAPL,0,829,43.25811966526592
2024-10-21 12:03:36.462240600+00:00,2024-10-21 12:03:36.462240600+00:00,10,2,38,A,A,0,233.76,200,130,167161,11869933,AAPL,200,200,-40.470489342252456
2024-10-21 12:03:36.477257436+00:00,2024-10-21 12:03:36.477257436+00:00,10,2,38,A,B,5,233.4,28,130,166349,11870139,AAPL,0,28,-39.65821036548407
2024-10-21 12:03:36.477483536+00:00,2024-10-21 12:03:36.477483536+00:00,10,2,38,C,B,4,233.43,29,130,167909,11870145,AAPL,0,-442,-88.77112519999076
2024-10-21 12:03:36.477526397+00:00,2024-10-21 12:03:36.477526397+00:00,10,2,38,C,A,3,233.84,29,130,166056,11870147,AAPL,0,1428,76.27641171660257
2024-10-21 12:03:36.477570977+00:00,2024-10-21 12:03:36.477570977+00:00,10,2,38,A,A,3,233.83,27,130,166636,11870149,AAPL,0,1426,75.86107309091493
2024-10-21 12:03:37.922916443+00:00,2024-10-21 12:03:37.922916443+00:00,10,2,38,C,A,3,233.83,27,130,166220,11873649,AAPL,0,1426,75.86107309091493
2024-10-21 12:03:37.922990125+00:00,2024-10-21 12:03:37.922990125+00:00,10,2,38,A,A,3,233.82,27,130,166281,11873650,AAPL,0,1426,75.86107309091493
2024-10-21 12:03:38.391113474+00:00,2024-10-21 12:03:38.391113474+00:00,10,2,38,A,B,0,233.66,1,130,166475,11873925,AAPL,1,1339,117.6342446461184
2024-10-21 12:03:38.520085682+00:00,2024-10-21 12:03:38.520085682+00:00,10,2,38,A,B,5,233.41,27,130,166845,11874245,AAPL,0,385,-10.380354525316749
2024-10-21 12:03:38.520115737+00:00,2024-10-21 12:03:38.520115737+00:00,10,2,38,C,B,6,233.4,28,130,166122,11874246,AAPL,0,-28,-46.40855514388515
2024-10-21 12:03:55.424131689+00:00,2024-10-21 12:03:55.424131689+00:00,10,2,38,C,B,5,233.41,27,130,165932,11897535,AAPL,0,-357,-74.37081513689226
2024-10-21 12:03:55.424188038+00:00,2024-10-21 12:03:55.424188038+00:00,10,2,38,A,B,5,233.42,30,130,166339,11897536,AAPL,0,360,-12.633819482302346
2024-10-21 12:03:55.618218602+00:00,2024-10-21 12:03:55.618218602+00:00,10,2,38,C,A,0,233.76,200,130,166105,11897697,AAPL,200,1801,92.02434414692709
2024-10-21 12:03:55.618231402+00:00,2024-10-21 12:03:55.618231402+00:00,10,2,38,A,A,0,233.78,200,130,166226,11897698,AAPL,200,200,-40.470489342252456
2024-10-21 12:03:55.674377683+00:00,2024-10-21 12:03:55.674377683+00:00,10,2,38,A,B,3,233.49,400,130,166262,11897798,AAPL,0,400,39.34781686882863
2024-10-21 12:03:55.688445687+00:00,2024-10-21 12:03:55.688445687+00:00,10,2,38,C,A,2,233.82,27,130,165927,11897840,AAPL,0,1431,120.16025490903436
2024-10-21 12:03:55.688489469+00:00,2024-10-21 12:03:55.688489469+00:00,10,2,38,A,A,2,233.85,27,130,166272,11897841,AAPL,0,1431,120.16025490903436
2024-10-21 12:03:55.728447009+00:00,2024-10-21 12:03:55.728447009+00:00,10,2,38,A,A,0,233.77,200,130,166434,11897883,AAPL,200,1801,92.02434414692709
2024-10-21 12:03:56.332225034+00:00,2024-10-21 12:03:56.332225034+00:00,10,2,38,C,B,5,233.42,30,130,166207,11898284,AAPL,0,-360,-74.80599705509375
2024-10-21 12:03:56.332253646+00:00,2024-10-21 12:03:56.332253646+00:00,10,2,38,C,A,3,233.85,27,130,165806,11898285,AAPL,0,1426,75.86107309091493
2024-10-21 12:03:56.332311467+00:00,2024-10-21 12:03:56.332311467+00:00,10,2,38,A,A,3,233.84,27,130,166168,11898286,AAPL,0,1426,75.86107309091493
2024-10-21 12:03:56.332342495+00:00,2024-10-21 12:03:56.332342495+00:00,10,2,38,A,B,4,233.47,30,130,166191,11898287,AAPL,0,375,-10.594570520241422
2024-10-21 12:03:56.388992803+00:00,2024-10-21 12:03:56.388992803+00:00,10,2,38,A,B,2,233.57,200,130,166364,11898316,AAPL,0,210,-20.206480533645884
2024-10-21 12:03:56.896105724+00:00,2024-10-21 12:03:56.896105724+00:00,10,2,38,C,B,4,233.47,30,130,166076,11898637,AAPL,0,-375,-76.84524601715468
2024-10-21 12:03:56.896208906+00:00,2024-10-21 12:03:56.896208906+00:00,10,2,38,A,B,4,233.52,28,130,166370,11898638,AAPL,0,373,-10.875581090445985
2024-10-21 12:04:00.333416396+00:00,2024-10-21 12:04:00.333416396+00:00,10,2,38,A,B,1,233.58,200,130,166349,11905464,AAPL,0,-383,-86.43198277701588
2024-10-21 12:04:00.453606564+00:00,2024-10-21 12:04:00.453606564+00:00,10,2,38,A,B,2,233.53,27,130,166404,11905750,AAPL,0,27,-40.82594909680516
2024-10-21 12:04:00.453632315+00:00,2024-10-21 12:04:00.453632315+00:00,10,2,38,C,B,3,233.52,28,130,165961,11905751,AAPL,0,-428,-88.55709406497174
2024-10-21 12:04:01.301464181+00:00,2024-10-21 12:04:01.301464181+00:00,10,2,38,A,B,1,233.65,18,130,166056,11906476,AAPL,0,1155,79.24298370276775
2024-10-21 12:04:01.372206492+00:00,2024-10-21 12:04:01.372206492+00:00,10,2,38,C,B,2,233.58,200,130,166013,11906511,AAPL,0,-200,-65.15664287531204
2024-10-21 12:04:01.372219216+00:00,2024-10-21 12:04:01.372219216+00:00,10,2,38,A,B,3,233.55,400,130,166619,11906512,AAPL,0,782,73.45669161300123
2024-10-21 12:04:01.372796891+00:00,2024-10-21 12:04:01.372796891+00:00,10,2,38,C,B,4,233.53,27,130,165917,11906513,AAPL,0,-27,-47.513550966459626
2024-10-21 12:04:01.644457609+00:00,2024-10-21 12:04:01.644457609+00:00,10,2,38,A,B,2,233.58,200,130,166468,11906692,AAPL,0,-555,-135.66613084602176
2024-10-21 12:04:05.632550110+00:00,2024-10-21 12:04:05.632550110+00:00,10,2,38,A,B,3,233.53,26,130,166182,11911165,AAPL,0,26,-38.320506134758816
2024-10-21 12:04:12.155049282+00:00,2024-10-21 12:04:12.155049282+00:00,10,2,38,C,A,0,233.77,200,130,166146,11915766,AAPL,200,1801,92.02434414692709
2024-10-21 12:04:12.156256239+00:00,2024-10-21 12:04:12.156256239+00:00,10,2,38,T,N,0,233.72,38,130,167352,11915773,AAPL,0,0,-43.71990826869805
2024-10-21 12:04:12.260774944+00:00,2024-10-21 12:04:12.260774944+00:00,10,2,38,A,A,2,233.82,200,130,167393,11915806,AAPL,0,1626,97.29780769752894
2024-10-21 12:04:16.430845992+00:00,2024-10-21 12:04:16.430845992+00:00,10,2,38,A,A,2,233.82,200,130,166392,11920715,AAPL,0,200,-22.28317366208405
2024-10-21 12:04:16.499853888+00:00,2024-10-21 12:04:16.499853888+00:00,10,2,38,C,B,2,233.58,200,130,165822,11920772,AAPL,0,-200,-65.15664287531204
2024-10-21 12:04:16.509417925+00:00,2024-10-21 12:04:16.509417925+00:00,10,2,38,A,B,3,233.57,200,130,166804,11920777,AAPL,0,581,31.782323759135597
2024-10-21 12:04:19.069602567+00:00,2024-10-21 12:04:19.069602567+00:00,10,2,38,C,B,3,233.57,200,130,166019,11924539,AAPL,0,-581,-119.2221402965317
2024-10-21 12:04:19.069614798+00:00,2024-10-21 12:04:19.069614798+00:00,10,2,38,A,B,3,233.54,400,130,166677,11924540,AAPL,0,781,73.31618632789893
2024-10-21 12:04:19.070597243+00:00,2024-10-21 12:04:19.070597243+00:00,10,2,38,C,B,4,233.53,26,130,166578,11924541,AAPL,0,-26,-47.37304568135735
2024-10-21 12:04:19.070641181+00:00,2024-10-21 12:04:19.070641181+00:00,10,2,38,A,B,5,233.47,28,130,166277,11924542,AAPL,0,273,-22.811177492880883
2024-10-21 12:04:19.474987580+00:00,2024-10-21 12:04:19.474987580+00:00,10,2,38,A,B,3,233.57,200,130,166485,11924892,AAPL,0,200,-2.186045699934712
2024-10-21 12:04:19.884911653+00:00,2024-10-21 12:04:19.884911653+00:00,10,2,38,C,B,5,233.47,28,130,166300,11925176,AAPL,0,-273,-64.62863904451521
2024-10-21 12:04:19.885049397+00:00,2024-10-21 12:04:19.885049397+00:00,10,2,38,A,B,5,233.52,29,130,166455,11925177,AAPL,0,274,-22.666116853480386
2024-10-21 12:04:26.481060587+00:00,2024-10-21 12:04:26.481060587+00:00,10,2,38,C,B,3,233.57,200,130,166805,11934662,AAPL,0,-484,-107.71261510370188
2024-10-21 12:04:26.481072450+00:00,2024-10-21 12:04:26.481072450+00:00,10,2,38,A,B,3,233.56,200,130,166671,11934663,AAPL,0,484,20.272798566305767
2024-10-21 12:04:26.535918353+00:00,2024-10-21 12:04:26.535918353+00:00,10,2,38,C,A,2,233.82,200,130,166222,11934785,AAPL,0,-200,-65.15664287531204
2024-10-21 12:04:26.535930308+00:00,2024-10-21 12:04:26.535930308+00:00,10,2,38,A,A,2,233.81,400,130,166197,11934786,AAPL,0,400,-0.84643905547005
2024-10-21 12:04:26.555072803+00:00,2024-10-21 12:04:26.555072803+00:00,10,2,38,C,A,3,233.84,27,130,166279,11935024,AAPL,0,1426,75.86107309091493
2024-10-21 12:04:26.555132343+00:00,2024-10-21 12:04:26.555132343+00:00,10,2,38,A,A,3,233.83,30,130,166969,11935025,AAPL,0,1429,76.48408102944637
2024-10-21 12:04:26.566152901+00:00,2024-10-21 12:04:26.566152901+00:00,10,2,38,A,B,3,233.56,200,130,166796,11935064,AAPL,0,200,-2.186045699934712
2024-10-21 12:04:26.621148067+00:00,2024-10-21 12:04:26.621148067+00:00,10,2,38,C,B,3,233.56,200,130,166320,11935247,AAPL,0,-200,-85.25377083746139
2024-10-21 12:04:26.621160396+00:00,2024-10-21 12:04:26.621160396+00:00,10,2,38,A,B,2,233.58,400,130,166623,11935248,AAPL,0,-84,-64.83914589047386
2024-10-21 12:04:27.723319849+00:00,2024-10-21 12:04:27.723319849+00:00,10,2,38,A,B,2,233.59,400,130,166444,11936720,AAPL,0,1184,125.4470616326788
2024-10-21 12:04:27.735053874+00:00,2024-10-21 12:04:27.735053874+00:00,10,2,38,C,B,2,233.59,400,130,165958,11936743,AAPL,0,-1184,-212.88687817007488
2024-10-21 12:04:27.735066380+00:00,2024-10-21 12:04:27.735066380+00:00,10,2,38,A,B,3,233.57,200,130,166274,11936744,AAPL,0,484,20.272798566305767
2024-10-21 12:04:40.612532228+00:00,2024-10-21 12:04:40.612532228+00:00,10,2,38,A,A,8,234.15,50,130,166514,11955462,AAPL,0,51,-39.314953182819345
2024-10-21 12:04:47.058697813+00:00,2024-10-21 12:04:47.058697813+00:00,10,2,38,A,A,0,233.72,3,130,166567,11962920,AAPL,3,1456,138.77351640554716
2024-10-21 12:04:51.210492220+00:00,2024-10-21 12:04:51.210492220+00:00,10,2,38,C,A,3,233.81,400,130,165977,11968430,AAPL,0,1278,125.81092299208393
2024-10-21 12:04:51.210504256+00:00,2024-10-21 12:04:51.210504256+00:00,10,2,38,A,A,3,233.83,400,130,166452,11968431,AAPL,0,400,39.34781686882863
2024-10-21 12:04:51.271373633+00:00,2024-10-21 12:04:51.271373633+00:00,10,2,38,C,B,5,233.52,29,130,166172,11968508,AAPL,0,-274,-64.77369968391572
2024-10-21 12:04:51.271438407+00:00,2024-10-21 12:04:51.271438407+00:00,10,2,38,A,B,4,233.53,27,130,166271,11968509,AAPL,0,27,-39.92626557093648
2024-10-21 12:04:51.271510236+00:00,2024-10-21 12:04:51.271510236+00:00,10,2,38,A,A,3,233.82,200,130,166324,11968510,AAPL,0,1078,84.27706042332059
2024-10-21 12:04:51.316443773+00:00,2024-10-21 12:04:51.316443773+00:00,10,2,38,A,A,3,233.82,200,130,166536,11968577,AAPL,0,200,-2.186045699934712
2024-10-21 12:04:54.735741554+00:00,2024-10-21 12:04:54.735741554+00:00,10,2,38,A,B,2,233.58,5,130,166322,11972208,AAPL,0,5,-43.1839899035327
2024-10-21 12:05:01.936493423+00:00,2024-10-21 12:05:01.936493423+00:00,10,2,38,C,A,3,233.82,200,130,166242,11982930,AAPL,0,-200,-85.25377083746139
2024-10-21 12:05:01.936505877+00:00,2024-10-21 12:05:01.936505877+00:00,10,2,38,A,A,1,233.77,200,130,166190,11982931,AAPL,0,375,-8.804944087655725
2024-10-21 12:05:05.090737406+00:00,2024-10-21 12:05:05.090737406+00:00,10,2,38,C,A,9,234.15,50,130,166798,11987492,AAPL,0,50,-40.78184393093315
2024-10-21 12:05:15.858212657+00:00,2024-10-21 12:05:15.858212657+00:00,10,2,38,C,A,1,233.77,200,130,166377,12002579,AAPL,0,1204,74.77885898458997
2024-10-21 12:05:15.858226719+00:00,2024-10-21 12:05:15.858226719+00:00,10,2,38,A,A,3,233.82,200,130,166402,12002580,AAPL,0,1029,81.39775737231099
2024-10-21 12:05:18.858600266+00:00,2024-10-21 12:05:18.858600266+00:00,10,2,38,A,A,3,233.82,200,130,166383,12004906,AAPL,0,200,-2.186045699934712
2024-10-21 12:05:27.769244591+00:00,2024-10-21 12:05:27.769244591+00:00,10,2,38,T,B,0,233.72,3,130,167206,12010755,AAPL,0,0,-43.71990826869805
2024-10-21 12:05:27.769244591+00:00,2024-10-21 12:05:27.769244591+00:00,10,2,38,C,A,0,233.72,3,130,167206,12010755,AAPL,3,1407,135.89421335453758
2024-10-21 12:05:27.769266569+00:00,2024-10-21 12:05:27.769266569+00:00,10,2,38,A,B,0,233.68,100,130,166878,12010756,AAPL,100,1106,115.09067224815013
2024-10-21 12:05:27.769279547+00:00,2024-10-21 12:05:27.769279547+00:00,10,2,38,A,B,0,233.68,100,130,167062,12010757,AAPL,100,100,-42.095198805475256
2024-10-21 12:05:27.769282701+00:00,2024-10-21 12:05:27.769282701+00:00,10,2,38,A,B,1,233.67,13,130,166068,12010758,AAPL,0,909,75.78264305668051
2024-10-21 12:05:27.769319506+00:00,2024-10-21 12:05:27.769319506+00:00,10,2,38,C,B,0,233.68,100,130,166445,12010760,AAPL,-100,-100,-45.34461773192085
2024-10-21 12:05:27.769383987+00:00,2024-10-21 12:05:27.769383987+00:00,10,2,38,C,B,0,233.68,100,130,166299,12010767,AAPL,-100,-1009,-164.84716905729942
2024-10-21 12:05:27.870580890+00:00,2024-10-21 12:05:27.870580890+00:00,10,2,38,C,B,0,233.67,13,130,165999,12010841,AAPL,-13,-1019,-201.11699155254237
2024-10-21 12:05:30.107740673+00:00,2024-10-21 12:05:30.107740673+00:00,10,2,38,A,B,0,233.7,1200,130,167058,12012202,AAPL,1200,2206,132.96247634360088
2024-10-21 12:05:35.113109625+00:00,2024-10-21 12:05:35.113109625+00:00,10,2,38,C,B,4,233.57,200,130,166281,12015205,AAPL,0,-482,-94.03524181957582
2024-10-21 12:05:35.113122799+00:00,2024-10-21 12:05:35.113122799+00:00,10,2,38,A,B,5,233.52,400,130,166586,12015206,AAPL,0,645,31.151380364104874
2024-10-21 12:05:40.025196163+00:00,2024-10-21 12:05:40.025196163+00:00,10,2,38,C,A,2,233.82,200,130,166654,12018306,AAPL,0,-200,-65.15664287531204
2024-10-21 12:05:40.028003470+00:00,2024-10-21 12:05:40.028003470+00:00,10,2,38,T,B,0,233.78,50,0,171739,12018310,AAPL,0,0,-43.71990826869805
2024-10-21 12:05:40.028003470+00:00,2024-10-21 12:05:40.028003470+00:00,10,2,38,T,B,0,233.78,100,0,171739,12018311,AAPL,-50,-50,-44.53226300030945
2024-10-21 12:05:40.028006695+00:00,2024-10-21 12:05:40.028006695+00:00,10,2,38,C,N,0,233.82,200,130,168514,12018313,AAPL,356,3756,284.7929502417814
2024-10-21 12:05:40.028030027+00:00,2024-10-21 12:05:40.028030027+00:00,10,2,38,A,B,1,233.74,100,130,167573,12018314,AAPL,0,2386,208.39511241365187
2024-10-21 12:05:40.028032659+00:00,2024-10-21 12:05:40.028032659+00:00,10,2,38,A,B,2,233.72,100,130,167411,12018315,AAPL,0,2276,305.8115689108557
2024-10-21 12:05:40.028041901+00:00,2024-10-21 12:05:40.028041901+00:00,10,2,38,A,B,2,233.72,100,128,167946,12018316,AAPL,0,100,-33.00154096539105
2024-10-21 12:05:40.028043931+00:00,2024-10-21 12:05:40.028043931+00:00,10,2,38,A,B,1,233.74,100,130,166912,12018318,AAPL,0,100,-36.897068066204845
2024-10-21 12:05:40.028048443+00:00,2024-10-21 12:05:40.028048443+00:00,10,2,38,A,B,1,233.74,32,130,166853,12018319,AAPL,0,32,-41.536599403900226
2024-10-21 12:05:40.028054971+00:00,2024-10-21 12:05:40.028054971+00:00,10,2,38,A,B,2,233.72,100,128,167182,12018320,AAPL,0,100,-33.00154096539105
2024-10-21 12:05:40.028063174+00:00,2024-10-21 12:05:40.028063174+00:00,10,2,38,A,B,3,233.71,32,130,166047,12018322,AAPL,0,2193,197.19167687402395
2024-10-21 12:05:40.028066207+00:00,2024-10-21 12:05:40.028066207+00:00,10,2,38,C,B,1,233.74,100,130,166524,12018323,AAPL,0,-100,-50.54274847119126
2024-10-21 12:05:40.028077104+00:00,2024-10-21 12:05:40.028077104+00:00,10,2,38,C,B,1,233.74,100,130,166853,12018324,AAPL,0,-100,-50.54274847119126
2024-10-21 12:05:40.028094970+00:00,2024-10-21 12:05:40.028094970+00:00,10,2,38,T,B,0,233.8,25,130,169389,12018325,AAPL,0,0,-43.71990826869805
2024-10-21 12:05:40.028094970+00:00,2024-10-21 12:05:40.028094970+00:00,10,2,38,C,A,0,233.8,25,130,169389,12018325,AAPL,25,1509,125.18339669849884
2024-10-21 12:05:40.028097758+00:00,2024-10-21 12:05:40.028097758+00:00,10,2,38,A,B,4,233.7,100,130,168528,12018326,AAPL,0,100,-29.66937975847
2024-10-21 12:05:40.028115361+00:00,2024-10-21 12:05:40.028115361+00:00,10,2,38,A,B,0,233.79,100,130,165949,12018327,AAPL,100,2581,281.66484382653323
2024-10-21 12:05:40.028121192+00:00,2024-10-21 12:05:40.028121192+00:00,10,2,38,A,B,5,233.7,100,128,166960,12018328,AAPL,0,100,-29.213844328648122
2024-10-21 12:05:40.028128644+00:00,2024-10-21 12:05:40.028128644+00:00,10,2,38,C,B,3,233.72,100,130,165884,12018330,AAPL,0,-100,-64.48683955307972
2024-10-21 12:05:40.028156649+00:00,2024-10-21 12:05:40.028156649+00:00,10,2,38,C,B,3,233.72,100,130,166677,12018331,AAPL,0,-100,-64.48683955307972
2024-10-21 12:05:40.028365786+00:00,2024-10-21 12:05:40.028365786+00:00,10,2,38,C,B,0,233.79,100,130,165960,12018340,AAPL,-100,-2481,-342.0768617352159
2024-10-21 12:05:40.028429209+00:00,2024-10-21 12:05:40.028429209+00:00,10,2,38,C,B,2,233.72,100,130,165917,12018342,AAPL,0,-2493,-323.45091773518317
2024-10-21 12:05:40.028485091+00:00,2024-10-21 12:05:40.028485091+00:00,10,2,38,C,B,3,233.7,100,130,166430,12018343,AAPL,0,-100,-64.48683955307972
2024-10-21 12:05:40.028584035+00:00,2024-10-21 12:05:40.028584035+00:00,10,2,38,C,B,3,233.7,100,130,165855,12018344,AAPL,0,-100,-64.48683955307972
2024-10-21 12:05:40.055564914+00:00,2024-10-21 12:05:40.055564914+00:00,10,2,38,C,B,0,233.78,256,130,166158,12018442,AAPL,-256,-2496,-392.30546077265114
2024-10-21 12:05:40.071027333+00:00,2024-10-21 12:05:40.071027333+00:00,10,2,38,A,B,0,233.78,326,130,166645,12018463,AAPL,326,2566,306.002940859511
2024-10-21 12:05:40.096302346+00:00,2024-10-21 12:05:40.096302346+00:00,10,2,38,C,A,0,233.83,30,130,166325,12018476,AAPL,30,1547,116.4336475508218
2024-10-21 12:05:40.096345392+00:00,2024-10-21 12:05:40.096345392+00:00,10,2,38,A,A,0,233.89,28,130,166664,12018477,AAPL,28,1545,116.40115336155736
2024-10-21 12:05:40.133764520+00:00,2024-10-21 12:05:40.133764520+00:00,10,2,38,C,B,2,233.71,32,130,166209,12018494,AAPL,0,-2208,-385.96289568200297
2024-10-21 12:05:40.147760543+00:00,2024-10-21 12:05:40.147760543+00:00,10,2,38,A,B,5,233.58,400,130,166476,12018505,AAPL,0,-125,-22.822183207379645
2024-10-21 12:05:40.167062454+00:00,2024-10-21 12:05:40.167062454+00:00,10,2,38,A,A,0,233.88,200,130,166346,12018509,AAPL,200,1682,127.89018145508886
2024-10-21 12:05:40.279040532+00:00,2024-10-21 12:05:40.279040532+00:00,10,2,38,C,B,1,233.74,32,130,166043,12018540,AAPL,0,-2328,-323.34332181339784
2024-10-21 12:05:40.371306716+00:00,2024-10-21 12:05:40.371306716+00:00,10,2,38,A,B,4,233.59,400,130,166968,12018572,AAPL,0,1077,100.5408826075475
2024-10-21 12:05:40.371534341+00:00,2024-10-21 12:05:40.371534341+00:00,10,2,38,C,A,0,233.88,200,130,166246,12018573,AAPL,200,1682,127.89018145508886
2024-10-21 12:05:40.371545573+00:00,2024-10-21 12:05:40.371545573+00:00,10,2,38,A,A,1,233.92,200,130,167243,12018574,AAPL,0,1654,136.3760476769316
2024-10-21 12:05:40.371797762+00:00,2024-10-21 12:05:40.371797762+00:00,10,2,38,A,B,5,233.58,27,130,166144,12018575,AAPL,0,27,-39.803271004884564
2024-10-21 12:05:40.371831552+00:00,2024-10-21 12:05:40.371831552+00:00,10,2,38,C,B,6,233.53,27,130,166424,12018576,AAPL,0,-27,-46.312532041199894
2024-10-21 12:05:40.422122396+00:00,2024-10-21 12:05:40.422122396+00:00,10,2,38,A,B,2,233.68,200,130,166303,12018592,AAPL,0,219,-19.546409217399184
2024-10-21 12:05:41.922932814+00:00,2024-10-21 12:05:41.922932814+00:00,10,2,38,C,B,5,233.58,27,130,166250,12019448,AAPL,0,-27,-47.63654553251153
2024-10-21 12:05:41.923000912+00:00,2024-10-21 12:05:41.923000912+00:00,10,2,38,A,B,5,233.63,28,130,166468,12019449,AAPL,0,668,17.335029448790245
2024-10-21 12:05:41.948630132+00:00,2024-10-21 12:05:41.948630132+00:00,10,2,38,T,N,0,233.79,162,130,167901,12019456,AAPL,0,0,-43.71990826869805
2024-10-21 12:05:41.951962933+00:00,2024-10-21 12:05:41.951962933+00:00,10,2,38,C,B,2,233.68,200,130,166106,12019457,AAPL,0,-887,-128.94834503748524
2024-10-21 12:05:41.951975929+00:00,2024-10-21 12:05:41.951975929+00:00,10,2,38,A,B,3,233.65,400,130,166310,12019458,AAPL,0,400,39.34781686882863
2024-10-21 12:05:41.952567424+00:00,2024-10-21 12:05:41.952567424+00:00,10,2,38,C,A,0,233.89,28,130,166173,12019459,AAPL,28,1682,136.83096632663398
2024-10-21 12:05:41.952619801+00:00,2024-10-21 12:05:41.952619801+00:00,10,2,38,A,A,2,233.95,29,130,166316,12019460,AAPL,0,1283,104.4019591832902
2024-10-21 12:05:43.153724103+00:00,2024-10-21 12:05:43.153724103+00:00,10,2,38,A,B,2,233.69,200,130,166491,12020040,AAPL,0,887,41.50852850008911
2024-10-21 12:05:43.258685033+00:00,2024-10-21 12:05:43.258685033+00:00,10,2,38,T,A,0,233.78,250,130,166670,12020063,AAPL,0,0,-43.71990826869805
2024-10-21 12:05:43.258685033+00:00,2024-10-21 12:05:43.258685033+00:00,10,2,38,C,B,0,233.78,250,130,166670,12020063,AAPL,-250,-250,-47.78168192675504
2024-10-21 12:05:43.258755715+00:00,2024-10-21 12:05:43.258755715+00:00,10,2,38,C,B,2,233.69,200,130,166201,12020064,AAPL,0,-887,-128.94834503748524
2024-10-21 12:05:43.337323654+00:00,2024-10-21 12:05:43.337323654+00:00,10,2,38,A,B,5,233.59,200,130,166226,12020098,AAPL,0,840,42.28545942567614
2024-10-21 12:05:43.337453873+00:00,2024-10-21 12:05:43.337453873+00:00,10,2,38,A,A,0,233.92,200,130,166509,12020100,AAPL,200,200,-40.470489342252456
2024-10-21 12:05:43.337912322+00:00,2024-10-21 12:05:43.337912322+00:00,10,2,38,C,B,4,233.63,28,130,165977,12020101,AAPL,0,-868,-133.65942394593608
2024-10-21 12:05:43.337965586+00:00,2024-10-21 12:05:43.337965586+00:00,10,2,38,A,B,7,233.52,26,130,166179,12020102,AAPL,0,151,-34.043978069834246
2024-10-21 12:05:43.365778374+00:00,2024-10-21 12:05:43.365778374+00:00,10,2,38,A,B,4,233.59,200,130,166402,12020108,AAPL,0,200,-15.618851248241953
2024-10-21 12:05:43.393790686+00:00,2024-10-21 12:05:43.393790686+00:00,10,2,38,C,A,0,233.92,200,130,165942,12020113,AAPL,-200,-200,-46.96932719514365
2024-10-21 12:05:43.393803680+00:00,2024-10-21 12:05:43.393803680+00:00,10,2,38,A,A,0,233.88,200,130,166315,12020114,AAPL,200,200,-40.470489342252456
2024-10-21 12:05:43.596064460+00:00,2024-10-21 12:05:43.596064460+00:00,10,2,38,C,B,4,233.59,200,130,166050,12020213,AAPL,0,-200,-71.82096528915415
2024-10-21 12:05:43.596076460+00:00,2024-10-21 12:05:43.596076460+00:00,10,2,38,A,B,3,233.65,400,130,166337,12020214,AAPL,0,-466,-72.64502427459598
2024-10-21 12:05:45.922885872+00:00,2024-10-21 12:05:45.922885872+00:00,10,2,38,C,B,6,233.52,26,130,166061,12021802,AAPL,0,-161,-57.46670807724143
2024-10-21 12:05:45.923016443+00:00,2024-10-21 12:05:45.923016443+00:00,10,2,38,A,B,4,233.58,29,130,166250,12021803,AAPL,0,29,-39.64525500073192
2024-10-21 12:05:46.352758108+00:00,2024-10-21 12:05:46.352758108+00:00,10,2,38,A,B,1,233.76,100,130,166645,12022103,AAPL,0,2398,240.33502966452215
2024-10-21 12:05:46.952418271+00:00,2024-10-21 12:05:46.952418271+00:00,10,2,38,C,A,0,233.88,200,130,166116,12022312,AAPL,200,1683,121.29705851472224
2024-10-21 12:05:46.952433308+00:00,2024-10-21 12:05:46.952433308+00:00,10,2,38,A,A,0,233.93,400,130,166590,12022313,AAPL,400,1883,124.54647744116781
2024-10-21 12:05:47.007021590+00:00,2024-10-21 12:05:47.007021590+00:00,10,2,38,A,B,3,233.68,200,130,167264,12022361,AAPL,0,888,60.343460886523225
2024-10-21 12:05:48.195531738+00:00,2024-10-21 12:05:48.195531738+00:00,10,2,38,C,A,0,233.93,400,130,165770,12023323,AAPL,400,1883,124.54647744116781
2024-10-21 12:05:48.195615637+00:00,2024-10-21 12:05:48.195615637+00:00,10,2,38,T,A,0,233.78,76,0,167561,12023325,AAPL,0,0,-43.71990826869805
2024-10-21 12:05:48.195615637+00:00,2024-10-21 12:05:48.195615637+00:00,10,2,38,T,A,0,233.76,100,130,167561,12023326,AAPL,-76,-2264,-284.4613044581459
2024-10-21 12:05:48.195615637+00:00,2024-10-21 12:05:48.195615637+00:00,10,2,38,C,B,0,233.76,100,130,167561,12023326,AAPL,-100,-2198,-241.0650108185841
2024-10-21 12:05:48.195638794+00:00,2024-10-21 12:05:48.195638794+00:00,10,2,38,A,A,0,233.85,100,130,166249,12023327,AAPL,100,1583,119.67234905149942
2024-10-21 12:05:48.195643749+00:00,2024-10-21 12:05:48.195643749+00:00,10,2,38,A,A,1,233.9,100,130,166106,12023328,AAPL,0,1578,97.16925187900085
2024-10-21 12:05:48.195651625+00:00,2024-10-21 12:05:48.195651625+00:00,10,2,38,A,A,2,233.91,100,130,166192,12023329,AAPL,0,978,66.1611200482983
2024-10-21 12:05:48.195652834+00:00,2024-10-21 12:05:48.195652834+00:00,10,2,38,A,A,0,233.85,33,130,166594,12023331,AAPL,33,133,-36.36091394334132
2024-10-21 12:05:48.195667975+00:00,2024-10-21 12:05:48.195667975+00:00,10,2,38,A,A,0,233.91,33,130,167808,12023333,AAPL,100,1394,98.70026408083032
2024-10-21 12:05:48.195671113+00:00,2024-10-21 12:05:48.195671113+00:00,10,2,38,C,B,1,233.68,200,130,165747,12023334,AAPL,0,-1008,-154.5382814891322
2024-10-21 12:05:48.195675914+00:00,2024-10-21 12:05:48.195675914+00:00,10,2,38,A,A,3,233.91,100,130,165917,12023335,AAPL,0,100,-22.952976984316383
2024-10-21 12:05:48.195679038+00:00,2024-10-21 12:05:48.195679038+00:00,10,2,38,A,A,2,233.9,100,130,166162,12023336,AAPL,0,100,-33.00154096539105
2024-10-21 12:05:48.195690635+00:00,2024-10-21 12:05:48.195690635+00:00,10,2,38,C,A,1,233.85,100,130,165674,12023338,AAPL,0,-100,-50.54274847119126
2024-10-21 12:05:48.195701993+00:00,2024-10-21 12:05:48.195701993+00:00,10,2,38,C,A,2,233.9,100,130,165610,12023340,AAPL,0,-100,-54.438275572005054
2024-10-21 12:05:48.195706051+00:00,2024-10-21 12:05:48.195706051+00:00,10,2,38,C,A,3,233.91,100,130,166852,12023341,AAPL,0,-100,-64.48683955307972
2024-10-21 12:05:48.195771617+00:00,2024-10-21 12:05:48.195771617+00:00,10,2,38,C,A,3,233.91,100,130,165876,12023342,AAPL,0,-100,-64.48683955307972
2024-10-21 12:05:48.195800135+00:00,2024-10-21 12:05:48.195800135+00:00,10,2,38,C,A,0,233.84,100,130,166060,12023344,AAPL,100,1194,71.11049259395546
2024-10-21 12:05:48.195848770+00:00,2024-10-21 12:05:48.195848770+00:00,10,2,38,C,A,1,233.9,100,130,165635,12023346,AAPL,0,-100,-50.54274847119126
2024-10-21 12:05:48.195954138+00:00,2024-10-21 12:05:48.195954138+00:00,10,2,38,C,A,1,233.9,100,130,165868,12023347,AAPL,0,1011,65.80265415757582
2024-10-21 12:05:48.259822838+00:00,2024-10-21 12:05:48.259822838+00:00,10,2,38,A,B,3,233.59,400,130,166433,12023416,AAPL,0,1189,132.6752783800546
2024-10-21 12:05:48.263346529+00:00,2024-10-21 12:05:48.263346529+00:00,10,2,38,C,B,4,233.58,29,130,166153,12023419,AAPL,0,-29,-47.79456153666419
2024-10-21 12:05:48.297202075+00:00,2024-10-21 12:05:48.297202075+00:00,10,2,38,A,A,2,233.93,400,130,166127,12023433,AAPL,0,1278,98.31622195821929
2024-10-21 12:05:48.297231678+00:00,2024-10-21 12:05:48.297231678+00:00,10,2,38,C,A,1,233.91,33,130,165720,12023434,AAPL,0,1311,100.56775922504205
2024-10-21 12:05:48.313231819+00:00,2024-10-21 12:05:48.313231819+00:00,10,2,38,A,A,1,233.88,200,130,166479,12023436,AAPL,0,200,-30.074227863711645
2024-10-21 12:05:48.453765847+00:00,2024-10-21 12:05:48.453765847+00:00,10,2,38,C,A,0,233.85,33,130,166137,12023463,AAPL,33,1711,104.52824620435756
2024-10-21 12:05:48.461428130+00:00,2024-10-21 12:05:48.461428130+00:00,10,2,38,A,A,0,233.88,200,130,167250,12023464,AAPL,200,200,-40.470489342252456
2024-10-21 12:05:48.825644162+00:00,2024-10-21 12:05:48.825644162+00:00,10,2,38,A,B,3,233.62,200,130,166798,12023548,AAPL,0,200,-2.186045699934712
2024-10-21 12:05:49.592099813+00:00,2024-10-21 12:05:49.592099813+00:00,10,2,38,A,B,2,233.65,200,130,166564,12023911,AAPL,0,-760,-153.0698444741072
2024-10-21 12:05:52.517180690+00:00,2024-10-21 12:05:52.517180690+00:00,10,2,38,A,B,4,233.57,29,130,166430,12025554,AAPL,0,284,-21.347615734123735
2024-10-21 12:05:55.930110286+00:00,2024-10-21 12:05:55.930110286+00:00,10,2,38,C,B,2,233.65,18,130,166345,12028586,AAPL,0,-18,-45.64921438329331
2024-10-21 12:05:57.922929284+00:00,2024-10-21 12:05:57.922929284+00:00,10,2,38,C,B,4,233.57,29,130,166001,12029987,AAPL,0,-284,-66.09220080327238
2024-10-21 12:05:57.923066098+00:00,2024-10-21 12:05:57.923066098+00:00,10,2,38,A,B,3,233.58,30,130,166372,12029988,AAPL,0,30,-37.48982888338355
2024-10-21 12:06:05.427139071+00:00,2024-10-21 12:06:05.427139071+00:00,10,2,38,A,A,0,233.8,5,130,166813,12035523,AAPL,5,1883,117.7190079596416
2024-10-21 12:06:06.690796307+00:00,2024-10-21 12:06:06.690796307+00:00,10,2,38,C,A,1,233.88,200,130,166116,12036944,AAPL,0,-200,-57.36558867368446
2024-10-21 12:06:06.690808686+00:00,2024-10-21 12:06:06.690808686+00:00,10,2,38,A,A,1,233.87,200,130,166390,12036945,AAPL,0,200,-30.074227863711645
2024-10-21 12:06:06.701910843+00:00,2024-10-21 12:06:06.701910843+00:00,10,2,38,C,A,3,233.95,29,130,166787,12037042,AAPL,0,1278,68.90967706989366
2024-10-21 12:06:06.701967763+00:00,2024-10-21 12:06:06.701967763+00:00,10,2,38,A,A,2,233.94,26,130,166191,12037043,AAPL,0,26,-40.93313276983823
2024-10-21 12:06:06.737555073+00:00,2024-10-21 12:06:06.737555073+00:00,10,2,38,C,B,2,233.65,200,130,166286,12037240,AAPL,0,-1090,-206.57495729316503
2024-10-21 12:06:06.737568257+00:00,2024-10-21 12:06:06.737568257+00:00,10,2,38,A,B,2,233.63,200,130,166035,12037241,AAPL,0,1090,119.1351407557689
2024-10-21 12:06:06.784651971+00:00,2024-10-21 12:06:06.784651971+00:00,10,2,38,A,B,2,233.63,200,130,166363,12037447,AAPL,0,200,-22.28317366208405
2024-10-21 12:06:06.795491217+00:00,2024-10-21 12:06:06.795491217+00:00,10,2,38,C,B,2,233.63,200,130,165793,12037500,AAPL,0,-200,-65.15664287531204
2024-10-21 12:06:06.795502438+00:00,2024-10-21 12:06:06.795502438+00:00,10,2,38,A,B,2,233.64,200,130,166698,12037501,AAPL,0,200,-22.28317366208405
2024-10-21 12:06:07.734697882+00:00,2024-10-21 12:06:07.734697882+00:00,10,2,38,A,B,0,233.74,100,130,166373,12038529,AAPL,100,2291,174.88789666256787
2024-10-21 12:06:07.735102284+00:00,2024-10-21 12:06:07.735102284+00:00,10,2,38,C,B,0,233.74,100,130,165911,12038532,AAPL,-100,-2291,-262.32771319996397
2024-10-21 12:06:07.797318931+00:00,2024-10-21 12:06:07.797318931+00:00,10,2,38,C,A,2,233.94,26,130,166228,12038578,AAPL,0,-26,-46.506683767557874
2024-10-21 12:06:07.797428592+00:00,2024-10-21 12:06:07.797428592+00:00,10,2,38,A,A,2,233.93,29,130,166201,12038579,AAPL,0,1478,107.52945608414534
2024-10-21 12:06:07.802356464+00:00,2024-10-21 12:06:07.802356464+00:00,10,2,38,C,A,1,233.87,200,130,166085,12038584,AAPL,0,1678,121.17513648913175
2024-10-21 12:06:07.802368533+00:00,2024-10-21 12:06:07.802368533+00:00,10,2,38,A,A,1,233.92,200,130,166229,12038585,AAPL,0,1678,121.17513648913175
2024-10-21 12:06:07.805948070+00:00,2024-10-21 12:06:07.805948070+00:00,10,2,38,A,B,2,233.64,200,130,166303,12038589,AAPL,0,200,-22.28317366208405
2024-10-21 12:06:07.846428844+00:00,2024-10-21 12:06:07.846428844+00:00,10,2,38,A,A,1,233.92,200,130,166584,12038617,AAPL,0,200,-30.074227863711645
2024-10-21 12:06:07.848909781+00:00,2024-10-21 12:06:07.848909781+00:00,10,2,38,C,B,2,233.64,200,130,165971,12038620,AAPL,0,-200,-65.15664287531204
2024-10-21 12:06:07.896522805+00:00,2024-10-21 12:06:07.896522805+00:00,10,2,38,C,A,1,233.92,200,130,165855,12038640,AAPL,0,-200,-57.36558867368446
2024-10-21 12:06:07.896534876+00:00,2024-10-21 12:06:07.896534876+00:00,10,2,38,A,A,1,233.89,200,130,166502,12038641,AAPL,0,200,-30.074227863711645
2024-10-21 12:06:08.694025455+00:00,2024-10-21 12:06:08.694025455+00:00,10,2,38,A,A,1,233.88,200,130,166337,12039365,AAPL,0,200,-30.074227863711645
2024-10-21 12:06:17.680964159+00:00,2024-10-21 12:06:17.680964159+00:00,10,2,38,C,B,3,233.58,30,130,166196,12045252,AAPL,0,-30,-49.94998765401255
2024-10-21 12:06:17.681006872+00:00,2024-10-21 12:06:17.681006872+00:00,10,2,38,A,B,4,233.55,29,130,166220,12045253,AAPL,0,284,-21.347615734123735
2024-10-21 12:06:17.696105981+00:00,2024-10-21 12:06:17.696105981+00:00,10,2,38,C,A,2,233.93,29,130,166008,12045305,AAPL,0,1478,107.52945608414534
2024-10-21 12:06:18.819178890+00:00,2024-10-21 12:06:18.819178890+00:00,10,2,38,A,B,0,233.74,100,130,166273,12045986,AAPL,100,2180,168.79228755108502
2024-10-21 12:06:18.819594049+00:00,2024-10-21 12:06:18.819594049+00:00,10,2,38,C,B,0,233.74,100,130,165904,12045987,AAPL,-100,-2180,-256.23210408848115
2024-10-21 12:06:18.820239929+00:00,2024-10-21 12:06:18.820239929+00:00,10,2,38,C,B,2,233.64,200,130,165971,12045988,AAPL,0,-989,-192.4019383960138
2024-10-21 12:06:18.821093344+00:00,2024-10-21 12:06:18.821093344+00:00,10,2,38,C,A,0,233.8,5,130,166652,12045989,AAPL,5,1659,136.45728315009276
2024-10-21 12:06:18.873162917+00:00,2024-10-21 12:06:18.873162917+00:00,10,2,38,A,B,2,233.63,200,130,166223,12046004,AAPL,0,989,104.96212185861769
2024-10-21 12:06:18.892219598+00:00,2024-10-21 12:06:18.892219598+00:00,10,2,38,C,A,0,233.88,200,130,166566,12046028,AAPL,200,1717,119.19565363830057
2024-10-21 12:06:18.892231335+00:00,2024-10-21 12:06:18.892231335+00:00,10,2,38,A,A,0,233.91,400,130,166092,12046029,AAPL,400,1917,122.44507256474614
2024-10-21 12:06:18.892290341+00:00,2024-10-21 12:06:18.892290341+00:00,10,2,38,C,A,0,233.91,200,130,166082,12046031,AAPL,-200,-200,-46.96932719514365
2024-10-21 12:06:19.678000980+00:00,2024-10-21 12:06:19.678000980+00:00,10,2,38,A,B,2,233.63,200,130,166279,12046958,AAPL,0,200,-22.28317366208405
2024-10-21 12:06:19.696727473+00:00,2024-10-21 12:06:19.696727473+00:00,10,2,38,C,B,2,233.63,200,130,166107,12047035,AAPL,0,-200,-65.15664287531204
2024-10-21 12:06:19.696738939+00:00,2024-10-21 12:06:19.696738939+00:00,10,2,38,A,B,2,233.64,400,130,166470,12047036,AAPL,0,400,-0.84643905547005
2024-10-21 12:06:22.179031254+00:00,2024-10-21 12:06:22.179031254+00:00,10,2,38,C,B,2,233.64,200,130,166454,12050374,AAPL,0,-200,-65.15664287531204
2024-10-21 12:06:29.265587376+00:00,2024-10-21 12:06:29.265587376+00:00,10,2,38,C,B,4,233.55,29,130,166134,12057133,AAPL,0,-284,-66.09220080327238
2024-10-21 12:06:29.265653484+00:00,2024-10-21 12:06:29.265653484+00:00,10,2,38,A,B,4,233.56,30,130,166180,12057134,AAPL,0,285,-21.207110449021453
2024-10-21 12:06:29.265699161+00:00,2024-10-21 12:06:29.265699161+00:00,10,2,38,A,A,1,233.94,28,130,166780,12057136,AAPL,0,28,-41.809513011999954
2024-10-21 12:06:31.862439229+00:00,2024-10-21 12:06:31.862439229+00:00,10,2,38,C,B,4,233.56,30,130,166124,12059004,AAPL,0,-285,-66.23270608837466
2024-10-21 12:06:31.862509699+00:00,2024-10-21 12:06:31.862509699+00:00,10,2,38,A,B,4,233.57,27,130,166431,12059008,AAPL,0,282,-21.6286263043283
2024-10-21 12:06:39.032886978+00:00,2024-10-21 12:06:39.032886978+00:00,10,2,38,C,A,0,233.91,200,130,166318,12066080,AAPL,200,1745,121.10604889499866
2024-10-21 12:06:39.137156502+00:00,2024-10-21 12:06:39.137156502+00:00,10,2,38,A,A,0,233.92,200,130,166839,12066185,AAPL,200,1745,121.10604889499866
2024-10-21 12:06:46.758024329+00:00,2024-10-21 12:06:46.758024329+00:00,10,2,38,A,B,2,233.64,200,130,166605,12071674,AAPL,0,200,-22.28317366208405
2024-10-21 12:06:46.812855420+00:00,2024-10-21 12:06:46.812855420+00:00,10,2,38,C,B,2,233.64,200,130,166344,12071825,AAPL,0,-200,-65.15664287531204
2024-10-21 12:06:46.812867723+00:00,2024-10-21 12:06:46.812867723+00:00,10,2,38,A,B,2,233.65,200,130,166182,12071826,AAPL,0,200,-22.28317366208405
2024-10-21 12:06:46.863385247+00:00,2024-10-21 12:06:46.863385247+00:00,10,2,38,C,B,4,233.57,27,130,166055,12072246,AAPL,0,-282,-65.8111902330678
2024-10-21 12:06:46.888617346+00:00,2024-10-21 12:06:46.888617346+00:00,10,2,38,A,B,3,233.58,26,130,166346,12072288,AAPL,0,26,-38.320506134758816
2024-10-21 12:06:48.285146479+00:00,2024-10-21 12:06:48.285146479+00:00,10,2,38,C,A,0,233.92,200,130,168147,12073283,AAPL,200,1745,121.10604889499866
2024-10-21 12:06:48.317330539+00:00,2024-10-21 12:06:48.317330539+00:00,10,2,38,A,A,0,233.93,200,130,166105,12073312,AAPL,200,1745,121.10604889499866
2024-10-21 12:06:48.791506901+00:00,2024-10-21 12:06:48.791506901+00:00,10,2,38,A,A,0,233.79,20,130,166338,12073929,AAPL,20,1702,139.7021324145021
2024-10-21 12:06:48.791534978+00:00,2024-10-21 12:06:48.791534978+00:00,10,2,38,T,B,0,233.79,20,130,167696,12073930,AAPL,0,0,-43.71990826869805
2024-10-21 12:06:48.791534978+00:00,2024-10-21 12:06:48.791534978+00:00,10,2,38,C,A,0,233.79,20,130,167696,12073930,AAPL,20,1702,139.7021324145021
2024-10-21 12:06:48.791573564+00:00,2024-10-21 12:06:48.791573564+00:00,10,2,38,A,B,0,233.74,100,130,166341,12073931,AAPL,100,2287,174.32587552215878
2024-10-21 12:06:48.791586310+00:00,2024-10-21 12:06:48.791586310+00:00,10,2,38,A,B,1,233.71,100,130,165889,12073932,AAPL,0,2177,209.26969559402355
2024-10-21 12:06:48.893768793+00:00,2024-10-21 12:06:48.893768793+00:00,10,2,38,C,B,1,233.71,100,130,166372,12074008,AAPL,0,-2177,-296.7095121314197
2024-10-21 12:06:49.043764990+00:00,2024-10-21 12:06:49.043764990+00:00,10,2,38,C,B,0,233.74,100,130,166546,12074117,AAPL,-100,-2287,-261.7656920595549
2024-10-21 12:06:49.574441885+00:00,2024-10-21 12:06:49.574441885+00:00,10,2,38,A,B,1,233.66,200,130,166499,12074442,AAPL,0,-886,-192.09859963680339
2024-10-21 12:06:51.353578115+00:00,2024-10-21 12:06:51.353578115+00:00,10,2,38,C,B,1,233.66,200,130,166333,12075742,AAPL,0,-200,-57.36558867368446
2024-10-21 12:06:51.353591847+00:00,2024-10-21 12:06:51.353591847+00:00,10,2,38,A,B,2,233.64,200,130,167042,12075743,AAPL,0,1086,118.30446350439362
2024-10-21 12:06:53.388459101+00:00,2024-10-21 12:06:53.388459101+00:00,10,2,38,A,B,2,233.65,200,130,166384,12077374,AAPL,0,200,-22.28317366208405
2024-10-21 12:06:56.110160994+00:00,2024-10-21 12:06:56.110160994+00:00,10,2,38,A,B,0,233.8,100,130,166189,12079383,AAPL,100,2287,174.32587552215878
2024-10-21 12:06:56.110195323+00:00,2024-10-21 12:06:56.110195323+00:00,10,2,38,C,A,0,233.93,200,130,166305,12079385,AAPL,200,1745,121.10604889499866
2024-10-21 12:06:56.110459619+00:00,2024-10-21 12:06:56.110459619+00:00,10,2,38,C,B,0,233.8,100,130,166246,12079387,AAPL,-100,-2287,-261.7656920595549
2024-10-21 12:06:56.110506828+00:00,2024-10-21 12:06:56.110506828+00:00,10,2,38,A,A,0,233.94,200,130,167278,12079388,AAPL,200,200,-40.470489342252456
2024-10-21 12:06:56.200078370+00:00,2024-10-21 12:06:56.200078370+00:00,10,2,38,A,B,2,233.65,200,130,166919,12079603,AAPL,0,200,-22.28317366208405
2024-10-21 12:06:56.253414674+00:00,2024-10-21 12:06:56.253414674+00:00,10,2,38,C,B,2,233.65,200,130,165974,12079693,AAPL,0,-200,-65.15664287531204
2024-10-21 12:06:56.253426681+00:00,2024-10-21 12:06:56.253426681+00:00,10,2,38,A,B,1,233.66,400,130,166484,12079694,AAPL,0,-686,-178.45291923181696
2024-10-21 12:06:56.253770667+00:00,2024-10-21 12:06:56.253770667+00:00,10,2,38,C,B,1,233.66,200,130,166133,12079695,AAPL,0,-200,-57.36558867368446
2024-10-21 12:06:56.253914719+00:00,2024-10-21 12:06:56.253914719+00:00,10,2,38,C,B,2,233.58,26,130,166043,12079696,AAPL,0,-26,-46.506683767557874
2024-10-21 12:06:56.254006802+00:00,2024-10-21 12:06:56.254006802+00:00,10,2,38,A,B,2,233.64,26,130,166510,12079697,AAPL,0,886,94.25510226270022
2024-10-21 12:06:56.262048229+00:00,2024-10-21 12:06:56.262048229+00:00,10,2,38,C,B,1,233.66,200,130,166195,12079704,AAPL,0,-200,-57.36558867368446
2024-10-21 12:06:56.262061304+00:00,2024-10-21 12:06:56.262061304+00:00,10,2,38,A,B,3,233.61,400,130,166447,12079705,AAPL,0,1160,128.60062511208847
2024-10-21 12:06:56.280865568+00:00,2024-10-21 12:06:56.280865568+00:00,10,2,38,C,B,2,233.64,26,130,165992,12079723,AAPL,0,-1186,-218.82721714834437
2024-10-21 12:06:56.343913221+00:00,2024-10-21 12:06:56.343913221+00:00,10,2,38,A,B,1,233.66,200,130,166745,12079737,AAPL,0,-1060,-208.1359321094781
2024-10-21 12:06:57.181891624+00:00,2024-10-21 12:06:57.181891624+00:00,10,2,38,A,B,2,233.58,26,130,166196,12080361,AAPL,0,26,-40.93313276983823
2024-10-21 12:06:59.253990761+00:00,2024-10-21 12:06:59.253990761+00:00,10,2,38,A,B,1,233.66,200,130,166332,12081445,AAPL,0,200,-30.074227863711645
2024-10-21 12:06:59.254521031+00:00,2024-10-21 12:06:59.254521031+00:00,10,2,38,C,B,2,233.58,26,130,166060,12081446,AAPL,0,-26,-46.506683767557874
2024-10-21 12:06:59.254578130+00:00,2024-10-21 12:06:59.254578130+00:00,10,2,38,A,B,2,233.64,29,130,166368,12081447,AAPL,0,889,94.57665328179942
2024-10-21 12:06:59.308464431+00:00,2024-10-21 12:06:59.308464431+00:00,10,2,38,C,B,1,233.66,200,130,166321,12081505,AAPL,0,-200,-57.36558867368446
2024-10-21 12:06:59.308477350+00:00,2024-10-21 12:06:59.308477350+00:00,10,2,38,A,B,0,233.7,200,130,166651,12081506,AAPL,200,0,-54.11616974723887
2024-10-21 12:07:03.723636278+00:00,2024-10-21 12:07:03.723636278+00:00,10,2,38,A,A,0,233.93,200,130,166214,12085903,AAPL,200,1745,121.10604889499866
2024-10-21 12:07:06.239446409+00:00,2024-10-21 12:07:06.239446409+00:00,10,2,38,C,B,0,233.7,200,130,165726,12087785,AAPL,-200,-200,-46.96932719514365
2024-10-21 12:07:06.347474732+00:00,2024-10-21 12:07:06.347474732+00:00,10,2,38,A,B,0,233.7,200,130,166248,12087873,AAPL,200,200,-40.470489342252456
2024-10-21 12:07:21.424028257+00:00,2024-10-21 12:07:21.424028257+00:00,10,2,38,C,A,0,233.93,200,130,166224,12101250,AAPL,200,1745,121.10604889499866
2024-10-21 12:07:21.424041784+00:00,2024-10-21 12:07:21.424041784+00:00,10,2,38,A,A,1,233.95,200,130,166123,12101251,AAPL,0,1517,115.94623471185496
2024-10-21 12:07:21.478349682+00:00,2024-10-21 12:07:21.478349682+00:00,10,2,38,A,B,0,233.71,200,130,166052,12101383,AAPL,200,2190,136.78599507642957
2024-10-21 12:07:21.488058823+00:00,2024-10-21 12:07:21.488058823+00:00,10,2,38,C,B,3,233.64,29,130,166265,12101519,AAPL,0,-789,-138.99512658442856
2024-10-21 12:07:21.488100749+00:00,2024-10-21 12:07:21.488100749+00:00,10,2,38,A,B,3,233.65,26,130,166123,12101521,AAPL,0,786,50.93230210850102
2024-10-21 12:07:21.502492836+00:00,2024-10-21 12:07:21.502492836+00:00,10,2,38,C,A,0,233.94,28,130,166149,12101598,AAPL,-28,-28,-44.174826918400434
2024-10-21 12:07:21.502548349+00:00,2024-10-21 12:07:21.502548349+00:00,10,2,38,A,A,2,233.97,26,130,166492,12101599,AAPL,0,1280,104.080408164191
2024-10-21 12:07:24.037331253+00:00,2024-10-21 12:07:24.037331253+00:00,10,2,38,A,A,0,233.94,200,130,166575,12104033,AAPL,200,1680,120.97550749562299
2024-10-21 12:07:24.051643239+00:00,2024-10-21 12:07:24.051643239+00:00,10,2,38,C,A,1,233.97,26,130,166063,12104141,AAPL,0,1343,104.0744927595168
2024-10-21 12:07:24.051685450+00:00,2024-10-21 12:07:24.051685450+00:00,10,2,38,A,A,1,233.96,26,130,166291,12104142,AAPL,0,1343,104.0744927595168
2024-10-21 12:07:31.492189570+00:00,2024-10-21 12:07:31.492189570+00:00,10,2,38,A,A,0,233.93,200,130,166757,12109685,AAPL,200,1680,120.97550749562299
2024-10-21 12:07:31.505459563+00:00,2024-10-21 12:07:31.505459563+00:00,10,2,38,C,A,2,233.96,26,130,165963,12109738,AAPL,0,1280,104.080408164191
2024-10-21 12:07:31.506518669+00:00,2024-10-21 12:07:31.506518669+00:00,10,2,38,A,A,2,233.95,29,130,166909,12109739,AAPL,0,1283,104.4019591832902
2024-10-21 12:07:32.030551990+00:00,2024-10-21 12:07:32.030551990+00:00,10,2,38,C,B,0,233.71,200,130,166115,12110208,AAPL,-200,-2187,-223.6028036752942
2024-10-21 12:07:32.030564032+00:00,2024-10-21 12:07:32.030564032+00:00,10,2,38,A,B,1,233.69,200,130,166271,12110209,AAPL,0,987,64.6851661865205
2024-10-21 12:07:33.189588145+00:00,2024-10-21 12:07:33.189588145+00:00,10,2,38,A,B,0,233.7,200,130,166481,12111500,AAPL,200,-787,-148.875563797471
2024-10-21 12:07:34.413504555+00:00,2024-10-21 12:07:34.413504555+00:00,10,2,38,A,B,0,233.71,200,130,166627,12112520,AAPL,200,2187,136.16298713789814
2024-10-21 12:07:51.491296294+00:00,2024-10-21 12:07:51.491296294+00:00,10,2,38,T,N,0,233.87,50,0,168394,12127009,AAPL,0,0,-43.71990826869805
2024-10-21 12:07:51.491296294+00:00,2024-10-21 12:07:51.491296294+00:00,10,2,38,T,N,0,233.88,50,130,168394,12127010,AAPL,0,0,-43.71990826869805
2024-10-21 12:07:51.493462211+00:00,2024-10-21 12:07:51.493462211+00:00,10,2,38,T,N,0,233.9,150,130,168122,12127014,AAPL,0,0,-43.71990826869805
2024-10-21 12:07:51.493723176+00:00,2024-10-21 12:07:51.493723176+00:00,10,2,38,A,B,0,233.86,100,130,166190,12127015,AAPL,100,2177,189.49774902752975
2024-10-21 12:07:51.493724386+00:00,2024-10-21 12:07:51.493724386+00:00,10,2,38,A,B,1,233.83,100,130,167090,12127016,AAPL,0,2167,294.6481636767787
2024-10-21 12:07:51.493756947+00:00,2024-10-21 12:07:51.493756947+00:00,10,2,38,C,A,0,233.93,200,130,165980,12127018,AAPL,200,1683,121.29705851472224
2024-10-21 12:07:51.494118408+00:00,2024-10-21 12:07:51.494118408+00:00,10,2,38,C,B,0,233.86,100,130,165720,12127025,AAPL,-100,-2267,-383.71268967739763
2024-10-21 12:07:51.502398180+00:00,2024-10-21 12:07:51.502398180+00:00,10,2,38,C,B,0,233.83,100,130,166005,12127032,AAPL,-100,-2177,-276.9375655649259
2024-10-21 12:07:51.568012126+00:00,2024-10-21 12:07:51.568012126+00:00,10,2,38,A,B,0,233.71,200,130,166297,12127155,AAPL,200,200,-40.470489342252456
2024-10-21 12:07:51.600943259+00:00,2024-10-21 12:07:51.600943259+00:00,10,2,38,A,A,3,233.99,200,130,166596,12127168,AAPL,0,1410,133.6900454689666
2024-10-21 12:07:51.615820733+00:00,2024-10-21 12:07:51.615820733+00:00,10,2,38,C,A,3,233.99,200,130,166289,12127177,AAPL,0,1410,133.6900454689666
2024-10-21 12:07:51.619802962+00:00,2024-10-21 12:07:51.619802962+00:00,10,2,38,C,B,3,233.65,26,130,166236,12127178,AAPL,0,-786,-138.37211864589713
2024-10-21 12:07:51.619884656+00:00,2024-10-21 12:07:51.619884656+00:00,10,2,38,A,B,2,233.69,28,130,166524,12127179,AAPL,0,789,48.74171213233156
2024-10-21 12:07:51.619898253+00:00,2024-10-21 12:07:51.619898253+00:00,10,2,38,C,A,1,233.95,29,130,165968,12127180,AAPL,0,1346,104.2791779655916
2024-10-21 12:07:51.619921024+00:00,2024-10-21 12:07:51.619921024+00:00,10,2,38,A,B,0,233.72,28,130,166829,12127181,AAPL,28,2307,204.0680779382218
2024-10-21 12:07:51.619959682+00:00,2024-10-21 12:07:51.619959682+00:00,10,2,38,A,A,3,234.07,30,130,166454,12127184,AAPL,0,1149,71.83347790078022
2024-10-21 12:07:51.628191317+00:00,2024-10-21 12:07:51.628191317+00:00,10,2,38,C,B,1,233.71,200,130,166137,12127189,AAPL,0,-200,-57.36558867368446
2024-10-21 12:07:51.628201644+00:00,2024-10-21 12:07:51.628201644+00:00,10,2,38,C,B,1,233.71,200,130,165776,12127190,AAPL,0,-2079,-277.4072954209291
2024-10-21 12:07:51.628212387+00:00,2024-10-21 12:07:51.628212387+00:00,10,2,38,A,B,3,233.67,200,130,166160,12127191,AAPL,0,851,83.42051264799906
2024-10-21 12:07:51.686536494+00:00,2024-10-21 12:07:51.686536494+00:00,10,2,38,A,A,2,234.0,200,130,166502,12127218,AAPL,0,200,-22.28317366208405
2024-10-21 12:07:51.794799198+00:00,2024-10-21 12:07:51.794799198+00:00,10,2,38,A,B,3,233.68,200,130,166477,12127318,AAPL,0,200,-2.186045699934712
2024-10-21 12:07:51.814032926+00:00,2024-10-21 12:07:51.814032926+00:00,10,2,38,A,B,1,233.71,200,130,166484,12127371,AAPL,0,1428,104.36092053559925
2024-10-21 12:07:52.076548886+00:00,2024-10-21 12:07:52.076548886+00:00,10,2,38,T,N,0,233.93,50,130,168742,12127534,AAPL,0,0,-43.71990826869805
2024-10-21 12:07:52.076590310+00:00,2024-10-21 12:07:52.076590310+00:00,10,2,38,A,B,0,233.82,5,130,166389,12127535,AAPL,5,2102,289.9840809168939
2024-10-21 12:07:52.083763088+00:00,2024-10-21 12:07:52.083763088+00:00,10,2,38,C,B,0,233.82,5,130,166201,12127537,AAPL,-5,-2102,-377.42389745429006
2024-10-21 12:07:52.139320651+00:00,2024-10-21 12:07:52.139320651+00:00,10,2,38,C,B,3,233.69,28,130,165966,12127647,AAPL,0,-679,-135.1412073762587
2024-10-21 12:07:52.139355221+00:00,2024-10-21 12:07:52.139355221+00:00,10,2,38,C,B,0,233.72,28,130,165956,12127648,AAPL,-28,-2189,-275.9013925191746
2024-10-21 12:07:52.139430957+00:00,2024-10-21 12:07:52.139430957+00:00,10,2,38,A,B,1,233.7,29,130,166470,12127649,AAPL,0,29,-41.741284609975025
2024-10-21 12:07:52.330233710+00:00,2024-10-21 12:07:52.330233710+00:00,10,2,38,T,N,0,233.93,50,130,167914,12127818,AAPL,0,0,-43.71990826869805
2024-10-21 12:07:52.330267041+00:00,2024-10-21 12:07:52.330267041+00:00,10,2,38,A,B,0,233.82,5,130,166553,12127819,AAPL,5,2195,191.19621932319617
2024-10-21 12:07:52.333762726+00:00,2024-10-21 12:07:52.333762726+00:00,10,2,38,C,B,0,233.82,5,130,166108,12127822,AAPL,-5,-2195,-278.6360358605923
2024-10-21 12:07:53.654833970+00:00,2024-10-21 12:07:53.654833970+00:00,10,2,38,T,N,0,233.93,50,130,167167,12128538,AAPL,0,0,-43.71990826869805
2024-10-21 12:07:53.654870612+00:00,2024-10-21 12:07:53.654870612+00:00,10,2,38,A,B,0,233.82,5,130,167093,12128540,AAPL,5,2195,191.19621932319617
2024-10-21 12:07:53.663763591+00:00,2024-10-21 12:07:53.663763591+00:00,10,2,38,C,B,0,233.82,5,130,165807,12128556,AAPL,-5,-2195,-278.6360358605923
2024-10-21 12:07:54.619783229+00:00,2024-10-21 12:07:54.619783229+00:00,10,2,38,A,B,0,233.71,200,130,166454,12129129,AAPL,200,200,-40.470489342252456
2024-10-21 12:07:54.619937567+00:00,2024-10-21 12:07:54.619937567+00:00,10,2,38,C,A,2,234.0,200,130,165971,12129132,AAPL,0,-200,-65.15664287531204
2024-10-21 12:07:54.619949131+00:00,2024-10-21 12:07:54.619949131+00:00,10,2,38,A,A,3,234.05,400,130,166297,12129133,AAPL,0,1486,157.80125268504716
2024-10-21 12:07:54.620382308+00:00,2024-10-21 12:07:54.620382308+00:00,10,2,38,A,B,0,233.72,29,130,166481,12129141,AAPL,29,2419,205.23182999935608
2024-10-21 12:07:54.620490674+00:00,2024-10-21 12:07:54.620490674+00:00,10,2,38,C,A,4,234.07,30,130,166102,12129142,AAPL,0,1086,74.73352754752048
2024-10-21 12:07:54.620533693+00:00,2024-10-21 12:07:54.620533693+00:00,10,2,38,A,A,4,234.12,28,130,166210,12129143,AAPL,0,1084,74.45251697731591
2024-10-21 12:07:54.677762815+00:00,2024-10-21 12:07:54.677762815+00:00,10,2,38,C,B,1,233.71,200,130,166068,12129187,AAPL,0,-200,-57.36558867368446
2024-10-21 12:07:54.677774981+00:00,2024-10-21 12:07:54.677774981+00:00,10,2,38,A,B,0,233.8,200,130,166273,12129188,AAPL,200,229,-38.491865683529426
2024-10-21 12:07:54.740560308+00:00,2024-10-21 12:07:54.740560308+00:00,10,2,38,C,B,1,233.72,29,130,166277,12129249,AAPL,0,-2019,-266.8877436411678
2024-10-21 12:07:54.740591753+00:00,2024-10-21 12:07:54.740591753+00:00,10,2,38,C,B,1,233.7,29,130,166152,12129250,AAPL,0,-29,-45.69853192742108
2024-10-21 12:07:54.740668620+00:00,2024-10-21 12:07:54.740668620+00:00,10,2,38,A,B,1,233.75,29,130,166244,12129251,AAPL,0,1990,176.33960058581263
2024-10-21 12:07:57.005348310+00:00,2024-10-21 12:07:57.005348310+00:00,10,2,38,T,N,0,233.93,50,0,169182,12130684,AAPL,0,0,-43.71990826869805
2024-10-21 12:07:57.005348926+00:00,2024-10-21 12:07:57.005348926+00:00,10,2,38,T,N,0,233.93,50,130,168566,12130685,AAPL,0,0,-43.71990826869805
2024-10-21 12:07:57.005648252+00:00,2024-10-21 12:07:57.005648252+00:00,10,2,38,A,B,0,233.91,100,130,166005,12130686,AAPL,100,2180,309.468541877984
2024-10-21 12:07:57.006073356+00:00,2024-10-21 12:07:57.006073356+00:00,10,2,38,C,B,0,233.91,100,130,165958,12130687,AAPL,-100,-2180,-396.9083584153801
2024-10-21 12:07:57.069351091+00:00,2024-10-21 12:07:57.069351091+00:00,10,2,38,C,A,3,234.05,200,130,166196,12130710,AAPL,0,-200,-85.25377083746139
2024-10-21 12:07:57.258842550+00:00,2024-10-21 12:07:57.258842550+00:00,10,2,38,T,N,0,233.93,50,130,167262,12130840,AAPL,0,0,-43.71990826869805
2024-10-21 12:07:58.008823092+00:00,2024-10-21 12:07:58.008823092+00:00,10,2,38,T,B,0,233.94,50,130,168175,12131171,AAPL,0,0,-43.71990826869805
2024-10-21 12:07:58.008823092+00:00,2024-10-21 12:07:58.008823092+00:00,10,2,38,C,A,0,233.94,50,130,168175,12131171,AAPL,-50,-50,-44.53226300030945
2024-10-21 12:07:58.008889077+00:00,2024-10-21 12:07:58.008889077+00:00,10,2,38,C,A,3,234.05,200,130,165883,12131172,AAPL,0,1284,115.98637954607926
2024-10-21 12:07:58.036947209+00:00,2024-10-21 12:07:58.036947209+00:00,10,2,38,A,A,3,234.05,200,130,166128,12131183,AAPL,0,1284,115.98637954607926
2024-10-21 12:07:58.162656656+00:00,2024-10-21 12:07:58.162656656+00:00,10,2,38,A,A,3,234.05,200,130,166685,12131260,AAPL,0,200,-2.186045699934712
2024-10-21 12:08:07.337716526+00:00,2024-10-21 12:08:07.337716526+00:00,10,2,38,A,B,0,233.81,200,130,166737,12137724,AAPL,200,200,-40.470489342252456
2024-10-21 12:08:07.341475627+00:00,2024-10-21 12:08:07.341475627+00:00,10,2,38,A,B,1,233.76,29,130,166365,12137749,AAPL,0,1909,296.17677566849784
2024-10-21 12:08:07.343053018+00:00,2024-10-21 12:08:07.343053018+00:00,10,2,38,C,B,2,233.75,29,130,166258,12137753,AAPL,0,-1880,-381.6379685471709
2024-10-21 12:08:11.980882050+00:00,2024-10-21 12:08:11.980882050+00:00,10,2,38,T,N,0,233.93,44,0,170283,12141046,AAPL,0,0,-43.71990826869805
2024-10-21 12:08:11.980882050+00:00,2024-10-21 12:08:11.980882050+00:00,10,2,38,T,B,0,233.94,56,130,170283,12141047,AAPL,0,0,-43.71990826869805
2024-10-21 12:08:11.980882050+00:00,2024-10-21 12:08:11.980882050+00:00,10,2,38,C,A,0,233.94,56,130,170283,12141047,AAPL,-56,-56,-44.62974556810281
2024-10-21 12:08:22.863309742+00:00,2024-10-21 12:08:22.863309742+00:00,10,2,38,C,B,0,233.81,200,130,166203,12147416,AAPL,-200,-2190,-267.0288360496544
2024-10-21 12:08:22.863323283+00:00,2024-10-21 12:08:22.863323283+00:00,10,2,38,A,B,1,233.73,400,130,166756,12147417,AAPL,0,2361,201.65233773706242
2024-10-21 12:08:22.881949837+00:00,2024-10-21 12:08:22.881949837+00:00,10,2,38,C,B,0,233.76,29,130,166015,12147431,AAPL,-29,-2390,-289.56332001879315
2024-10-21 12:08:22.881992297+00:00,2024-10-21 12:08:22.881992297+00:00,10,2,38,A,B,1,233.71,30,130,166142,12147432,AAPL,0,1991,176.40782898783758
2024-10-21 12:08:22.934444989+00:00,2024-10-21 12:08:22.934444989+00:00,10,2,38,C,B,0,233.73,200,130,166187,12147478,AAPL,-200,-200,-46.96932719514365
2024-10-21 12:08:25.917764011+00:00,2024-10-21 12:08:25.917764011+00:00,10,2,38,A,B,0,233.77,200,130,166554,12149527,AAPL,200,200,-40.470489342252456
2024-10-21 12:08:36.931191504+00:00,2024-10-21 12:08:36.931191504+00:00,10,2,38,C,A,3,234.05,200,130,166130,12157931,AAPL,0,-200,-85.25377083746139
2024-10-21 12:08:36.931201585+00:00,2024-10-21 12:08:36.931201585+00:00,10,2,38,C,A,3,234.05,200,130,166056,12157932,AAPL,0,1284,115.98637954607926
2024-10-21 12:08:36.931212780+00:00,2024-10-21 12:08:36.931212780+00:00,10,2,38,A,A,3,234.07,400,130,166618,12157933,AAPL,0,1484,157.52024211484257
2024-10-21 12:08:36.985980884+00:00,2024-10-21 12:08:36.985980884+00:00,10,2,38,A,B,0,233.78,200,130,166218,12158018,AAPL,200,200,-40.470489342252456
2024-10-21 12:08:37.008605354+00:00,2024-10-21 12:08:37.008605354+00:00,10,2,38,A,B,1,233.72,28,130,166176,12158236,AAPL,0,1909,296.215730939506
2024-10-21 12:08:37.008657827+00:00,2024-10-21 12:08:37.008657827+00:00,10,2,38,C,B,2,233.71,30,130,165897,12158237,AAPL,0,-1881,-381.745152220204
2024-10-21 12:08:37.017706043+00:00,2024-10-21 12:08:37.017706043+00:00,10,2,38,A,A,4,234.09,27,130,166196,12158260,AAPL,0,1106,42.221036586221274
2024-10-21 12:08:37.017734583+00:00,2024-10-21 12:08:37.017734583+00:00,10,2,38,C,A,5,234.12,28,130,165850,12158261,AAPL,0,1079,38.427393888459704
2024-10-21 12:08:37.054120455+00:00,2024-10-21 12:08:37.054120455+00:00,10,2,38,A,A,3,234.04,200,130,166554,12158303,AAPL,0,200,-2.186045699934712
2024-10-21 12:08:37.140123992+00:00,2024-10-21 12:08:37.140123992+00:00,10,2,38,A,A,3,234.03,200,130,166342,12158500,AAPL,0,200,-2.186045699934712
2024-10-21 12:08:37.210561446+00:00,2024-10-21 12:08:37.210561446+00:00,10,2,38,C,B,0,233.78,200,130,165809,12158736,AAPL,-200,-2189,-266.96060764762944
2024-10-21 12:08:37.210572545+00:00,2024-10-21 12:08:37.210572545+00:00,10,2,38,A,B,0,233.76,200,130,166256,12158737,AAPL,200,2189,179.52079111023332
2024-10-21 12:08:37.269320274+00:00,2024-10-21 12:08:37.269320274+00:00,10,2,38,A,A,3,234.02,200,130,166733,12158910,AAPL,0,200,-2.186045699934712
2024-10-21 12:08:37.922862859+00:00,2024-10-21 12:08:37.922862859+00:00,10,2,38,C,A,4,234.09,27,130,166030,12159796,AAPL,0,1083,74.31201169221363
2024-10-21 12:08:37.922947266+00:00,2024-10-21 12:08:37.922947266+00:00,10,2,38,A,A,4,234.07,29,130,166149,12159797,AAPL,0,1085,74.5930222624182
2024-10-21 12:08:38.864074729+00:00,2024-10-21 12:08:38.864074729+00:00,10,2,38,A,A,0,233.93,100,130,165957,12160370,AAPL,100,1672,111.40884659328555
2024-10-21 12:08:38.864096354+00:00,2024-10-21 12:08:38.864096354+00:00,10,2,38,C,B,0,233.76,200,130,166815,12160371,AAPL,-200,-2189,-266.96060764762944
2024-10-21 12:08:38.864439490+00:00,2024-10-21 12:08:38.864439490+00:00,10,2,38,C,A,0,233.93,100,130,166007,12160377,AAPL,100,1672,111.40884659328555
2024-10-21 12:08:38.972450149+00:00,2024-10-21 12:08:38.972450149+00:00,10,2,38,A,B,0,233.74,200,130,166641,12160439,AAPL,200,2189,179.52079111023332
2024-10-21 12:08:38.985809168+00:00,2024-10-21 12:08:38.985809168+00:00,10,2,38,A,A,2,234.0,200,130,166558,12160448,AAPL,0,1485,137.56361943779552
2024-10-21 12:08:39.004863316+00:00,2024-10-21 12:08:39.004863316+00:00,10,2,38,C,A,2,234.0,200,130,166201,12160461,AAPL,0,-200,-65.15664287531204
2024-10-21 12:08:39.004876187+00:00,2024-10-21 12:08:39.004876187+00:00,10,2,38,A,A,3,234.02,200,130,166341,12160462,AAPL,0,1285,116.12688483118153
2024-10-21 12:08:39.005322111+00:00,2024-10-21 12:08:39.005322111+00:00,10,2,38,A,B,0,233.75,29,130,166112,12160463,AAPL,29,2108,308.2078144860627
2024-10-21 12:08:39.005350151+00:00,2024-10-21 12:08:39.005350151+00:00,10,2,38,C,B,2,233.72,28,130,165865,12160464,AAPL,0,-1879,-381.53078487413785
2024-10-21 12:08:39.007699591+00:00,2024-10-21 12:08:39.007699591+00:00,10,2,38,C,A,3,234.02,200,130,165978,12160465,AAPL,0,1285,116.12688483118153
2024-10-21 12:08:39.007712438+00:00,2024-10-21 12:08:39.007712438+00:00,10,2,38,A,A,3,234.06,400,130,166306,12160466,AAPL,0,1485,157.66074739994485
2024-10-21 12:08:39.069736562+00:00,2024-10-21 12:08:39.069736562+00:00,10,2,38,A,B,0,233.75,200,130,166358,12160501,AAPL,200,-1961,-272.19705494302656
2024-10-21 12:08:39.162773976+00:00,2024-10-21 12:08:39.162773976+00:00,10,2,38,A,B,0,233.76,200,130,166883,12160573,AAPL,200,2190,179.58901951225823
2024-10-21 12:08:41.638527966+00:00,2024-10-21 12:08:41.638527966+00:00,10,2,38,A,B,0,233.77,200,130,166273,12161762,AAPL,200,200,-40.470489342252456
2024-10-21 12:08:41.645312053+00:00,2024-10-21 12:08:41.645312053+00:00,10,2,38,A,B,1,233.76,28,130,166115,12161778,AAPL,0,1908,296.1085472664729
2024-10-21 12:08:41.701297052+00:00,2024-10-21 12:08:41.701297052+00:00,10,2,38,C,B,1,233.76,28,130,166027,12161796,AAPL,0,-1908,-383.548363803869
2024-10-21 12:08:41.701320255+00:00,2024-10-21 12:08:41.701320255+00:00,10,2,38,C,B,1,233.75,29,130,165997,12161797,AAPL,0,-1990,-263.77941712320876
2024-10-21 12:08:41.701391064+00:00,2024-10-21 12:08:41.701391064+00:00,10,2,38,A,B,1,233.76,30,130,166219,12161798,AAPL,0,1991,176.40782898783758
2024-10-21 12:08:44.045776235+00:00,2024-10-21 12:08:44.045776235+00:00,10,2,38,T,B,0,233.94,94,0,169164,12162738,AAPL,0,0,-43.71990826869805
2024-10-21 12:08:44.045776717+00:00,2024-10-21 12:08:44.045776717+00:00,10,2,38,T,N,0,233.94,94,130,168682,12162739,AAPL,94,1777,178.6963096315641
2024-10-21 12:08:44.045799937+00:00,2024-10-21 12:08:44.045799937+00:00,10,2,38,A,B,0,233.86,100,130,168327,12162740,AAPL,100,2181,309.57572555101706
2024-10-21 12:08:44.045814276+00:00,2024-10-21 12:08:44.045814276+00:00,10,2,38,A,B,1,233.81,100,130,166946,12162742,AAPL,0,2171,216.51438850213503
2024-10-21 12:08:44.045826034+00:00,2024-10-21 12:08:44.045826034+00:00,10,2,38,C,B,0,233.86,100,130,166563,12162744,AAPL,-100,-100,-45.34461773192085
2024-10-21 12:08:44.045839714+00:00,2024-10-21 12:08:44.045839714+00:00,10,2,38,A,B,1,233.8,57,130,166176,12162746,AAPL,0,-100,-50.54274847119126
2024-10-21 12:08:44.046075488+00:00,2024-10-21 12:08:44.046075488+00:00,10,2,38,A,B,0,233.88,100,130,166359,12162751,AAPL,100,2175,226.63740944687888
2024-10-21 12:08:44.046577511+00:00,2024-10-21 12:08:44.046577511+00:00,10,2,38,C,B,0,233.88,100,130,165930,12162753,AAPL,-100,-2175,-314.077225984275
2024-10-21 12:08:44.062697315+00:00,2024-10-21 12:08:44.062697315+00:00,10,2,38,T,N,0,233.94,44,130,168946,12162795,AAPL,0,0,-43.71990826869805
2024-10-21 12:08:44.062714891+00:00,2024-10-21 12:08:44.062714891+00:00,10,2,38,T,N,0,233.94,27,0,168318,12162796,AAPL,0,0,-43.71990826869805
2024-10-21 12:08:44.062714891+00:00,2024-10-21 12:08:44.062714891+00:00,10,2,38,T,N,0,233.95,17,130,168318,12162797,AAPL,0,0,-43.71990826869805
2024-10-21 12:08:44.070991133+00:00,2024-10-21 12:08:44.070991133+00:00,10,2,38,T,N,0,233.95,37,130,167096,12162801,AAPL,0,0,-43.71990826869805
2024-10-21 12:08:44.071001755+00:00,2024-10-21 12:08:44.071001755+00:00,10,2,38,A,B,0,233.89,100,130,166068,12162802,AAPL,100,2175,226.63740944687888
2024-10-21 12:08:44.071247115+00:00,2024-10-21 12:08:44.071247115+00:00,10,2,38,C,B,0,233.89,100,130,166009,12162803,AAPL,-100,-2175,-314.077225984275
2024-10-21 12:08:44.078717275+00:00,2024-10-21 12:08:44.078717275+00:00,10,2,38,T,N,0,233.95,46,0,171449,12162804,AAPL,0,0,-43.71990826869805
2024-10-21 12:08:44.078717275+00:00,2024-10-21 12:08:44.078717275+00:00,10,2,38,T,N,0,233.96,10,0,171449,12162805,AAPL,0,0,-43.71990826869805
2024-10-21 12:08:44.078717275+00:00,2024-10-21 12:08:44.078717275+00:00,10,2,38,T,B,0,233.98,4,0,171449,12162806,AAPL,0,0,-43.71990826869805
2024-10-21 12:08:44.078717275+00:00,2024-10-21 12:08:44.078717275+00:00,10,2,38,T,B,0,233.98,9,0,171449,12162807,AAPL,-4,-4,-43.784896647226965
2024-10-21 12:08:44.078717275+00:00,2024-10-21 12:08:44.078717275+00:00,10,2,38,T,B,0,233.98,31,130,171449,12162808,AAPL,-9,-9,-43.8661321203881
2024-10-21 12:08:44.078717275+00:00,2024-10-21 12:08:44.078717275+00:00,10,2,38,C,A,0,233.98,31,130,171449,12162808,AAPL,31,1733,125.510111646603
2024-10-21 12:08:44.078746374+00:00,2024-10-21 12:08:44.078746374+00:00,10,2,38,A,B,0,233.92,100,130,166981,12162809,AAPL,100,2175,226.63740944687888
2024-10-21 12:08:44.078758339+00:00,2024-10-21 12:08:44.078758339+00:00,10,2,38,A,B,1,233.91,57,130,166406,12162811,AAPL,0,2207,140.4644177292076
2024-10-21 12:08:44.078760028+00:00,2024-10-21 12:08:44.078760028+00:00,10,2,38,A,B,2,233.88,100,130,166086,12162812,AAPL,0,100,-33.00154096539105
2024-10-21 12:08:44.078772524+00:00,2024-10-21 12:08:44.078772524+00:00,10,2,38,A,B,0,233.87,57,130,166197,12162814,AAPL,-100,-357,-70.67037125395598
2024-10-21 12:08:44.078783923+00:00,2024-10-21 12:08:44.078783923+00:00,10,2,38,C,B,1,233.88,100,130,166089,12162816,AAPL,0,-2307,-233.051997815747
2024-10-21 12:08:44.115212449+00:00,2024-10-21 12:08:44.115212449+00:00,10,2,38,C,A,2,234.07,29,130,166087,12162846,AAPL,0,1149,113.36549436441851
2024-10-21 12:08:44.115267046+00:00,2024-10-21 12:08:44.115267046+00:00,10,2,38,A,A,2,234.13,29,130,166411,12162847,AAPL,0,29,-40.61158175073902
2024-10-21 12:08:44.149196088+00:00,2024-10-21 12:08:44.149196088+00:00,10,2,38,C,B,3,233.8,57,130,165944,12162860,AAPL,0,-2003,-247.79522609181035
2024-10-21 12:08:44.179409160+00:00,2024-10-21 12:08:44.179409160+00:00,10,2,38,C,B,1,233.87,57,130,166206,12162872,AAPL,0,-2075,-312.4525165210522
2024-10-21 12:08:44.303766562+00:00,2024-10-21 12:08:44.303766562+00:00,10,2,38,C,B,1,233.85,57,130,166328,12162939,AAPL,0,-2128,-301.0203837524591
2024-10-21 12:08:44.333763421+00:00,2024-10-21 12:08:44.333763421+00:00,10,2,38,C,B,0,233.91,57,130,166052,12162944,AAPL,-57,-2138,-396.31691701922733
2024-10-21 12:08:45.554994588+00:00,2024-10-21 12:08:45.554994588+00:00,10,2,38,A,A,6,234.43,100,130,166194,12163887,AAPL,0,100,-34.11759800017271
2024-10-21 12:08:46.626940215+00:00,2024-10-21 12:08:46.626940215+00:00,10,2,38,A,B,0,233.9,1,130,166578,12164437,AAPL,1,2082,307.9672631824265
2024-10-21 12:08:56.736391728+00:00,2024-10-21 12:08:56.736391728+00:00,10,2,38,C,B,0,233.9,1,130,165925,12171166,AAPL,-1,-2082,-395.4070797198226
2024-10-21 12:09:01.138241817+00:00,2024-10-21 12:09:01.138241817+00:00,10,2,38,C,B,0,233.77,200,130,166201,12174514,AAPL,-200,-2191,-267.09706445167933
2024-10-21 12:09:01.138255251+00:00,2024-10-21 12:09:01.138255251+00:00,10,2,38,A,B,1,233.73,200,130,166047,12174515,AAPL,0,2161,188.00665733207603
2024-10-21 12:09:01.157397025+00:00,2024-10-21 12:09:01.157397025+00:00,10,2,38,A,B,2,233.7,30,130,166237,12174545,AAPL,0,30,-40.50439807770595
2024-10-21 12:09:01.157426276+00:00,2024-10-21 12:09:01.157426276+00:00,10,2,38,C,B,0,233.76,30,130,165853,12174546,AAPL,-30,-2221,-279.1493968994311
2024-10-21 12:09:02.549437699+00:00,2024-10-21 12:09:02.549437699+00:00,10,2,38,A,A,1,234.05,400,130,166374,12175916,AAPL,0,400,-16.428547458725237
2024-10-21 12:09:02.576510264+00:00,2024-10-21 12:09:02.576510264+00:00,10,2,38,C,A,2,234.13,29,130,166110,12176238,AAPL,0,-29,-46.828234786657084
2024-10-21 12:09:02.576563332+00:00,2024-10-21 12:09:02.576563332+00:00,10,2,38,A,A,2,234.12,29,130,166219,12176242,AAPL,0,1249,120.70522711843391
2024-10-21 12:09:04.138843955+00:00,2024-10-21 12:09:04.138843955+00:00,10,2,38,C,B,1,233.7,30,130,166076,12177517,AAPL,0,-30,-45.766760329446015
2024-10-21 12:09:04.138894379+00:00,2024-10-21 12:09:04.138894379+00:00,10,2,38,A,B,0,233.75,30,130,166310,12177518,AAPL,30,2191,188.49407017104286
2024-10-21 12:09:04.194606283+00:00,2024-10-21 12:09:04.194606283+00:00,10,2,38,A,B,0,233.81,200,130,166589,12177532,AAPL,200,230,-38.4236372815045
2024-10-21 12:09:06.506604143+00:00,2024-10-21 12:09:06.506604143+00:00,10,2,38,C,B,1,233.75,30,130,166150,12179760,AAPL,0,-1991,-263.8476455252337
2024-10-21 12:09:06.565023952+00:00,2024-10-21 12:09:06.565023952+00:00,10,2,38,A,B,1,233.76,30,130,166289,12179817,AAPL,0,1991,176.40782898783758
2024-10-21 12:09:06.773392628+00:00,2024-10-21 12:09:06.773392628+00:00,10,2,38,A,B,0,233.82,200,130,166415,12180059,AAPL,200,200,-40.470489342252456
2024-10-21 12:09:10.542530771+00:00,2024-10-21 12:09:10.542530771+00:00,10,2,38,A,B,0,233.9,10,130,166409,12183116,AAPL,10,2091,308.11348703411653
2024-10-21 12:09:12.689157352+00:00,2024-10-21 12:09:12.689157352+00:00,10,2,38,C,A,1,234.05,400,130,166174,12184428,AAPL,0,1649,147.99658792840668
2024-10-21 12:09:12.689170703+00:00,2024-10-21 12:09:12.689170703+00:00,10,2,38,A,A,1,234.06,200,130,166749,12184429,AAPL,0,1449,134.35090752342032
2024-10-21 12:09:12.782576498+00:00,2024-10-21 12:09:12.782576498+00:00,10,2,38,A,A,1,234.06,200,130,166182,12184538,AAPL,0,200,-30.074227863711645
2024-10-21 12:09:13.223494596+00:00,2024-10-21 12:09:13.223494596+00:00,10,2,38,A,B,1,233.83,200,130,166305,12185116,AAPL,0,200,-30.074227863711645
2024-10-21 12:09:13.230924474+00:00,2024-10-21 12:09:13.230924474+00:00,10,2,38,C,B,2,233.76,30,130,166090,12185219,AAPL,0,-1881,-381.745152220204
2024-10-21 12:09:13.230979969+00:00,2024-10-21 12:09:13.230979969+00:00,10,2,38,A,B,2,233.77,27,130,165938,12185224,AAPL,0,1878,293.98378466370866
2024-10-21 12:09:13.352263576+00:00,2024-10-21 12:09:13.352263576+00:00,10,2,38,C,A,2,234.12,29,130,166446,12185591,AAPL,0,1249,120.70522711843391
2024-10-21 12:09:13.352324097+00:00,2024-10-21 12:09:13.352324097+00:00,10,2,38,A,A,3,234.14,28,130,166432,12185592,AAPL,0,848,40.343916222575054
2024-10-21 12:09:14.174258870+00:00,2024-10-21 12:09:14.174258870+00:00,10,2,38,C,A,1,234.06,200,130,166502,12186227,AAPL,0,-200,-57.36558867368446
2024-10-21 12:09:14.174269739+00:00,2024-10-21 12:09:14.174269739+00:00,10,2,38,C,A,1,234.06,200,130,166459,12186228,AAPL,0,1448,96.86306584078947
2024-10-21 12:09:14.199409178+00:00,2024-10-21 12:09:14.199409178+00:00,10,2,38,A,A,1,234.07,200,130,166221,12186266,AAPL,0,1448,96.86306584078947
2024-10-21 12:09:15.368368108+00:00,2024-10-21 12:09:15.368368108+00:00,10,2,38,C,B,1,233.83,200,130,166881,12187413,AAPL,0,-2078,-395.0692816060912
2024-10-21 12:09:15.368381335+00:00,2024-10-21 12:09:15.368381335+00:00,10,2,38,A,B,2,233.74,400,130,166323,12187414,AAPL,0,2251,333.9632947050437
2024-10-21 12:09:15.368882161+00:00,2024-10-21 12:09:15.368882161+00:00,10,2,38,C,B,1,233.77,27,130,166173,12187416,AAPL,0,-2278,-423.24527809711304
2024-10-21 12:09:15.368983400+00:00,2024-10-21 12:09:15.368983400+00:00,10,2,38,A,B,2,233.72,28,130,166572,12187417,AAPL,0,1879,294.0909683367417
2024-10-21 12:09:15.972801291+00:00,2024-10-21 12:09:15.972801291+00:00,10,2,38,T,N,0,233.98,30,130,166958,12187912,AAPL,0,0,-43.71990826869805
2024-10-21 12:09:16.178054946+00:00,2024-10-21 12:09:16.178054946+00:00,10,2,38,T,N,0,233.98,50,130,167426,12188119,AAPL,0,0,-43.71990826869805
2024-10-21 12:09:17.673639410+00:00,2024-10-21 12:09:17.673639410+00:00,10,2,38,T,N,0,233.98,3,130,167866,12189121,AAPL,0,0,-43.71990826869805
2024-10-21 12:09:18.369344833+00:00,2024-10-21 12:09:18.369344833+00:00,10,2,38,A,B,1,233.77,26,130,166531,12189523,AAPL,0,2295,232.4868827332164
2024-10-21 12:09:18.369370009+00:00,2024-10-21 12:09:18.369370009+00:00,10,2,38,C,B,3,233.72,28,130,166151,12189524,AAPL,0,-1869,-275.27929160473633
2024-10-21 12:09:18.424025933+00:00,2024-10-21 12:09:18.424025933+00:00,10,2,38,A,B,1,233.83,200,130,166256,12189542,AAPL,0,226,-27.287452364851827
2024-10-21 12:09:26.336360989+00:00,2024-10-21 12:09:26.336360989+00:00,10,2,38,C,B,1,233.83,200,130,166251,12194498,AAPL,0,-2077,-394.9620979330581
2024-10-21 12:09:26.336373029+00:00,2024-10-21 12:09:26.336373029+00:00,10,2,38,A,B,1,233.81,200,130,166316,12194499,AAPL,0,2077,307.522281395662
2024-10-21 12:09:26.336385729+00:00,2024-10-21 12:09:26.336385729+00:00,10,2,38,A,A,1,234.07,200,130,165972,12194500,AAPL,0,200,-30.074227863711645
2024-10-21 12:09:26.401883038+00:00,2024-10-21 12:09:26.401883038+00:00,10,2,38,A,B,1,233.82,200,130,166697,12194620,AAPL,0,200,-30.074227863711645
2024-10-21 12:09:30.048768796+00:00,2024-10-21 12:09:30.048768796+00:00,10,2,38,C,A,1,234.07,200,130,166017,12197231,AAPL,0,-200,-57.36558867368446
2024-10-21 12:09:30.048780765+00:00,2024-10-21 12:09:30.048780765+00:00,10,2,38,A,A,1,234.06,200,130,166189,12197232,AAPL,0,200,-30.074227863711645
2024-10-21 12:09:30.065483395+00:00,2024-10-21 12:09:30.065483395+00:00,10,2,38,C,A,3,234.14,28,130,166046,12197308,AAPL,0,848,40.343916222575054
2024-10-21 12:09:30.066245031+00:00,2024-10-21 12:09:30.066245031+00:00,10,2,38,A,A,2,234.13,30,130,166654,12197309,AAPL,0,30,-40.50439807770595
2024-10-21 12:09:32.077963808+00:00,2024-10-21 12:09:32.077963808+00:00,10,2,38,A,B,0,233.9,1,130,166473,12199244,AAPL,1,1,-43.70366117406583
2024-10-21 12:09:37.644355301+00:00,2024-10-21 12:09:37.644355301+00:00,10,2,38,A,B,1,233.83,200,130,166508,12202648,AAPL,0,200,-30.074227863711645
2024-10-21 12:09:38.208139554+00:00,2024-10-21 12:09:38.208139554+00:00,10,2,38,A,B,0,233.97,2,130,166153,12203420,AAPL,2,2080,209.64387765980527
2024-10-21 12:09:42.372615871+00:00,2024-10-21 12:09:42.372615871+00:00,10,2,38,C,A,1,234.06,200,130,165853,12205636,AAPL,0,3450,242.60002355232584
2024-10-21 12:09:42.372627823+00:00,2024-10-21 12:09:42.372627823+00:00,10,2,38,A,A,1,234.07,200,130,166058,12205637,AAPL,0,3450,242.60002355232584
2024-10-21 12:09:43.901315169+00:00,2024-10-21 12:09:43.901315169+00:00,10,2,38,A,B,1,233.95,10,130,166720,12207173,AAPL,0,1978,216.3134949885539
2024-10-21 12:09:45.133407519+00:00,2024-10-21 12:09:45.133407519+00:00,10,2,38,T,N,0,233.98,17,130,168039,12207963,AAPL,0,0,-43.71990826869805
2024-10-21 12:09:45.628579880+00:00,2024-10-21 12:09:45.628579880+00:00,10,2,38,A,B,9,233.5,100,130,166176,12208190,AAPL,0,100,-37.84377959316824
2024-10-21 12:09:48.089350946+00:00,2024-10-21 12:09:48.089350946+00:00,10,2,38,A,A,1,234.07,200,130,166594,12210108,AAPL,0,200,-30.074227863711645
2024-10-21 12:09:48.587030358+00:00,2024-10-21 12:09:48.587030358+00:00,10,2,38,C,A,1,234.07,200,130,165904,12210833,AAPL,0,-200,-57.36558867368446
2024-10-21 12:09:48.587043020+00:00,2024-10-21 12:09:48.587043020+00:00,10,2,38,A,A,1,234.06,200,130,166848,12210834,AAPL,0,200,-30.074227863711645
2024-10-21 12:09:49.792724444+00:00,2024-10-21 12:09:49.792724444+00:00,10,2,38,A,A,1,234.06,200,130,166489,12211836,AAPL,0,200,-30.074227863711645
2024-10-21 12:09:53.122453611+00:00,2024-10-21 12:09:53.122453611+00:00,10,2,38,C,B,0,233.97,2,130,166112,12214081,AAPL,-2,-2065,-308.78051508941485
2024-10-21 12:09:53.247009420+00:00,2024-10-21 12:09:53.247009420+00:00,10,2,38,A,B,3,233.81,30,130,166189,12214171,AAPL,0,1872,184.14311675569235
2024-10-21 12:09:53.247043259+00:00,2024-10-21 12:09:53.247043259+00:00,10,2,38,C,B,4,233.77,26,130,165920,12214172,AAPL,0,-1842,-265.352853907774
2024-10-21 12:09:53.299918437+00:00,2024-10-21 12:09:53.299918437+00:00,10,2,38,A,B,2,233.86,200,130,166461,12214205,AAPL,0,200,-22.28317366208405
2024-10-21 12:09:54.363979828+00:00,2024-10-21 12:09:54.363979828+00:00,10,2,38,C,A,1,234.06,200,130,166316,12214797,AAPL,0,-200,-57.36558867368446
2024-10-21 12:09:54.363990119+00:00,2024-10-21 12:09:54.363990119+00:00,10,2,38,C,A,1,234.06,200,130,166872,12214798,AAPL,0,3450,242.60002355232584
2024-10-21 12:09:54.402345010+00:00,2024-10-21 12:09:54.402345010+00:00,10,2,38,A,A,1,234.06,200,130,166693,12214808,AAPL,0,3450,242.60002355232584
2024-10-21 12:09:57.392602293+00:00,2024-10-21 12:09:57.392602293+00:00,10,2,38,A,A,1,234.05,200,130,166348,12217320,AAPL,0,200,-30.074227863711645
2024-10-21 12:09:57.432954262+00:00,2024-10-21 12:09:57.432954262+00:00,10,2,38,C,A,2,234.13,30,130,165878,12217490,AAPL,0,-30,-46.935418459690155
2024-10-21 12:09:57.433015324+00:00,2024-10-21 12:09:57.433015324+00:00,10,2,38,A,A,2,234.12,27,130,166216,12217491,AAPL,0,1247,120.49085977236773
2024-10-21 12:10:00.023818184+00:00,2024-10-21 12:10:00.023818184+00:00,10,2,38,T,N,0,233.98,2,130,167802,12219639,AAPL,0,0,-43.71990826869805
2024-10-21 12:10:01.648302231+00:00,2024-10-21 12:10:01.648302231+00:00,10,2,38,C,B,2,233.86,200,130,166001,12221707,AAPL,0,-2061,-298.93757205379444
2024-10-21 12:10:01.648314395+00:00,2024-10-21 12:10:01.648314395+00:00,10,2,38,A,B,2,233.84,200,130,166174,12221708,AAPL,0,2061,211.49775551639834
2024-10-21 12:10:01.702573654+00:00,2024-10-21 12:10:01.702573654+00:00,10,2,38,A,A,1,234.04,200,130,166401,12221881,AAPL,0,200,-30.074227863711645
2024-10-21 12:10:01.719020950+00:00,2024-10-21 12:10:01.719020950+00:00,10,2,38,C,A,1,234.04,200,130,165987,12221965,AAPL,0,1447,134.1365401773542
2024-10-21 12:10:01.719033080+00:00,2024-10-21 12:10:01.719033080+00:00,10,2,38,A,A,1,234.09,200,130,166306,12221966,AAPL,0,1447,134.1365401773542
2024-10-21 12:10:01.724626959+00:00,2024-10-21 12:10:01.724626959+00:00,10,2,38,A,A,2,234.11,29,130,167291,12222034,AAPL,0,1275,83.01118407845462
2024-10-21 12:10:01.726066241+00:00,2024-10-21 12:10:01.726066241+00:00,10,2,38,A,B,2,233.84,200,128,167273,12222037,AAPL,0,200,-22.28317366208405
2024-10-21 12:10:01.751841665+00:00,2024-10-21 12:10:01.751841665+00:00,10,2,38,C,A,2,234.11,29,130,166043,12222181,AAPL,0,1275,83.01118407845462
2024-10-21 12:10:01.781661443+00:00,2024-10-21 12:10:01.781661443+00:00,10,2,38,C,B,2,233.84,200,130,166018,12222265,AAPL,0,-200,-65.15664287531204
2024-10-21 12:10:01.781673802+00:00,2024-10-21 12:10:01.781673802+00:00,10,2,38,A,B,2,233.87,400,130,166511,12222266,AAPL,0,400,-0.84643905547005
2024-10-21 12:10:01.842775879+00:00,2024-10-21 12:10:01.842775879+00:00,10,2,38,C,A,2,234.12,27,130,166389,12222352,AAPL,0,1247,120.49085977236773
2024-10-21 12:10:02.294097461+00:00,2024-10-21 12:10:02.294097461+00:00,10,2,38,A,A,3,234.16,27,130,166503,12222991,AAPL,0,847,40.136246909731234
2024-10-21 12:10:03.086137168+00:00,2024-10-21 12:10:03.086137168+00:00,10,2,38,T,N,0,233.99,9,130,167914,12223722,AAPL,0,0,-43.71990826869805
2024-10-21 12:10:03.188596704+00:00,2024-10-21 12:10:03.188596704+00:00,10,2,38,C,B,2,233.87,400,130,165897,12223900,AAPL,0,-2261,-320.3743066604085
2024-10-21 12:10:03.188608784+00:00,2024-10-21 12:10:03.188608784+00:00,10,2,38,A,B,2,233.86,400,130,166417,12223901,AAPL,0,2261,232.93449012301232
2024-10-21 12:10:03.188621108+00:00,2024-10-21 12:10:03.188621108+00:00,10,2,38,A,A,1,234.09,200,130,166266,12223902,AAPL,0,200,-30.074227863711645
2024-10-21 12:10:03.197531287+00:00,2024-10-21 12:10:03.197531287+00:00,10,2,38,A,B,4,233.79,26,130,166375,12224056,AAPL,0,1842,177.91303737037782
2024-10-21 12:10:03.247731199+00:00,2024-10-21 12:10:03.247731199+00:00,10,2,38,C,A,1,234.09,200,130,166044,12224474,AAPL,0,-200,-57.36558867368446
2024-10-21 12:10:03.247744906+00:00,2024-10-21 12:10:03.247744906+00:00,10,2,38,A,A,1,234.08,400,130,166539,12224475,AAPL,0,400,-16.428547458725237
2024-10-21 12:10:03.255005064+00:00,2024-10-21 12:10:03.255005064+00:00,10,2,38,C,B,3,233.81,30,130,166106,12224539,AAPL,0,-1872,-271.58293329308844
2024-10-21 12:10:03.257914828+00:00,2024-10-21 12:10:03.257914828+00:00,10,2,38,C,A,3,234.16,27,130,166206,12224582,AAPL,0,847,40.136246909731234
2024-10-21 12:10:03.459955473+00:00,2024-10-21 12:10:03.459955473+00:00,10,2,38,C,A,1,234.08,400,130,166160,12225012,AAPL,0,3620,253.03019376632008
2024-10-21 12:10:03.459967128+00:00,2024-10-21 12:10:03.459967128+00:00,10,2,38,A,A,1,234.1,400,130,166156,12225013,AAPL,0,3620,253.03019376632008
2024-10-21 12:10:03.514882942+00:00,2024-10-21 12:10:03.514882942+00:00,10,2,38,A,B,2,233.87,400,130,166608,12225080,AAPL,0,400,-0.84643905547005
2024-10-21 12:10:12.927978411+00:00,2024-10-21 12:10:12.927978411+00:00,10,2,38,C,B,3,233.79,26,130,166045,12232536,AAPL,0,-1857,-276.6701601958052
2024-10-21 12:10:12.928036467+00:00,2024-10-21 12:10:12.928036467+00:00,10,2,38,A,B,3,233.8,29,130,166277,12232537,AAPL,0,1860,189.85335159694048
2024-10-21 12:10:12.928066550+00:00,2024-10-21 12:10:12.928066550+00:00,10,2,38,A,A,3,234.16,28,130,166941,12232538,AAPL,0,848,40.343916222575054
2024-10-21 12:10:13.161741583+00:00,2024-10-21 12:10:13.161741583+00:00,10,2,38,C,B,2,233.87,400,130,166149,12232708,AAPL,0,-2260,-320.16663734756463
2024-10-21 12:10:13.161754596+00:00,2024-10-21 12:10:13.161754596+00:00,10,2,38,A,B,2,233.84,200,130,166224,12232709,AAPL,0,2060,211.2900862035545
2024-10-21 12:10:17.086432603+00:00,2024-10-21 12:10:17.086432603+00:00,10,2,38,T,N,0,233.99,2,130,167523,12235454,AAPL,0,0,-43.71990826869805
2024-10-21 12:10:20.742267983+00:00,2024-10-21 12:10:20.742267983+00:00,10,2,38,A,B,0,233.96,20,130,166365,12237424,AAPL,20,2086,222.0546621107057
2024-10-21 12:10:22.088936277+00:00,2024-10-21 12:10:22.088936277+00:00,10,2,38,T,N,0,233.99,5,130,167527,12238033,AAPL,0,0,-43.71990826869805
2024-10-21 12:10:23.455694731+00:00,2024-10-21 12:10:23.455694731+00:00,10,2,38,A,B,3,233.84,200,130,166482,12239081,AAPL,0,200,-2.186045699934712
2024-10-21 12:10:23.510549173+00:00,2024-10-21 12:10:23.510549173+00:00,10,2,38,C,B,3,233.84,200,130,165985,12239119,AAPL,0,-200,-85.25377083746139
2024-10-21 12:10:23.510561501+00:00,2024-10-21 12:10:23.510561501+00:00,10,2,38,A,B,3,233.87,400,130,166854,12239120,AAPL,0,400,39.34781686882863
2024-10-21 12:10:24.014526498+00:00,2024-10-21 12:10:24.014526498+00:00,10,2,38,A,B,3,233.88,400,130,166474,12239510,AAPL,0,400,39.34781686882863
2024-10-21 12:10:29.982925320+00:00,2024-10-21 12:10:29.982925320+00:00,10,2,38,C,B,1,233.95,10,130,166093,12243847,AAPL,0,-2266,-350.7033993242206
2024-10-21 12:10:32.696534026+00:00,2024-10-21 12:10:32.696534026+00:00,10,2,38,C,B,3,233.8,29,130,166019,12245508,AAPL,0,-1860,-277.2931681343366
2024-10-21 12:10:32.696591804+00:00,2024-10-21 12:10:32.696591804+00:00,10,2,38,A,B,3,233.81,28,130,166166,12245509,AAPL,0,1859,189.6456822840967
2024-10-21 12:10:36.255768918+00:00,2024-10-21 12:10:36.255768918+00:00,10,2,38,C,B,2,233.88,200,130,166308,12247980,AAPL,0,-200,-65.15664287531204
2024-10-21 12:10:36.667879809+00:00,2024-10-21 12:10:36.667879809+00:00,10,2,38,C,A,1,234.1,400,130,165865,12248362,AAPL,0,1648,110.50874624577588
2024-10-21 12:10:36.667890580+00:00,2024-10-21 12:10:36.667890580+00:00,10,2,38,A,A,1,234.12,400,130,166224,12248363,AAPL,0,1648,110.50874624577588
2024-10-21 12:10:36.718839166+00:00,2024-10-21 12:10:36.718839166+00:00,10,2,38,A,B,2,233.89,200,130,166724,12248396,AAPL,0,200,-22.28317366208405
2024-10-21 12:10:36.743886554+00:00,2024-10-21 12:10:36.743886554+00:00,10,2,38,C,A,3,234.16,28,130,166497,12248576,AAPL,0,848,40.343916222575054
2024-10-21 12:10:36.743997154+00:00,2024-10-21 12:10:36.743997154+00:00,10,2,38,A,A,4,234.18,29,130,166193,12248578,AAPL,0,848,38.46332344581203
2024-10-21 12:10:42.064737913+00:00,2024-10-21 12:10:42.064737913+00:00,10,2,38,C,B,2,233.89,200,130,166591,12252326,AAPL,0,-2059,-298.5222334281068
2024-10-21 12:10:42.064751203+00:00,2024-10-21 12:10:42.064751203+00:00,10,2,38,A,B,2,233.86,200,130,166451,12252327,AAPL,0,2059,211.0824168907107
2024-10-21 12:10:43.289649676+00:00,2024-10-21 12:10:43.289649676+00:00,10,2,38,A,A,1,234.11,400,130,166161,12253919,AAPL,0,400,-16.428547458725237
2024-10-21 12:10:43.377793688+00:00,2024-10-21 12:10:43.377793688+00:00,10,2,38,C,A,4,234.18,29,130,165921,12254130,AAPL,0,848,38.46332344581203
2024-10-21 12:10:43.377874040+00:00,2024-10-21 12:10:43.377874040+00:00,10,2,38,A,A,3,234.17,28,130,166241,12254131,AAPL,0,28,-37.905167509071184
2024-10-21 12:10:45.117298924+00:00,2024-10-21 12:10:45.117298924+00:00,10,2,38,A,B,2,233.88,200,130,166301,12255855,AAPL,0,200,-22.28317366208405
2024-10-21 12:10:50.849951366+00:00,2024-10-21 12:10:50.849951366+00:00,10,2,38,A,B,2,233.89,200,130,166503,12260865,AAPL,0,200,-22.28317366208405
2024-10-21 12:10:52.970596564+00:00,2024-10-21 12:10:52.970596564+00:00,10,2,38,C,A,4,234.25,50,130,166260,12262701,AAPL,0,2819,182.65769443027548
2024-10-21 12:10:53.810283344+00:00,2024-10-21 12:10:53.810283344+00:00,10,2,38,C,B,0,233.96,20,130,166843,12263307,AAPL,-20,-2090,-299.59768774302563
2024-10-21 12:10:53.881437911+00:00,2024-10-21 12:10:53.881437911+00:00,10,2,38,C,B,1,233.89,200,130,166059,12263356,AAPL,0,-2169,-399.0335985772326
2024-10-21 12:10:53.881449961+00:00,2024-10-21 12:10:53.881449961+00:00,10,2,38,A,B,1,233.86,200,130,166452,12263357,AAPL,0,2169,311.5937820398365
2024-10-21 12:10:54.127647992+00:00,2024-10-21 12:10:54.127647992+00:00,10,2,38,C,B,1,233.86,200,130,165988,12263603,AAPL,0,-2169,-399.0335985772326
2024-10-21 12:10:54.127659727+00:00,2024-10-21 12:10:54.127659727+00:00,10,2,38,A,B,2,233.78,400,130,166348,12263604,AAPL,0,2341,337.82042800315213
2024-10-21 12:10:54.146847471+00:00,2024-10-21 12:10:54.146847471+00:00,10,2,38,C,B,1,233.81,28,130,166314,12263624,AAPL,0,-2369,-427.17063979724634
2024-10-21 12:10:54.146889193+00:00,2024-10-21 12:10:54.146889193+00:00,10,2,38,A,B,2,233.76,27,130,166376,12263625,AAPL,0,1968,297.840917961817
2024-10-21 12:10:54.146930519+00:00,2024-10-21 12:10:54.146930519+00:00,10,2,38,A,A,2,234.13,27,130,166771,12263626,AAPL,0,27,-40.82594909680516
2024-10-21 12:10:54.147042446+00:00,2024-10-21 12:10:54.147042446+00:00,10,2,38,C,A,3,234.17,28,130,166018,12263627,AAPL,0,-28,-49.53464902832492
2024-10-21 12:10:54.198356340+00:00,2024-10-21 12:10:54.198356340+00:00,10,2,38,A,A,1,234.06,200,130,166659,12263665,AAPL,0,200,-30.074227863711645
2024-10-21 12:10:57.184732013+00:00,2024-10-21 12:10:57.184732013+00:00,10,2,38,A,B,1,233.82,200,130,166907,12265734,AAPL,0,200,-30.074227863711645
2024-10-21 12:10:57.589931819+00:00,2024-10-21 12:10:57.589931819+00:00,10,2,38,A,B,1,233.83,200,130,166241,12266072,AAPL,0,200,-30.074227863711645
2024-10-21 12:10:57.806606311+00:00,2024-10-21 12:10:57.806606311+00:00,10,2,38,C,B,1,233.83,200,130,166073,12266374,AAPL,0,-2168,-398.9264149041996
2024-10-21 12:10:57.806619389+00:00,2024-10-21 12:10:57.806619389+00:00,10,2,38,A,B,1,233.78,400,130,166204,12266375,AAPL,0,2368,325.13227877178986
2024-10-21 12:10:59.771109174+00:00,2024-10-21 12:10:59.771109174+00:00,10,2,38,C,B,2,233.76,27,130,166509,12268147,AAPL,0,-1968,-385.28073449921317
2024-10-21 12:10:59.771161194+00:00,2024-10-21 12:10:59.771161194+00:00,10,2,38,A,B,2,233.77,30,130,166298,12268148,AAPL,0,1971,298.16246898091623
2024-10-21 12:11:00.807617417+00:00,2024-10-21 12:11:00.807617417+00:00,10,2,38,C,B,2,233.77,30,130,166134,12269676,AAPL,0,-1971,-385.6022855183123
2024-10-21 12:11:00.807657573+00:00,2024-10-21 12:11:00.807657573+00:00,10,2,38,A,B,1,233.82,26,130,166592,12269677,AAPL,0,2367,339.5943664558004
2024-10-21 12:11:00.863155159+00:00,2024-10-21 12:11:00.863155159+00:00,10,2,38,A,B,1,233.87,200,130,166583,12269733,AAPL,0,226,-27.287452364851827
2024-10-21 12:11:02.807100841+00:00,2024-10-21 12:11:02.807100841+00:00,10,2,38,A,B,1,233.88,200,130,166782,12271687,AAPL,0,200,-30.074227863711645
2024-10-21 12:11:08.220315875+00:00,2024-10-21 12:11:08.220315875+00:00,10,2,38,C,B,1,233.88,200,130,166109,12275485,AAPL,0,-2167,-398.8192312311665
2024-10-21 12:11:08.291449117+00:00,2024-10-21 12:11:08.291449117+00:00,10,2,38,A,B,2,233.78,400,130,166540,12275506,AAPL,0,2341,337.82042800315213
2024-10-21 12:11:08.292006615+00:00,2024-10-21 12:11:08.292006615+00:00,10,2,38,A,B,3,233.76,27,130,166534,12275507,AAPL,0,1858,189.4380129712529
2024-10-21 12:11:08.292044305+00:00,2024-10-21 12:11:08.292044305+00:00,10,2,38,C,B,1,233.82,26,130,166219,12275508,AAPL,0,-2284,-321.5252371745252
2024-10-21 12:11:10.442610415+00:00,2024-10-21 12:11:10.442610415+00:00,10,2,38,A,B,1,233.79,400,130,166335,12277136,AAPL,0,400,-16.428547458725237
2024-10-21 12:11:10.454786222+00:00,2024-10-21 12:11:10.454786222+00:00,10,2,38,C,B,2,233.76,27,130,166177,12277212,AAPL,0,-1968,-385.28073449921317
2024-10-21 12:11:10.454836386+00:00,2024-10-21 12:11:10.454836386+00:00,10,2,38,A,B,2,233.77,27,130,166500,12277213,AAPL,0,1968,297.840917961817
2024-10-21 12:11:11.346234393+00:00,2024-10-21 12:11:11.346234393+00:00,10,2,38,A,B,1,233.83,200,130,167057,12278338,AAPL,0,200,-30.074227863711645
2024-10-21 12:11:18.869640062+00:00,2024-10-21 12:11:18.869640062+00:00,10,2,38,C,B,1,233.83,200,130,166060,12284656,AAPL,0,-2168,-398.9264149041996
2024-10-21 12:11:18.869653217+00:00,2024-10-21 12:11:18.869653217+00:00,10,2,38,A,B,1,233.78,400,130,166282,12284657,AAPL,0,2368,325.13227877178986
2024-10-21 12:11:21.873343400+00:00,2024-10-21 12:11:21.873343400+00:00,10,2,38,C,B,2,233.77,27,130,166215,12287082,AAPL,0,-1968,-385.28073449921317
2024-10-21 12:11:21.873432987+00:00,2024-10-21 12:11:21.873432987+00:00,10,2,38,A,B,1,233.81,26,130,166243,12287083,AAPL,0,2367,339.5943664558004
2024-10-21 12:11:21.928253749+00:00,2024-10-21 12:11:21.928253749+00:00,10,2,38,A,B,1,233.86,200,130,166520,12287102,AAPL,0,226,-27.287452364851827
2024-10-21 12:11:22.072355634+00:00,2024-10-21 12:11:22.072355634+00:00,10,2,38,C,B,1,233.86,200,130,166094,12287179,AAPL,0,-2167,-398.8192312311665
2024-10-21 12:11:22.072368471+00:00,2024-10-21 12:11:22.072368471+00:00,10,2,38,A,B,2,233.78,400,130,166302,12287180,AAPL,0,2341,337.82042800315213
2024-10-21 12:11:22.072864187+00:00,2024-10-21 12:11:22.072864187+00:00,10,2,38,C,B,1,233.81,26,130,165952,12287181,AAPL,0,-2367,-427.03418299319657
2024-10-21 12:11:22.937969054+00:00,2024-10-21 12:11:22.937969054+00:00,10,2,38,T,N,0,233.98,4,130,167084,12287694,AAPL,0,0,-43.71990826869805
2024-10-21 12:11:23.000862969+00:00,2024-10-21 12:11:23.000862969+00:00,10,2,38,A,B,2,233.76,30,130,166558,12287720,AAPL,0,1971,298.16246898091623
2024-10-21 12:11:25.072916074+00:00,2024-10-21 12:11:25.072916074+00:00,10,2,38,C,A,1,234.06,200,130,166343,12288985,AAPL,0,3399,295.5235353678319
2024-10-21 12:11:25.072929618+00:00,2024-10-21 12:11:25.072929618+00:00,10,2,38,A,A,1,234.12,400,130,166629,12288986,AAPL,0,3599,309.16921577281835
2024-10-21 12:11:25.073291984+00:00,2024-10-21 12:11:25.073291984+00:00,10,2,38,C,B,2,233.76,30,130,166024,12288987,AAPL,0,-1971,-385.6022855183123
2024-10-21 12:11:25.073388717+00:00,2024-10-21 12:11:25.073388717+00:00,10,2,38,A,B,1,233.81,26,130,166297,12288988,AAPL,0,2367,339.5943664558004
2024-10-21 12:11:25.073972612+00:00,2024-10-21 12:11:25.073972612+00:00,10,2,38,C,A,2,234.13,27,130,166233,12288989,AAPL,0,-27,-46.613867440590944
2024-10-21 12:11:25.074100004+00:00,2024-10-21 12:11:25.074100004+00:00,10,2,38,A,A,4,234.18,30,130,166361,12288990,AAPL,0,2799,179.84758872822985
2024-10-21 12:11:25.129294511+00:00,2024-10-21 12:11:25.129294511+00:00,10,2,38,A,B,1,233.86,200,130,167359,12289009,AAPL,0,226,-27.287452364851827
2024-10-21 12:11:27.120005157+00:00,2024-10-21 12:11:27.120005157+00:00,10,2,38,C,B,1,233.86,200,130,166150,12290119,AAPL,0,-2167,-398.8192312311665
2024-10-21 12:11:27.120018111+00:00,2024-10-21 12:11:27.120018111+00:00,10,2,38,A,B,2,233.78,400,130,166650,12290120,AAPL,0,2341,337.82042800315213
2024-10-21 12:11:27.120506757+00:00,2024-10-21 12:11:27.120506757+00:00,10,2,38,C,B,1,233.81,26,130,166433,12290123,AAPL,0,-2367,-427.03418299319657
2024-10-21 12:11:27.120548454+00:00,2024-10-21 12:11:27.120548454+00:00,10,2,38,A,B,2,233.76,29,130,166144,12290124,AAPL,0,1970,298.05528530788314
2024-10-21 12:11:27.120650159+00:00,2024-10-21 12:11:27.120650159+00:00,10,2,38,A,A,2,234.13,27,130,166155,12290125,AAPL,0,27,-40.82594909680516
2024-10-21 12:11:27.120720548+00:00,2024-10-21 12:11:27.120720548+00:00,10,2,38,C,A,4,234.18,30,130,166035,12290126,AAPL,0,2799,179.84758872822985
2024-10-21 12:11:27.177529449+00:00,2024-10-21 12:11:27.177529449+00:00,10,2,38,A,A,1,234.06,200,130,166250,12290153,AAPL,0,200,-30.074227863711645
2024-10-21 12:11:30.179103980+00:00,2024-10-21 12:11:30.179103980+00:00,10,2,38,A,B,1,233.82,200,130,167583,12292157,AAPL,0,200,-30.074227863711645
2024-10-21 12:11:34.156391256+00:00,2024-10-21 12:11:34.156391256+00:00,10,2,38,C,B,1,233.82,200,130,166107,12294618,AAPL,0,-2170,-399.1407822502657
2024-10-21 12:11:34.156403417+00:00,2024-10-21 12:11:34.156403417+00:00,10,2,38,A,B,1,233.78,400,130,166441,12294619,AAPL,0,2370,325.346646117856
2024-10-21 12:11:36.738675617+00:00,2024-10-21 12:11:36.738675617+00:00,10,2,38,C,B,0,233.9,1,130,166484,12295779,AAPL,-1,-1,-43.736155363330276
2024-10-21 12:11:37.210931791+00:00,2024-10-21 12:11:37.210931791+00:00,10,2,38,A,B,1,233.82,200,130,166591,12295954,AAPL,0,200,-30.074227863711645
2024-10-21 12:11:40.138482175+00:00,2024-10-21 12:11:40.138482175+00:00,10,2,38,C,B,1,233.82,200,130,166298,12298108,AAPL,0,-2170,-399.1407822502657
2024-10-21 12:11:40.138496802+00:00,2024-10-21 12:11:40.138496802+00:00,10,2,38,A,B,1,233.78,400,130,167232,12298109,AAPL,0,2370,325.346646117856
2024-10-21 12:11:43.193475620+00:00,2024-10-21 12:11:43.193475620+00:00,10,2,38,A,B,1,233.82,200,130,166385,12299803,AAPL,0,200,-30.074227863711645
2024-10-21 12:11:45.774723015+00:00,2024-10-21 12:11:45.774723015+00:00,10,2,38,T,N,0,233.98,50,130,167858,12301317,AAPL,0,0,-43.71990826869805
2024-10-21 12:11:45.843943302+00:00,2024-10-21 12:11:45.843943302+00:00,10,2,38,C,B,1,233.82,200,130,166125,12301621,AAPL,0,-2170,-399.1407822502657
2024-10-21 12:11:45.843955896+00:00,2024-10-21 12:11:45.843955896+00:00,10,2,38,A,B,1,233.78,400,130,166293,12301622,AAPL,0,2370,325.346646117856
2024-10-21 12:11:48.580722768+00:00,2024-10-21 12:11:48.580722768+00:00,10,2,38,A,B,1,233.79,400,130,166385,12303381,AAPL,0,400,-16.428547458725237
2024-10-21 12:11:48.598471411+00:00,2024-10-21 12:11:48.598471411+00:00,10,2,38,C,B,2,233.76,29,130,166992,12303469,AAPL,0,-1970,-385.4951018452793
2024-10-21 12:11:48.598514970+00:00,2024-10-21 12:11:48.598514970+00:00,10,2,38,A,B,2,233.77,28,130,166275,12303470,AAPL,0,1969,297.9481016348501
2024-10-21 12:11:48.899046660+00:00,2024-10-21 12:11:48.899046660+00:00,10,2,38,A,B,1,233.83,200,130,166447,12303858,AAPL,0,200,-30.074227863711645
2024-10-21 12:11:50.834920978+00:00,2024-10-21 12:11:50.834920978+00:00,10,2,38,C,B,1,233.83,200,130,166093,12305321,AAPL,0,-2169,-399.0335985772326
2024-10-21 12:11:50.924089402+00:00,2024-10-21 12:11:50.924089402+00:00,10,2,38,A,B,1,233.83,200,130,167243,12305429,AAPL,0,2169,311.5937820398365
2024-10-21 12:11:53.326572732+00:00,2024-10-21 12:11:53.326572732+00:00,10,2,38,C,B,1,233.83,200,130,165981,12306983,AAPL,0,-2169,-399.0335985772326
2024-10-21 12:11:53.326585955+00:00,2024-10-21 12:11:53.326585955+00:00,10,2,38,A,B,1,233.79,400,130,166175,12306984,AAPL,0,2369,325.2394624448229
2024-10-21 12:11:56.382477901+00:00,2024-10-21 12:11:56.382477901+00:00,10,2,38,A,B,1,233.83,200,130,166659,12309100,AAPL,0,200,-30.074227863711645
2024-10-21 12:12:02.086529609+00:00,2024-10-21 12:12:02.086529609+00:00,10,2,38,A,A,0,233.97,20,130,166528,12315842,AAPL,20,3571,296.7165824556716
2024-10-21 12:12:02.213802116+00:00,2024-10-21 12:12:02.213802116+00:00,10,2,38,C,B,1,233.83,200,130,166544,12315992,AAPL,0,-2169,-399.0335985772326
2024-10-21 12:12:02.316648939+00:00,2024-10-21 12:12:02.316648939+00:00,10,2,38,A,B,1,233.82,200,130,166430,12316513,AAPL,0,2169,311.5937820398365
2024-10-21 12:12:08.967185824+00:00,2024-10-21 12:12:08.967185824+00:00,10,2,38,C,A,0,233.97,20,130,166225,12322349,AAPL,20,3571,296.7165824556716
2024-10-21 12:12:08.996704242+00:00,2024-10-21 12:12:08.996704242+00:00,10,2,38,T,N,0,233.96,4,130,167903,12322367,AAPL,0,0,-43.71990826869805
2024-10-21 12:12:08.996733815+00:00,2024-10-21 12:12:08.996733815+00:00,10,2,38,C,B,1,233.82,200,130,166033,12322368,AAPL,0,-2169,-399.0335985772326
2024-10-21 12:12:09.099739392+00:00,2024-10-21 12:12:09.099739392+00:00,10,2,38,A,B,1,233.82,200,130,166219,12322505,AAPL,0,2169,311.5937820398365
2024-10-21 12:12:10.232691130+00:00,2024-10-21 12:12:10.232691130+00:00,10,2,38,A,B,1,233.83,200,130,166423,12324515,AAPL,0,200,-30.074227863711645
2024-10-21 12:12:22.882127538+00:00,2024-10-21 12:12:22.882127538+00:00,10,2,38,C,B,1,233.83,200,130,166238,12335502,AAPL,0,-2169,-399.0335985772326
2024-10-21 12:12:22.882140909+00:00,2024-10-21 12:12:22.882140909+00:00,10,2,38,A,B,1,233.78,400,130,166017,12335503,AAPL,0,2369,325.2394624448229
2024-10-21 12:12:25.936845190+00:00,2024-10-21 12:12:25.936845190+00:00,10,2,38,A,B,1,233.82,200,130,166521,12338576,AAPL,0,200,-30.074227863711645
2024-10-21 12:12:28.133772380+00:00,2024-10-21 12:12:28.133772380+00:00,10,2,38,A,B,1,233.83,200,130,166539,12339995,AAPL,0,200,-30.074227863711645
2024-10-21 12:12:28.677449361+00:00,2024-10-21 12:12:28.677449361+00:00,10,2,38,C,B,1,233.83,200,130,165963,12340411,AAPL,0,-2169,-399.0335985772326
2024-10-21 12:12:28.677461375+00:00,2024-10-21 12:12:28.677461375+00:00,10,2,38,A,B,1,233.78,400,130,166428,12340412,AAPL,0,2369,325.2394624448229
2024-10-21 12:12:31.318823338+00:00,2024-10-21 12:12:31.318823338+00:00,10,2,38,C,A,1,234.06,200,130,166105,12341951,AAPL,0,3399,295.5235353678319
2024-10-21 12:12:31.397839079+00:00,2024-10-21 12:12:31.397839079+00:00,10,2,38,T,N,0,233.98,50,130,167678,12342316,AAPL,0,0,-43.71990826869805
2024-10-21 12:12:31.425804077+00:00,2024-10-21 12:12:31.425804077+00:00,10,2,38,A,A,1,234.07,200,130,166280,12342547,AAPL,0,3399,295.5235353678319
2024-10-21 12:12:31.453857757+00:00,2024-10-21 12:12:31.453857757+00:00,10,2,38,A,B,1,233.79,400,130,166614,12342589,AAPL,0,400,-16.428547458725237
2024-10-21 12:12:31.678952187+00:00,2024-10-21 12:12:31.678952187+00:00,10,2,38,C,B,2,233.77,28,130,166162,12343225,AAPL,0,-1969,-385.3879181722462
2024-10-21 12:12:31.679008317+00:00,2024-10-21 12:12:31.679008317+00:00,10,2,38,A,B,1,233.82,30,130,166300,12343226,AAPL,0,2371,339.86728006390007
2024-10-21 12:12:31.733377635+00:00,2024-10-21 12:12:31.733377635+00:00,10,2,38,A,B,1,233.87,200,130,166340,12343455,AAPL,0,230,-26.858717672719543
2024-10-21 12:12:41.238712131+00:00,2024-10-21 12:12:41.238712131+00:00,10,2,38,A,A,1,234.06,200,130,166496,12350539,AAPL,0,200,-30.074227863711645
2024-10-21 12:12:43.651347870+00:00,2024-10-21 12:12:43.651347870+00:00,10,2,38,C,B,1,233.87,200,130,166711,12352115,AAPL,0,-2171,-399.24796592329875
2024-10-21 12:12:43.731132036+00:00,2024-10-21 12:12:43.731132036+00:00,10,2,38,A,B,2,233.78,400,130,166238,12352210,AAPL,0,2341,337.82042800315213
2024-10-21 12:12:43.731655758+00:00,2024-10-21 12:12:43.731655758+00:00,10,2,38,C,B,1,233.82,30,130,165967,12352211,AAPL,0,-2371,-427.3070966012962
2024-10-21 12:12:43.731785539+00:00,2024-10-21 12:12:43.731785539+00:00,10,2,38,A,B,2,233.76,29,130,166347,12352212,AAPL,0,1970,298.05528530788314
2024-10-21 12:12:46.780372537+00:00,2024-10-21 12:12:46.780372537+00:00,10,2,38,A,B,1,233.82,200,128,167318,12353700,AAPL,0,200,-30.074227863711645
2024-10-21 12:12:47.484476304+00:00,2024-10-21 12:12:47.484476304+00:00,10,2,38,C,B,1,233.82,200,130,165888,12353973,AAPL,0,-2170,-399.1407822502657
2024-10-21 12:12:47.484693420+00:00,2024-10-21 12:12:47.484693420+00:00,10,2,38,A,A,0,233.99,100,130,166649,12353975,AAPL,100,3651,298.01635002624977
2024-10-21 12:12:47.485023375+00:00,2024-10-21 12:12:47.485023375+00:00,10,2,38,C,A,0,233.99,100,130,166102,12353978,AAPL,100,3651,298.01635002624977
2024-10-21 12:12:47.604468075+00:00,2024-10-21 12:12:47.604468075+00:00,10,2,38,A,B,1,233.78,400,130,166447,12354240,AAPL,0,2370,325.346646117856
2024-10-21 12:12:47.736191420+00:00,2024-10-21 12:12:47.736191420+00:00,10,2,38,A,A,1,234.06,200,130,166321,12354295,AAPL,0,200,-30.074227863711645
2024-10-21 12:12:48.104146428+00:00,2024-10-21 12:12:48.104146428+00:00,10,2,38,T,A,0,233.9,10,130,168092,12354546,AAPL,0,0,-43.71990826869805
2024-10-21 12:12:48.104146428+00:00,2024-10-21 12:12:48.104146428+00:00,10,2,38,C,B,0,233.9,10,130,168092,12354546,AAPL,-10,-2380,-412.94893360157437
2024-10-21 12:12:48.104167967+00:00,2024-10-21 12:12:48.104167967+00:00,10,2,38,A,A,0,233.98,100,130,166157,12354547,AAPL,100,3851,319.4530846328638
2024-10-21 12:12:48.104178898+00:00,2024-10-21 12:12:48.104178898+00:00,10,2,38,C,B,0,233.78,400,130,166117,12354548,AAPL,-400,-2380,-274.28373151074885
2024-10-21 12:12:48.104181225+00:00,2024-10-21 12:12:48.104181225+00:00,10,2,38,A,A,0,233.98,100,130,166009,12354549,AAPL,100,100,-42.095198805475256
2024-10-21 12:12:48.104185923+00:00,2024-10-21 12:12:48.104185923+00:00,10,2,38,C,A,0,233.98,100,130,166003,12354550,AAPL,-100,-100,-45.34461773192085
2024-10-21 12:12:48.104190565+00:00,2024-10-21 12:12:48.104190565+00:00,10,2,38,A,A,0,233.95,14,130,166288,12354552,AAPL,14,1865,193.90076589785906
2024-10-21 12:12:48.104196514+00:00,2024-10-21 12:12:48.104196514+00:00,10,2,38,A,A,0,233.95,16,130,166368,12354553,AAPL,16,16,-43.459954754582405
2024-10-21 12:12:48.104209602+00:00,2024-10-21 12:12:48.104209602+00:00,10,2,38,A,A,1,233.98,16,130,166182,12354554,AAPL,0,16,-42.62825383629914
2024-10-21 12:12:48.104217612+00:00,2024-10-21 12:12:48.104217612+00:00,10,2,38,C,A,1,233.98,100,130,167403,12354555,AAPL,0,-100,-50.54274847119126
2024-10-21 12:12:48.176175311+00:00,2024-10-21 12:12:48.176175311+00:00,10,2,38,A,B,1,233.71,27,130,166137,12354620,AAPL,0,1978,180.20862031641173
2024-10-21 12:12:48.176204532+00:00,2024-10-21 12:12:48.176204532+00:00,10,2,38,C,B,0,233.76,29,130,165844,12354621,AAPL,-29,-2007,-268.1196025981424
2024-10-21 12:12:48.176852661+00:00,2024-10-21 12:12:48.176852661+00:00,10,2,38,C,B,0,233.71,27,130,165819,12354624,AAPL,-27,-2088,-263.7709985765231
2024-10-21 12:12:48.179929431+00:00,2024-10-21 12:12:48.179929431+00:00,10,2,38,A,A,4,234.08,29,130,166123,12354625,AAPL,0,1225,79.25902569380177
2024-10-21 12:12:48.179967058+00:00,2024-10-21 12:12:48.179967058+00:00,10,2,38,C,A,5,234.13,27,130,166156,12354626,AAPL,0,-27,-47.63654553251153
2024-10-21 12:12:48.204254179+00:00,2024-10-21 12:12:48.204254179+00:00,10,2,38,C,A,0,233.95,14,130,166221,12354640,AAPL,-14,-14,-43.947367593549245
2024-10-21 12:12:48.204281167+00:00,2024-10-21 12:12:48.204281167+00:00,10,2,38,C,A,1,233.98,16,130,165868,12354641,AAPL,0,1768,176.00805364700665
2024-10-21 12:12:48.213961498+00:00,2024-10-21 12:12:48.213961498+00:00,10,2,38,A,B,1,233.67,400,130,166345,12354647,AAPL,0,1261,121.3097888641112
2024-10-21 12:12:48.232970230+00:00,2024-10-21 12:12:48.232970230+00:00,10,2,38,C,A,2,234.06,200,130,166362,12354661,AAPL,0,-200,-65.15664287531204
2024-10-21 12:12:48.232983049+00:00,2024-10-21 12:12:48.232983049+00:00,10,2,38,A,A,2,234.01,200,130,166507,12354662,AAPL,0,200,-22.28317366208405
2024-10-21 12:12:48.247336117+00:00,2024-10-21 12:12:48.247336117+00:00,10,2,38,C,B,1,233.67,400,130,166047,12354665,AAPL,0,-1261,-208.74960540150732
2024-10-21 12:12:48.247348435+00:00,2024-10-21 12:12:48.247348435+00:00,10,2,38,A,B,2,233.62,400,130,166221,12354666,AAPL,0,1260,136.7847135943333
2024-10-21 12:12:48.306851049+00:00,2024-10-21 12:12:48.306851049+00:00,10,2,38,A,B,0,233.72,400,130,166524,12354670,AAPL,400,1601,44.76019568714465
2024-10-21 12:12:48.347879918+00:00,2024-10-21 12:12:48.347879918+00:00,10,2,38,C,A,2,234.01,200,130,165963,12354690,AAPL,0,1399,110.94195756721832
2024-10-21 12:12:48.347893041+00:00,2024-10-21 12:12:48.347893041+00:00,10,2,38,A,A,2,234.06,400,130,166083,12354691,AAPL,0,1599,132.37869217383232
2024-10-21 12:12:48.363762750+00:00,2024-10-21 12:12:48.363762750+00:00,10,2,38,C,A,0,233.95,16,130,166311,12354719,AAPL,16,1769,143.1458195997875
2024-10-21 12:12:49.107274312+00:00,2024-10-21 12:12:49.107274312+00:00,10,2,38,C,B,0,233.72,400,130,165884,12355060,AAPL,-400,-2461,-269.8311648743441
2024-10-21 12:12:49.117556478+00:00,2024-10-21 12:12:49.117556478+00:00,10,2,38,A,B,0,233.72,200,130,166226,12355064,AAPL,200,2261,179.14192941050243
2024-10-21 12:12:49.170094147+00:00,2024-10-21 12:12:49.170094147+00:00,10,2,38,A,B,3,233.65,28,130,166936,12355076,AAPL,0,778,55.353117268837586
2024-10-21 12:12:49.179568062+00:00,2024-10-21 12:12:49.179568062+00:00,10,2,38,A,B,0,233.72,200,130,166849,12355080,AAPL,200,200,-40.470489342252456
2024-10-21 12:12:50.108656247+00:00,2024-10-21 12:12:50.108656247+00:00,10,2,38,C,B,0,233.72,200,130,166244,12355613,AAPL,-200,-200,-46.96932719514365
2024-10-21 12:12:50.108666090+00:00,2024-10-21 12:12:50.108666090+00:00,10,2,38,C,B,0,233.72,200,130,165802,12355614,AAPL,-200,-2179,-228.0236188356308
2024-10-21 12:12:50.212175433+00:00,2024-10-21 12:12:50.212175433+00:00,10,2,38,A,B,0,233.72,400,130,166496,12355646,AAPL,400,2379,143.83322122468024
2024-10-21 12:12:50.565304171+00:00,2024-10-21 12:12:50.565304171+00:00,10,2,38,C,B,3,233.65,28,130,166210,12355988,AAPL,0,-778,-142.7929338062337
2024-10-21 12:12:50.565427767+00:00,2024-10-21 12:12:50.565427767+00:00,10,2,38,A,B,1,233.71,26,130,166268,12355989,AAPL,0,1977,180.14039191438678
2024-10-21 12:12:50.565500981+00:00,2024-10-21 12:12:50.565500981+00:00,10,2,38,C,A,2,234.08,29,130,166053,12355990,AAPL,0,3199,261.94898711574945
2024-10-21 12:12:50.565554902+00:00,2024-10-21 12:12:50.565554902+00:00,10,2,38,A,A,2,234.13,30,130,166507,12355991,AAPL,0,30,-40.50439807770595
2024-10-21 12:12:50.573844808+00:00,2024-10-21 12:12:50.573844808+00:00,10,2,38,C,B,0,233.72,200,130,166124,12355992,AAPL,-200,-200,-46.96932719514365
2024-10-21 12:12:50.619549454+00:00,2024-10-21 12:12:50.619549454+00:00,10,2,38,C,B,0,233.72,200,130,166112,12355999,AAPL,-200,-2177,-270.82962737822845
2024-10-21 12:12:50.619562205+00:00,2024-10-21 12:12:50.619562205+00:00,10,2,38,A,A,1,234.05,200,130,166439,12356000,AAPL,0,200,-30.074227863711645
2024-10-21 12:12:50.622623771+00:00,2024-10-21 12:12:50.622623771+00:00,10,2,38,A,A,1,234.01,200,130,166569,12356003,AAPL,0,200,-30.074227863711645
2024-10-21 12:12:50.641554545+00:00,2024-10-21 12:12:50.641554545+00:00,10,2,38,A,B,0,233.77,200,130,166123,12356008,AAPL,200,2177,183.38981084083235
2024-10-21 12:12:50.682363924+00:00,2024-10-21 12:12:50.682363924+00:00,10,2,38,C,A,1,234.01,200,130,166607,12356017,AAPL,0,3402,295.84508638693114
2024-10-21 12:12:50.682376586+00:00,2024-10-21 12:12:50.682376586+00:00,10,2,38,A,A,1,234.06,400,130,166189,12356018,AAPL,0,3602,309.49076679191757
2024-10-21 12:12:50.736513051+00:00,2024-10-21 12:12:50.736513051+00:00,10,2,38,C,B,0,233.77,200,130,166059,12356039,AAPL,-200,-2177,-270.82962737822845
2024-10-21 12:12:50.837707032+00:00,2024-10-21 12:12:50.837707032+00:00,10,2,38,A,B,0,233.77,200,130,166084,12356086,AAPL,200,2177,183.38981084083235
2024-10-21 12:12:50.886487788+00:00,2024-10-21 12:12:50.886487788+00:00,10,2,38,C,B,0,233.77,200,130,166107,12356099,AAPL,-200,-2177,-270.82962737822845
2024-10-21 12:12:50.986777714+00:00,2024-10-21 12:12:50.986777714+00:00,10,2,38,A,B,0,233.77,200,130,166696,12356148,AAPL,200,2177,183.38981084083235
2024-10-21 12:12:51.039337327+00:00,2024-10-21 12:12:51.039337327+00:00,10,2,38,C,B,0,233.77,200,130,165824,12356173,AAPL,-200,-2177,-270.82962737822845
2024-10-21 12:12:51.147897247+00:00,2024-10-21 12:12:51.147897247+00:00,10,2,38,A,B,0,233.77,200,130,166485,12356223,AAPL,200,2177,183.38981084083235
2024-10-21 12:12:51.221379329+00:00,2024-10-21 12:12:51.221379329+00:00,10,2,38,C,B,0,233.77,200,130,166087,12356261,AAPL,-200,-2177,-270.82962737822845
2024-10-21 12:12:51.329937404+00:00,2024-10-21 12:12:51.329937404+00:00,10,2,38,A,B,0,233.77,200,130,166864,12356295,AAPL,200,2177,183.38981084083235
2024-10-21 12:12:51.374411634+00:00,2024-10-21 12:12:51.374411634+00:00,10,2,38,C,B,0,233.77,200,130,166173,12356317,AAPL,-200,-2177,-270.82962737822845
2024-10-21 12:12:51.475039269+00:00,2024-10-21 12:12:51.475039269+00:00,10,2,38,A,B,0,233.77,200,130,166391,12356344,AAPL,200,2177,183.38981084083235
2024-10-21 12:12:51.507076220+00:00,2024-10-21 12:12:51.507076220+00:00,10,2,38,C,B,0,233.77,200,130,165880,12356356,AAPL,-200,-2177,-270.82962737822845
2024-10-21 12:12:51.709226597+00:00,2024-10-21 12:12:51.709226597+00:00,10,2,38,A,B,0,233.77,200,130,166340,12356415,AAPL,200,2177,183.38981084083235
2024-10-21 12:12:52.481246232+00:00,2024-10-21 12:12:52.481246232+00:00,10,2,38,C,B,0,233.77,200,130,166044,12356788,AAPL,-200,-2177,-270.82962737822845
2024-10-21 12:12:52.582845276+00:00,2024-10-21 12:12:52.582845276+00:00,10,2,38,A,B,0,233.77,200,130,166389,12356899,AAPL,200,2177,183.38981084083235
2024-10-21 12:12:53.922861024+00:00,2024-10-21 12:12:53.922861024+00:00,10,2,38,C,B,1,233.71,26,130,166394,12357591,AAPL,0,-1977,-267.5802084517829
2024-10-21 12:12:53.922963386+00:00,2024-10-21 12:12:53.922963386+00:00,10,2,38,A,B,1,233.76,27,130,166431,12357592,AAPL,0,1978,180.20862031641173
2024-10-21 12:12:59.628865467+00:00,2024-10-21 12:12:59.628865467+00:00,10,2,38,A,B,0,233.78,200,130,166495,12361324,AAPL,200,200,-40.470489342252456
2024-10-21 12:12:59.643737494+00:00,2024-10-21 12:12:59.643737494+00:00,10,2,38,A,B,1,233.77,26,130,166373,12361417,AAPL,0,1994,299.6148564144653
2024-10-21 12:12:59.691625988+00:00,2024-10-21 12:12:59.691625988+00:00,10,2,38,C,B,2,233.76,27,130,166276,12361539,AAPL,0,-1968,-385.28073449921317
2024-10-21 12:12:59.691649558+00:00,2024-10-21 12:12:59.691649558+00:00,10,2,38,C,B,1,233.77,26,130,166142,12361540,AAPL,0,-1977,-267.5802084517829
2024-10-21 12:12:59.691721965+00:00,2024-10-21 12:12:59.691721965+00:00,10,2,38,A,B,1,233.77,26,130,166337,12361541,AAPL,0,1977,180.14039191438678
2024-10-21 12:13:11.883729412+00:00,2024-10-21 12:13:11.883729412+00:00,10,2,38,C,A,1,234.06,400,130,166251,12371151,AAPL,0,3602,309.49076679191757
2024-10-21 12:13:11.920609443+00:00,2024-10-21 12:13:11.920609443+00:00,10,2,38,A,A,1,234.06,200,130,166277,12371429,AAPL,0,3402,295.84508638693114
2024-10-21 12:13:11.948637105+00:00,2024-10-21 12:13:11.948637105+00:00,10,2,38,A,A,1,234.06,200,130,166092,12371519,AAPL,0,200,-30.074227863711645
2024-10-21 12:13:21.542992246+00:00,2024-10-21 12:13:21.542992246+00:00,10,2,38,C,A,1,234.06,200,130,166627,12379437,AAPL,0,-200,-57.36558867368446
2024-10-21 12:13:21.543002194+00:00,2024-10-21 12:13:21.543002194+00:00,10,2,38,C,A,1,234.06,200,130,165938,12379438,AAPL,0,3402,295.84508638693114
2024-10-21 12:13:21.543013145+00:00,2024-10-21 12:13:21.543013145+00:00,10,2,38,A,A,1,234.08,400,130,166251,12379439,AAPL,0,3602,309.49076679191757
2024-10-21 12:13:21.617135979+00:00,2024-10-21 12:13:21.617135979+00:00,10,2,38,C,B,1,233.77,26,130,166342,12379657,AAPL,0,-1977,-267.5802084517829
2024-10-21 12:13:21.617220419+00:00,2024-10-21 12:13:21.617220419+00:00,10,2,38,A,B,1,233.72,26,130,166351,12379659,AAPL,0,1977,180.14039191438678
2024-10-21 12:13:22.557831797+00:00,2024-10-21 12:13:22.557831797+00:00,10,2,38,A,A,1,234.07,400,130,166589,12380655,AAPL,0,400,-16.428547458725237
2024-10-21 12:13:25.371930587+00:00,2024-10-21 12:13:25.371930587+00:00,10,2,38,A,B,0,233.79,200,130,166697,12382998,AAPL,200,200,-40.470489342252456
2024-10-21 12:13:25.495542627+00:00,2024-10-21 12:13:25.495542627+00:00,10,2,38,C,B,1,233.72,26,130,166055,12383140,AAPL,0,-1977,-267.5802084517829
2024-10-21 12:13:25.495588580+00:00,2024-10-21 12:13:25.495588580+00:00,10,2,38,A,B,1,233.73,27,130,166295,12383141,AAPL,0,1978,180.20862031641173
2024-10-21 12:13:29.150340169+00:00,2024-10-21 12:13:29.150340169+00:00,10,2,38,A,A,3,234.15,30,130,166085,12386039,AAPL,0,2800,182.00301484557824
2024-10-21 12:13:29.268636112+00:00,2024-10-21 12:13:29.268636112+00:00,10,2,38,C,A,2,234.13,30,130,165956,12386279,AAPL,0,-30,-46.935418459690155
2024-10-21 12:13:32.213682828+00:00,2024-10-21 12:13:32.213682828+00:00,10,2,38,C,A,1,234.07,400,130,165997,12388761,AAPL,0,3600,252.16784486877907
2024-10-21 12:13:32.213695191+00:00,2024-10-21 12:13:32.213695191+00:00,10,2,38,A,A,1,234.09,400,130,166915,12388762,AAPL,0,3600,252.16784486877907
2024-10-21 12:13:32.278804796+00:00,2024-10-21 12:13:32.278804796+00:00,10,2,38,A,B,0,233.8,200,130,166746,12388939,AAPL,200,200,-40.470489342252456
2024-10-21 12:13:32.362327800+00:00,2024-10-21 12:13:32.362327800+00:00,10,2,38,C,A,3,234.15,30,130,166054,12389254,AAPL,0,2800,182.00301484557824
2024-10-21 12:13:32.401872088+00:00,2024-10-21 12:13:32.401872088+00:00,10,2,38,C,B,1,233.73,27,130,166020,12389357,AAPL,0,-1978,-267.6484368538078
2024-10-21 12:13:32.412631196+00:00,2024-10-21 12:13:32.412631196+00:00,10,2,38,A,A,2,234.11,27,130,166515,12389377,AAPL,0,3197,261.7346197696833
2024-10-21 12:13:34.144724456+00:00,2024-10-21 12:13:34.144724456+00:00,10,2,38,A,B,0,233.89,100,130,166163,12390756,AAPL,100,2251,193.63684332994774
2024-10-21 12:13:34.145172866+00:00,2024-10-21 12:13:34.145172866+00:00,10,2,38,C,B,0,233.89,100,130,166133,12390759,AAPL,-100,-2251,-281.0766598673439
2024-10-21 12:13:34.215278319+00:00,2024-10-21 12:13:34.215278319+00:00,10,2,38,C,A,2,234.11,27,130,166023,12390798,AAPL,0,3197,261.7346197696833
2024-10-21 12:13:34.277424242+00:00,2024-10-21 12:13:34.277424242+00:00,10,2,38,A,A,1,234.06,200,130,166617,12390835,AAPL,0,200,-30.074227863711645
2024-10-21 12:13:35.061077358+00:00,2024-10-21 12:13:35.061077358+00:00,10,2,38,A,B,0,233.81,200,130,166511,12391575,AAPL,200,200,-40.470489342252456
2024-10-21 12:13:35.075174042+00:00,2024-10-21 12:13:35.075174042+00:00,10,2,38,C,B,0,233.81,200,130,165800,12391728,AAPL,-200,-2261,-266.5817459478985
2024-10-21 12:13:35.075183720+00:00,2024-10-21 12:13:35.075183720+00:00,10,2,38,A,B,0,233.74,200,130,166365,12391729,AAPL,200,2261,179.14192941050243
2024-10-21 12:13:35.077473825+00:00,2024-10-21 12:13:35.077473825+00:00,10,2,38,C,A,1,234.06,200,130,165797,12391777,AAPL,0,3372,292.629576195939
2024-10-21 12:13:35.077485044+00:00,2024-10-21 12:13:35.077485044+00:00,10,2,38,A,A,1,234.08,200,130,166286,12391778,AAPL,0,3372,292.629576195939
2024-10-21 12:13:35.086566953+00:00,2024-10-21 12:13:35.086566953+00:00,10,2,38,C,B,0,233.74,200,130,165897,12391883,AAPL,-200,-2261,-266.5817459478985
2024-10-21 12:13:35.086579076+00:00,2024-10-21 12:13:35.086579076+00:00,10,2,38,A,B,0,233.72,400,130,166381,12391884,AAPL,400,2461,182.391348336948
2024-10-21 12:13:35.108095991+00:00,2024-10-21 12:13:35.108095991+00:00,10,2,38,T,N,0,233.94,50,0,169814,12392002,AAPL,0,0,-43.71990826869805
2024-10-21 12:13:35.108095991+00:00,2024-10-21 12:13:35.108095991+00:00,10,2,38,T,N,0,233.93,50,0,169814,12392003,AAPL,0,0,-43.71990826869805
2024-10-21 12:13:35.108095991+00:00,2024-10-21 12:13:35.108095991+00:00,10,2,38,T,N,0,233.9,250,130,169814,12392004,AAPL,0,0,-43.71990826869805
2024-10-21 12:13:35.146372690+00:00,2024-10-21 12:13:35.146372690+00:00,10,2,38,C,B,0,233.72,400,130,165740,12392297,AAPL,-400,-2461,-269.8311648743441
2024-10-21 12:13:35.146384339+00:00,2024-10-21 12:13:35.146384339+00:00,10,2,38,A,B,0,233.7,200,128,167169,12392298,AAPL,200,200,-40.470489342252456
2024-10-21 12:13:35.167869345+00:00,2024-10-21 12:13:35.167869345+00:00,10,2,38,C,B,0,233.7,200,130,165912,12392426,AAPL,-200,-200,-46.96932719514365
2024-10-21 12:13:35.175791647+00:00,2024-10-21 12:13:35.175791647+00:00,10,2,38,A,B,2,233.64,200,130,166559,12392448,AAPL,0,1060,115.3479789877193
2024-10-21 12:13:35.333929432+00:00,2024-10-21 12:13:35.333929432+00:00,10,2,38,A,B,2,233.65,200,130,166348,12392747,AAPL,0,200,-22.28317366208405
2024-10-21 12:13:35.352296693+00:00,2024-10-21 12:13:35.352296693+00:00,10,2,38,A,B,0,233.7,200,130,166522,12392766,AAPL,200,-860,-199.5383765986698
2024-10-21 12:13:35.424351548+00:00,2024-10-21 12:13:35.424351548+00:00,10,2,38,A,B,0,233.72,200,130,166388,12392793,AAPL,200,2261,179.14192941050243
2024-10-21 12:13:38.131971887+00:00,2024-10-21 12:13:38.131971887+00:00,10,2,38,A,B,0,233.77,200,130,166735,12394618,AAPL,200,200,-40.470489342252456
2024-10-21 12:13:42.509087486+00:00,2024-10-21 12:13:42.509087486+00:00,10,2,38,A,B,1,233.76,29,130,166479,12397192,AAPL,0,1980,180.34507712046155
2024-10-21 12:13:42.509120725+00:00,2024-10-21 12:13:42.509120725+00:00,10,2,38,A,A,2,234.13,29,130,166301,12397193,AAPL,0,29,-40.61158175073902
2024-10-21 12:13:45.327353906+00:00,2024-10-21 12:13:45.327353906+00:00,10,2,38,A,A,1,234.07,200,130,167441,12399281,AAPL,0,200,-30.074227863711645
2024-10-21 12:13:45.348280342+00:00,2024-10-21 12:13:45.348280342+00:00,10,2,38,C,A,2,234.13,29,130,166223,12399379,AAPL,0,-29,-46.828234786657084
2024-10-21 12:13:45.348322946+00:00,2024-10-21 12:13:45.348322946+00:00,10,2,38,A,A,2,234.12,26,130,166349,12399380,AAPL,0,3196,261.62743609665023
2024-10-21 12:13:45.469056600+00:00,2024-10-21 12:13:45.469056600+00:00,10,2,38,T,N,0,233.98,18,130,167215,12399561,AAPL,0,0,-43.71990826869805
2024-10-21 12:13:45.811467280+00:00,2024-10-21 12:13:45.811467280+00:00,10,2,38,T,N,0,233.98,77,0,169146,12400065,AAPL,0,0,-43.71990826869805
2024-10-21 12:13:45.811467280+00:00,2024-10-21 12:13:45.811467280+00:00,10,2,38,T,B,0,234.0,20,0,169146,12400066,AAPL,0,0,-43.71990826869805
2024-10-21 12:13:45.811467280+00:00,2024-10-21 12:13:45.811467280+00:00,10,2,38,T,B,0,234.0,3,130,169146,12400067,AAPL,-20,-20,-44.04485016134261
2024-10-21 12:13:45.811467280+00:00,2024-10-21 12:13:45.811467280+00:00,10,2,38,C,A,0,234.0,3,130,169146,12400067,AAPL,-3,-3,-43.76864955259474
2024-10-21 12:13:45.811476289+00:00,2024-10-21 12:13:45.811476289+00:00,10,2,38,C,A,1,234.07,200,130,166836,12400068,AAPL,0,3396,275.2731165016366
2024-10-21 12:13:45.811491355+00:00,2024-10-21 12:13:45.811491355+00:00,10,2,38,A,B,0,233.9,100,130,165888,12400070,AAPL,100,2270,313.3256751760924
2024-10-21 12:13:45.811500957+00:00,2024-10-21 12:13:45.811500957+00:00,10,2,38,A,B,0,233.92,100,130,165964,12400071,AAPL,100,2260,219.73763586927052
2024-10-21 12:13:45.811510984+00:00,2024-10-21 12:13:45.811510984+00:00,10,2,38,T,B,0,234.0,27,0,172774,12400072,AAPL,0,0,-43.71990826869805
2024-10-21 12:13:45.811510984+00:00,2024-10-21 12:13:45.811510984+00:00,10,2,38,T,B,0,234.0,50,0,172774,12400073,AAPL,-27,-27,-44.15857982376821
2024-10-21 12:13:45.811510984+00:00,2024-10-21 12:13:45.811510984+00:00,10,2,38,T,B,0,234.0,2,0,172774,12400074,AAPL,-50,-50,-44.53226300030945
2024-10-21 12:13:45.811510984+00:00,2024-10-21 12:13:45.811510984+00:00,10,2,38,T,B,0,234.0,1,0,172774,12400075,AAPL,-2,-2,-43.75240245796251
2024-10-21 12:13:45.811510984+00:00,2024-10-21 12:13:45.811510984+00:00,10,2,38,T,B,0,234.0,50,0,172774,12400076,AAPL,-1,-1,-43.736155363330276
2024-10-21 12:13:45.811510984+00:00,2024-10-21 12:13:45.811510984+00:00,10,2,38,T,B,0,234.0,1,130,172774,12400077,AAPL,-50,-50,-44.53226300030945
2024-10-21 12:13:45.811510984+00:00,2024-10-21 12:13:45.811510984+00:00,10,2,38,C,A,0,234.0,1,130,172774,12400077,AAPL,1,3199,280.77408133823315
2024-10-21 12:13:45.811530148+00:00,2024-10-21 12:13:45.811530148+00:00,10,2,38,C,B,1,233.9,100,130,165658,12400078,AAPL,0,-2160,-305.55274294344383
2024-10-21 12:13:45.811542984+00:00,2024-10-21 12:13:45.811542984+00:00,10,2,38,A,B,0,233.96,100,130,167096,12400079,AAPL,100,2260,219.73763586927052
2024-10-21 12:13:45.811544514+00:00,2024-10-21 12:13:45.811544514+00:00,10,2,38,A,B,0,233.96,24,130,167564,12400080,AAPL,24,24,-43.32997799752458
2024-10-21 12:13:45.811549682+00:00,2024-10-21 12:13:45.811549682+00:00,10,2,38,A,B,1,233.94,100,130,166079,12400081,AAPL,0,2245,237.40962330024823
2024-10-21 12:13:45.811550754+00:00,2024-10-21 12:13:45.811550754+00:00,10,2,38,A,B,0,233.96,28,130,167542,12400082,AAPL,28,28,-43.26498961899567
2024-10-21 12:13:45.811554820+00:00,2024-10-21 12:13:45.811554820+00:00,10,2,38,A,B,0,233.96,100,130,166529,12400083,AAPL,100,100,-42.095198805475256
2024-10-21 12:13:45.811565809+00:00,2024-10-21 12:13:45.811565809+00:00,10,2,38,A,B,0,233.96,100,128,167127,12400085,AAPL,100,2173,173.76598167544662
2024-10-21 12:13:45.811576962+00:00,2024-10-21 12:13:45.811576962+00:00,10,2,38,A,B,0,233.96,100,130,165897,12400087,AAPL,100,100,-42.095198805475256
2024-10-21 12:13:45.811587865+00:00,2024-10-21 12:13:45.811587865+00:00,10,2,38,A,B,0,233.96,100,130,166031,12400088,AAPL,100,100,-42.095198805475256
2024-10-21 12:13:45.811599315+00:00,2024-10-21 12:13:45.811599315+00:00,10,2,38,A,B,1,233.94,100,130,166471,12400089,AAPL,0,100,-36.897068066204845
2024-10-21 12:13:45.811625820+00:00,2024-10-21 12:13:45.811625820+00:00,10,2,38,C,B,0,233.96,100,130,165764,12400091,AAPL,-100,-100,-45.34461773192085
2024-10-21 12:13:45.811631245+00:00,2024-10-21 12:13:45.811631245+00:00,10,2,38,T,N,0,234.0,145,130,169213,12400092,AAPL,0,0,-43.71990826869805
2024-10-21 12:13:45.811639570+00:00,2024-10-21 12:13:45.811639570+00:00,10,2,38,C,B,1,233.94,100,130,165722,12400093,AAPL,0,-100,-50.54274847119126
2024-10-21 12:13:45.811642361+00:00,2024-10-21 12:13:45.811642361+00:00,10,2,38,C,B,0,233.96,100,130,165649,12400094,AAPL,-100,-100,-45.34461773192085
2024-10-21 12:13:45.811656818+00:00,2024-10-21 12:13:45.811656818+00:00,10,2,38,C,B,0,233.96,100,130,165742,12400095,AAPL,-100,-100,-45.34461773192085
2024-10-21 12:13:45.811672313+00:00,2024-10-21 12:13:45.811672313+00:00,10,2,38,C,B,0,233.96,100,130,165578,12400096,AAPL,-100,-100,-45.34461773192085
2024-10-21 12:13:45.811687403+00:00,2024-10-21 12:13:45.811687403+00:00,10,2,38,C,B,0,233.96,100,130,165978,12400097,AAPL,-100,-100,-45.34461773192085
2024-10-21 12:13:45.811702067+00:00,2024-10-21 12:13:45.811702067+00:00,10,2,38,C,B,1,233.94,100,130,165637,12400098,AAPL,0,-2173,-266.4039289521131
2024-10-21 12:13:45.812035805+00:00,2024-10-21 12:13:45.812035805+00:00,10,2,38,A,B,3,233.9,100,130,167196,12400100,AAPL,0,2045,169.1401293672979
2024-10-21 12:13:45.812481448+00:00,2024-10-21 12:13:45.812481448+00:00,10,2,38,C,B,3,233.9,100,130,165979,12400102,AAPL,0,-2045,-256.579945904694
2024-10-21 12:13:45.813014463+00:00,2024-10-21 12:13:45.813014463+00:00,10,2,38,T,N,0,234.08,1,130,167045,12400103,AAPL,0,0,-43.71990826869805
2024-10-21 12:13:45.813822327+00:00,2024-10-21 12:13:45.813822327+00:00,10,2,38,C,B,2,233.92,100,130,166061,12400110,AAPL,0,-2145,-318.0265996351512
2024-10-21 12:13:45.885550872+00:00,2024-10-21 12:13:45.885550872+00:00,10,2,38,C,A,0,234.12,26,130,166085,12401368,AAPL,26,3411,292.1752036128429
2024-10-21 12:13:45.885603142+00:00,2024-10-21 12:13:45.885603142+00:00,10,2,38,A,A,2,234.18,27,130,166092,12401370,AAPL,0,3011,267.24819384129205
2024-10-21 12:13:45.911619430+00:00,2024-10-21 12:13:45.911619430+00:00,10,2,38,C,B,0,233.96,24,130,166385,12401559,AAPL,-24,-24,-44.109838539871525
2024-10-21 12:13:45.911645974+00:00,2024-10-21 12:13:45.911645974+00:00,10,2,38,C,B,1,233.93,28,130,166306,12401560,AAPL,0,-2088,-300.64029799764876
2024-10-21 12:13:45.935267342+00:00,2024-10-21 12:13:45.935267342+00:00,10,2,38,A,B,1,233.78,200,128,167361,12401727,AAPL,0,200,-30.074227863711645
2024-10-21 12:13:45.969596688+00:00,2024-10-21 12:13:45.969596688+00:00,10,2,38,A,A,0,234.12,200,130,166207,12401874,AAPL,200,3399,272.15779212111534
2024-10-21 12:13:45.972210032+00:00,2024-10-21 12:13:45.972210032+00:00,10,2,38,C,A,0,234.12,200,130,165838,12401877,AAPL,200,3399,272.15779212111534
2024-10-21 12:13:45.973580511+00:00,2024-10-21 12:13:45.973580511+00:00,10,2,38,A,A,3,234.19,200,130,166101,12401884,AAPL,0,2971,277.43661983364416
2024-10-21 12:13:46.001375930+00:00,2024-10-21 12:13:46.001375930+00:00,10,2,38,A,A,3,234.19,200,130,166330,12401962,AAPL,0,200,-2.186045699934712
2024-10-21 12:13:46.030378750+00:00,2024-10-21 12:13:46.030378750+00:00,10,2,38,C,A,3,234.19,200,130,165878,12402092,AAPL,0,-200,-85.25377083746139
2024-10-21 12:13:46.030391116+00:00,2024-10-21 12:13:46.030391116+00:00,10,2,38,A,A,0,234.12,400,130,166209,12402093,AAPL,400,828,-4.215454486017931
2024-10-21 12:13:46.063235483+00:00,2024-10-21 12:13:46.063235483+00:00,10,2,38,C,B,0,233.96,28,130,165921,12402125,AAPL,-28,-2198,-399.59570089996805
2024-10-21 12:13:46.072722298+00:00,2024-10-21 12:13:46.072722298+00:00,10,2,38,C,A,0,234.12,400,130,166258,12402143,AAPL,400,3599,275.40721104756096
2024-10-21 12:13:46.072745549+00:00,2024-10-21 12:13:46.072745549+00:00,10,2,38,A,A,0,234.13,200,130,166403,12402144,AAPL,200,200,-40.470489342252456
2024-10-21 12:13:46.073052339+00:00,2024-10-21 12:13:46.073052339+00:00,10,2,38,C,B,1,233.76,29,130,165900,12402146,AAPL,0,-1980,-267.78489365785765
2024-10-21 12:13:46.073137112+00:00,2024-10-21 12:13:46.073137112+00:00,10,2,38,A,B,0,233.81,27,130,166488,12402147,AAPL,27,2178,192.4508054217951
2024-10-21 12:13:46.123324204+00:00,2024-10-21 12:13:46.123324204+00:00,10,2,38,A,B,0,233.83,200,130,166709,12402220,AAPL,200,227,-38.6283224875793
2024-10-21 12:13:46.134353286+00:00,2024-10-21 12:13:46.134353286+00:00,10,2,38,C,B,0,233.83,200,130,166114,12402230,AAPL,-200,-2178,-270.8978557802534
2024-10-21 12:13:46.134366429+00:00,2024-10-21 12:13:46.134366429+00:00,10,2,38,A,B,1,233.78,200,130,167235,12402231,AAPL,0,2151,192.01213386672492
2024-10-21 12:13:46.134809159+00:00,2024-10-21 12:13:46.134809159+00:00,10,2,38,C,B,0,233.81,27,130,165893,12402233,AAPL,-27,-2178,-279.8906219591912
2024-10-21 12:13:47.415362307+00:00,2024-10-21 12:13:47.415362307+00:00,10,2,38,A,B,1,233.76,27,130,166077,12403393,AAPL,0,1978,180.20862031641173
2024-10-21 12:13:48.136368928+00:00,2024-10-21 12:13:48.136368928+00:00,10,2,38,C,A,0,234.13,200,130,166866,12404229,AAPL,-200,-200,-46.96932719514365
2024-10-21 12:13:48.136382005+00:00,2024-10-21 12:13:48.136382005+00:00,10,2,38,A,A,1,234.16,200,130,166337,12404230,AAPL,0,2999,255.26269278968337
2024-10-21 12:13:54.483288659+00:00,2024-10-21 12:13:54.483288659+00:00,10,2,38,A,A,1,234.16,200,130,166291,12409382,AAPL,0,200,-30.074227863711645
2024-10-21 12:13:54.519759447+00:00,2024-10-21 12:13:54.519759447+00:00,10,2,38,C,A,1,234.16,200,130,165974,12409407,AAPL,0,-200,-57.36558867368446
2024-10-21 12:13:54.519772638+00:00,2024-10-21 12:13:54.519772638+00:00,10,2,38,A,A,1,234.15,200,130,166278,12409408,AAPL,0,200,-30.074227863711645
2024-10-21 12:13:55.034111535+00:00,2024-10-21 12:13:55.034111535+00:00,10,2,38,C,A,3,234.18,27,130,166099,12410122,AAPL,0,2798,241.5098287116639
2024-10-21 12:13:55.034202690+00:00,2024-10-21 12:13:55.034202690+00:00,10,2,38,A,A,2,234.17,28,130,166523,12410123,AAPL,0,28,-40.71876542377209
2024-10-21 12:13:56.094538941+00:00,2024-10-21 12:13:56.094538941+00:00,10,2,38,C,B,0,233.78,200,130,165818,12410937,AAPL,-200,-2178,-270.8978557802534
2024-10-21 12:13:56.094551306+00:00,2024-10-21 12:13:56.094551306+00:00,10,2,38,A,B,0,233.76,200,130,166433,12410939,AAPL,200,200,-40.470489342252456
2024-10-21 12:13:56.154206963+00:00,2024-10-21 12:13:56.154206963+00:00,10,2,38,A,A,1,234.15,200,130,166867,12411142,AAPL,0,200,-30.074227863711645
2024-10-21 12:13:56.211718188+00:00,2024-10-21 12:13:56.211718188+00:00,10,2,38,C,A,1,234.15,200,130,165780,12411252,AAPL,0,-200,-57.36558867368446
2024-10-21 12:13:56.211731379+00:00,2024-10-21 12:13:56.211731379+00:00,10,2,38,A,A,1,234.14,200,130,166102,12411253,AAPL,0,200,-30.074227863711645
2024-10-21 12:14:01.070964390+00:00,2024-10-21 12:14:01.070964390+00:00,10,2,38,C,A,2,234.17,28,130,166309,12416529,AAPL,0,-28,-46.72105111362401
2024-10-21 12:14:01.071015450+00:00,2024-10-21 12:14:01.071015450+00:00,10,2,38,A,A,2,234.16,27,130,166612,12416530,AAPL,0,2799,239.00438574961754
2024-10-21 12:14:01.088137086+00:00,2024-10-21 12:14:01.088137086+00:00,10,2,38,C,B,0,233.76,27,130,165833,12416650,AAPL,-27,-27,-44.15857982376821
2024-10-21 12:14:06.103454338+00:00,2024-10-21 12:14:06.103454338+00:00,10,2,38,A,B,0,233.97,5,130,166715,12421860,AAPL,5,2156,192.0933693398861
2024-10-21 12:14:07.746740079+00:00,2024-10-21 12:14:07.746740079+00:00,10,2,38,C,B,1,233.76,200,130,166179,12423513,AAPL,0,-2151,-279.4519504041211
2024-10-21 12:14:07.746754069+00:00,2024-10-21 12:14:07.746754069+00:00,10,2,38,A,B,1,233.73,200,130,166503,12423514,AAPL,0,2151,192.01213386672492
2024-10-21 12:14:10.801342166+00:00,2024-10-21 12:14:10.801342166+00:00,10,2,38,A,B,1,233.8,200,130,166376,12425721,AAPL,0,200,-30.074227863711645
2024-10-21 12:14:17.947438449+00:00,2024-10-21 12:14:17.947438449+00:00,10,2,38,A,B,1,233.81,200,130,166263,12431541,AAPL,0,200,-30.074227863711645
2024-10-21 12:14:17.957382887+00:00,2024-10-21 12:14:17.957382887+00:00,10,2,38,C,B,1,233.81,200,130,166199,12431585,AAPL,0,-2151,-279.4519504041211
2024-10-21 12:14:17.957395933+00:00,2024-10-21 12:14:17.957395933+00:00,10,2,38,A,B,1,233.74,200,130,166185,12431586,AAPL,0,2151,192.01213386672492
2024-10-21 12:14:17.957453277+00:00,2024-10-21 12:14:17.957453277+00:00,10,2,38,C,A,1,234.14,200,130,166124,12431587,AAPL,0,2999,252.65006615460393
2024-10-21 12:14:17.957465815+00:00,2024-10-21 12:14:17.957465815+00:00,10,2,38,A,A,1,234.15,200,130,166056,12431588,AAPL,0,2999,252.65006615460393
2024-10-21 12:14:18.056884935+00:00,2024-10-21 12:14:18.056884935+00:00,10,2,38,A,B,1,233.75,200,130,166366,12431913,AAPL,0,200,-30.074227863711645
2024-10-21 12:14:21.022254267+00:00,2024-10-21 12:14:21.022254267+00:00,10,2,38,A,B,1,233.77,200,130,166441,12433640,AAPL,0,200,-30.074227863711645
2024-10-21 12:14:21.336689135+00:00,2024-10-21 12:14:21.336689135+00:00,10,2,38,C,A,1,234.15,200,130,166393,12433903,AAPL,0,2999,252.65006615460393
2024-10-21 12:14:21.336700928+00:00,2024-10-21 12:14:21.336700928+00:00,10,2,38,A,A,2,234.17,200,130,166397,12433905,AAPL,0,200,-22.28317366208405
2024-10-21 12:14:21.392627701+00:00,2024-10-21 12:14:21.392627701+00:00,10,2,38,A,B,1,233.78,200,130,166274,12433982,AAPL,0,200,-30.074227863711645
2024-10-21 12:14:21.426981432+00:00,2024-10-21 12:14:21.426981432+00:00,10,2,38,C,A,1,234.16,27,130,166195,12434166,AAPL,0,3212,287.74031980371933
2024-10-21 12:14:21.740586460+00:00,2024-10-21 12:14:21.740586460+00:00,10,2,38,A,B,2,233.76,29,130,166488,12434650,AAPL,0,1970,298.05528530788314
2024-10-21 12:14:21.740617322+00:00,2024-10-21 12:14:21.740617322+00:00,10,2,38,A,A,2,234.18,28,130,166246,12434651,AAPL,0,3012,267.3553775143251
2024-10-21 12:14:28.747219089+00:00,2024-10-21 12:14:28.747219089+00:00,10,2,38,A,B,1,233.79,200,130,166723,12439708,AAPL,0,200,-30.074227863711645
2024-10-21 12:14:37.348164372+00:00,2024-10-21 12:14:37.348164372+00:00,10,2,38,C,B,1,233.79,200,130,166751,12446142,AAPL,0,-2170,-399.1407822502657
2024-10-21 12:14:37.348177626+00:00,2024-10-21 12:14:37.348177626+00:00,10,2,38,A,B,1,233.77,200,130,166659,12446143,AAPL,0,2170,311.70096571286956
2024-10-21 12:14:37.485431160+00:00,2024-10-21 12:14:37.485431160+00:00,10,2,38,A,B,1,233.78,200,130,166294,12446234,AAPL,0,200,-30.074227863711645
2024-10-21 12:14:41.549166803+00:00,2024-10-21 12:14:41.549166803+00:00,10,2,38,C,B,2,233.76,29,130,166144,12448595,AAPL,0,-1970,-385.4951018452793
2024-10-21 12:14:41.549212050+00:00,2024-10-21 12:14:41.549212050+00:00,10,2,38,A,B,1,233.81,28,130,166333,12448596,AAPL,0,2169,318.29408865323626
2024-10-21 12:14:41.599590898+00:00,2024-10-21 12:14:41.599590898+00:00,10,2,38,A,B,1,233.87,200,130,166679,12448666,AAPL,0,228,-27.073085018785683
2024-10-21 12:14:43.205958056+00:00,2024-10-21 12:14:43.205958056+00:00,10,2,38,A,A,1,234.16,200,130,166349,12449507,AAPL,0,3000,255.4703621025272
2024-10-21 12:14:49.824694031+00:00,2024-10-21 12:14:49.824694031+00:00,10,2,38,A,A,1,234.16,200,130,166663,12453535,AAPL,0,200,-30.074227863711645
2024-10-21 12:14:52.413893215+00:00,2024-10-21 12:14:52.413893215+00:00,10,2,38,C,B,1,233.87,200,130,166576,12455999,AAPL,0,-2169,-399.0335985772326
2024-10-21 12:14:52.413904869+00:00,2024-10-21 12:14:52.413904869+00:00,10,2,38,A,B,1,233.85,200,130,166521,12456000,AAPL,0,2169,311.5937820398365
2024-10-21 12:14:52.473339217+00:00,2024-10-21 12:14:52.473339217+00:00,10,2,38,C,A,1,234.16,200,130,166201,12456232,AAPL,0,-200,-57.36558867368446
2024-10-21 12:14:52.473352225+00:00,2024-10-21 12:14:52.473352225+00:00,10,2,38,A,A,1,234.15,200,130,166468,12456234,AAPL,0,200,-30.074227863711645
2024-10-21 12:14:52.474399706+00:00,2024-10-21 12:14:52.474399706+00:00,10,2,38,C,A,3,234.18,28,130,166000,12456246,AAPL,0,2799,241.7174980245077
2024-10-21 12:14:52.474453011+00:00,2024-10-21 12:14:52.474453011+00:00,10,2,38,A,A,2,234.17,29,130,166344,12456247,AAPL,0,29,-40.61158175073902
2024-10-21 12:14:53.024665699+00:00,2024-10-21 12:14:53.024665699+00:00,10,2,38,A,A,1,234.15,200,130,166304,12457068,AAPL,0,200,-30.074227863711645
2024-10-21 12:14:59.069065580+00:00,2024-10-21 12:14:59.069065580+00:00,10,2,38,A,B,1,233.86,200,130,166319,12461167,AAPL,0,200,-30.074227863711645
2024-10-21 12:15:05.174000161+00:00,2024-10-21 12:15:05.174000161+00:00,10,2,38,C,A,1,234.15,200,130,166107,12470009,AAPL,0,-200,-57.36558867368446
2024-10-21 12:15:05.174010189+00:00,2024-10-21 12:15:05.174010189+00:00,10,2,38,C,A,1,234.15,200,130,165894,12470010,AAPL,0,3214,281.21542526537763
2024-10-21 12:15:05.174024191+00:00,2024-10-21 12:15:05.174024191+00:00,10,2,38,A,A,1,234.16,200,130,166913,12470011,AAPL,0,3214,281.21542526537763
2024-10-21 12:15:08.174665588+00:00,2024-10-21 12:15:08.174665588+00:00,10,2,38,A,A,1,234.16,200,130,166707,12472897,AAPL,0,200,-30.074227863711645
2024-10-21 12:15:12.192615974+00:00,2024-10-21 12:15:12.192615974+00:00,10,2,38,A,A,0,234.07,100,130,166219,12475949,AAPL,100,3701,313.922376136619
2024-10-21 12:15:12.193015032+00:00,2024-10-21 12:15:12.193015032+00:00,10,2,38,C,A,0,234.07,100,130,165900,12475950,AAPL,100,3701,313.922376136619
2024-10-21 12:15:12.197769369+00:00,2024-10-21 12:15:12.197769369+00:00,10,2,38,A,A,0,234.07,148,128,167178,12475955,AAPL,148,3749,314.7022366789659
2024-10-21 12:15:12.197802997+00:00,2024-10-21 12:15:12.197802997+00:00,10,2,38,C,B,1,233.86,200,130,166506,12475958,AAPL,0,-2169,-399.0335985772326
2024-10-21 12:15:12.201874823+00:00,2024-10-21 12:15:12.201874823+00:00,10,2,38,C,A,0,234.07,148,130,166123,12475962,AAPL,148,3749,314.7022366789659
2024-10-21 12:15:12.264450843+00:00,2024-10-21 12:15:12.264450843+00:00,10,2,38,A,B,2,233.75,28,130,166593,12476000,AAPL,0,1969,297.9481016348501
2024-10-21 12:15:12.264477828+00:00,2024-10-21 12:15:12.264477828+00:00,10,2,38,C,B,1,233.81,28,130,166541,12476001,AAPL,0,-1997,-387.2983134289443
2024-10-21 12:15:12.268335051+00:00,2024-10-21 12:15:12.268335051+00:00,10,2,38,A,B,4,233.63,200,130,166741,12476005,AAPL,0,940,73.70433511269793
2024-10-21 12:15:12.268635983+00:00,2024-10-21 12:15:12.268635983+00:00,10,2,38,C,B,1,233.75,28,130,166500,12476006,AAPL,0,-2169,-291.88262385931995
2024-10-21 12:15:12.270227323+00:00,2024-10-21 12:15:12.270227323+00:00,10,2,38,C,A,2,234.17,29,130,166823,12476010,AAPL,0,-29,-46.828234786657084
2024-10-21 12:15:12.270326143+00:00,2024-10-21 12:15:12.270326143+00:00,10,2,38,A,A,0,234.12,27,130,166492,12476011,AAPL,27,3599,306.71392815599563
2024-10-21 12:15:12.270365637+00:00,2024-10-21 12:15:12.270365637+00:00,10,2,38,A,A,2,234.15,26,130,166321,12476012,AAPL,0,3196,261.62743609665023
2024-10-21 12:15:12.318866641+00:00,2024-10-21 12:15:12.318866641+00:00,10,2,38,A,B,3,233.64,200,130,166398,12476109,AAPL,0,200,-2.186045699934712
2024-10-21 12:15:12.318878820+00:00,2024-10-21 12:15:12.318878820+00:00,10,2,38,C,A,3,234.16,200,130,166200,12476110,AAPL,0,-200,-85.25377083746139
2024-10-21 12:15:12.318890689+00:00,2024-10-21 12:15:12.318890689+00:00,10,2,38,A,A,2,234.15,400,130,167152,12476111,AAPL,0,3370,260.18026724225507
2024-10-21 12:15:12.327814809+00:00,2024-10-21 12:15:12.327814809+00:00,10,2,38,A,A,0,234.05,200,130,166327,12476126,AAPL,200,3423,229.13739258854972
2024-10-21 12:15:12.391011950+00:00,2024-10-21 12:15:12.391011950+00:00,10,2,38,C,A,1,234.12,27,130,166136,12476246,AAPL,0,3223,225.88797366210414
2024-10-21 12:15:12.404688523+00:00,2024-10-21 12:15:12.404688523+00:00,10,2,38,A,B,3,233.65,200,130,166698,12476254,AAPL,0,200,-2.186045699934712
2024-10-21 12:15:12.446815675+00:00,2024-10-21 12:15:12.446815675+00:00,10,2,38,A,B,2,233.69,200,130,167068,12476283,AAPL,0,201,-22.075504349240234
2024-10-21 12:15:12.518757844+00:00,2024-10-21 12:15:12.518757844+00:00,10,2,38,A,B,2,233.69,200,130,166603,12476376,AAPL,0,200,-22.28317366208405
2024-10-21 12:15:12.518889885+00:00,2024-10-21 12:15:12.518889885+00:00,10,2,38,C,A,0,234.05,200,130,167469,12476377,AAPL,200,3398,269.4379818130029
2024-10-21 12:15:12.518901713+00:00,2024-10-21 12:15:12.518901713+00:00,10,2,38,A,A,0,234.1,400,130,166445,12476378,AAPL,400,3598,272.68740073944844
2024-10-21 12:15:12.521642022+00:00,2024-10-21 12:15:12.521642022+00:00,10,2,38,C,A,0,234.1,200,130,166588,12476383,AAPL,-200,-200,-46.96932719514365
2024-10-21 12:15:12.529592990+00:00,2024-10-21 12:15:12.529592990+00:00,10,2,38,C,B,2,233.69,200,130,166194,12476384,AAPL,0,-200,-65.15664287531204
2024-10-21 12:15:12.529605412+00:00,2024-10-21 12:15:12.529605412+00:00,10,2,38,A,B,1,233.7,400,130,166373,12476385,AAPL,0,-551,-131.33123615609182
2024-10-21 12:15:12.575103526+00:00,2024-10-21 12:15:12.575103526+00:00,10,2,38,A,B,1,233.87,400,130,166290,12476419,AAPL,0,2351,205.65781427171135
2024-10-21 12:15:12.619373396+00:00,2024-10-21 12:15:12.619373396+00:00,10,2,38,C,A,0,234.1,200,130,165972,12476439,AAPL,200,3398,269.4379818130029
2024-10-21 12:15:12.619385902+00:00,2024-10-21 12:15:12.619385902+00:00,10,2,38,A,A,1,234.15,200,130,166219,12476440,AAPL,0,200,-30.074227863711645
2024-10-21 12:15:12.655937741+00:00,2024-10-21 12:15:12.655937741+00:00,10,2,38,C,A,1,234.15,26,130,166385,12476454,AAPL,0,-26,-45.49384672134629
2024-10-21 12:15:12.669684284+00:00,2024-10-21 12:15:12.669684284+00:00,10,2,38,A,B,1,233.9,200,130,166729,12476460,AAPL,0,200,-30.074227863711645
2024-10-21 12:15:13.051576352+00:00,2024-10-21 12:15:13.051576352+00:00,10,2,38,A,A,3,234.22,30,130,166152,12476843,AAPL,0,2801,242.13283665019534
2024-10-21 12:15:13.051605161+00:00,2024-10-21 12:15:13.051605161+00:00,10,2,38,A,B,2,233.85,27,130,166957,12476844,AAPL,0,1968,297.840917961817
2024-10-21 12:15:13.945967888+00:00,2024-10-21 12:15:13.945967888+00:00,10,2,38,A,A,1,234.15,200,130,166363,12477920,AAPL,0,200,-30.074227863711645
2024-10-21 12:15:13.946489728+00:00,2024-10-21 12:15:13.946489728+00:00,10,2,38,C,A,3,234.22,30,130,166032,12477923,AAPL,0,2801,242.13283665019534
2024-10-21 12:15:13.946532120+00:00,2024-10-21 12:15:13.946532120+00:00,10,2,38,A,A,2,234.17,27,130,166358,12477924,AAPL,0,27,-40.82594909680516
2024-10-21 12:15:14.001009338+00:00,2024-10-21 12:15:14.001009338+00:00,10,2,38,C,A,1,234.15,200,130,166078,12478031,AAPL,0,-200,-57.36558867368446
2024-10-21 12:15:14.001022189+00:00,2024-10-21 12:15:14.001022189+00:00,10,2,38,A,A,0,234.1,400,130,166591,12478032,AAPL,400,800,-9.929709605834052
2024-10-21 12:15:14.207183672+00:00,2024-10-21 12:15:14.207183672+00:00,10,2,38,A,B,1,233.9,100,130,166276,12478133,AAPL,0,100,-36.897068066204845
2024-10-21 12:15:14.207479344+00:00,2024-10-21 12:15:14.207479344+00:00,10,2,38,C,B,1,233.9,100,130,165994,12478134,AAPL,0,-100,-50.54274847119126
2024-10-21 12:15:14.278377067+00:00,2024-10-21 12:15:14.278377067+00:00,10,2,38,C,A,0,234.1,200,130,166502,12478168,AAPL,-200,-200,-46.96932719514365
2024-10-21 12:15:14.278559734+00:00,2024-10-21 12:15:14.278559734+00:00,10,2,38,C,A,0,234.1,200,130,166336,12478169,AAPL,200,3612,297.89615725074344
2024-10-21 12:15:14.278572418+00:00,2024-10-21 12:15:14.278572418+00:00,10,2,38,A,A,1,234.16,200,130,166256,12478170,AAPL,0,3212,281.0010579193115
2024-10-21 12:15:14.278970387+00:00,2024-10-21 12:15:14.278970387+00:00,10,2,38,C,A,2,234.17,27,130,165908,12478171,AAPL,0,-27,-46.613867440590944
2024-10-21 12:15:14.280591359+00:00,2024-10-21 12:15:14.280591359+00:00,10,2,38,A,A,1,234.16,200,130,166239,12478172,AAPL,0,200,-30.074227863711645
2024-10-21 12:15:15.248901194+00:00,2024-10-21 12:15:15.248901194+00:00,10,2,38,C,A,1,234.16,200,130,166379,12479022,AAPL,0,-200,-57.36558867368446
2024-10-21 12:15:15.248912868+00:00,2024-10-21 12:15:15.248912868+00:00,10,2,38,A,A,1,234.15,400,130,166441,12479023,AAPL,0,400,-16.428547458725237
2024-10-21 12:15:17.923034484+00:00,2024-10-21 12:15:17.923034484+00:00,10,2,38,A,A,3,234.22,27,130,166404,12482317,AAPL,0,2798,241.5098287116639
2024-10-21 12:15:24.014190176+00:00,2024-10-21 12:15:24.014190176+00:00,10,2,38,C,B,1,233.9,200,130,166596,12489125,AAPL,0,-2168,-398.9264149041996
2024-10-21 12:15:24.014202142+00:00,2024-10-21 12:15:24.014202142+00:00,10,2,38,A,B,1,233.87,400,130,166356,12489126,AAPL,0,2368,325.13227877178986
2024-10-21 12:15:24.014850794+00:00,2024-10-21 12:15:24.014850794+00:00,10,2,38,C,B,2,233.85,27,130,165868,12489129,AAPL,0,-1968,-385.28073449921317
2024-10-21 12:15:24.014897264+00:00,2024-10-21 12:15:24.014897264+00:00,10,2,38,A,B,2,233.79,29,130,166199,12489130,AAPL,0,1970,298.05528530788314
2024-10-21 12:15:24.015005588+00:00,2024-10-21 12:15:24.015005588+00:00,10,2,38,C,A,3,234.22,27,130,166209,12489131,AAPL,0,2798,241.5098287116639
2024-10-21 12:15:24.015059897+00:00,2024-10-21 12:15:24.015059897+00:00,10,2,38,A,A,2,234.17,30,130,166214,12489132,AAPL,0,30,-40.50439807770595
2024-10-21 12:15:24.066509814+00:00,2024-10-21 12:15:24.066509814+00:00,10,2,38,A,A,0,234.1,200,130,166563,12489179,AAPL,200,600,-13.179128532279643
2024-10-21 12:15:27.519238798+00:00,2024-10-21 12:15:27.519238798+00:00,10,2,38,C,B,1,233.87,400,130,166201,12491655,AAPL,0,-2370,-412.78646265525214
2024-10-21 12:15:27.519251700+00:00,2024-10-21 12:15:27.519251700+00:00,10,2,38,A,B,1,233.84,200,130,166474,12491656,AAPL,0,2170,311.70096571286956
2024-10-21 12:15:29.175215826+00:00,2024-10-21 12:15:29.175215826+00:00,10,2,38,T,A,0,233.97,5,0,168233,12493180,AAPL,0,0,-43.71990826869805
2024-10-21 12:15:29.175215826+00:00,2024-10-21 12:15:29.175215826+00:00,10,2,38,A,N,0,233.95,295,130,168233,12493181,AAPL,290,1522,-51.84956095696797
2024-10-21 12:15:29.175239385+00:00,2024-10-21 12:15:29.175239385+00:00,10,2,38,A,A,1,234.07,100,130,167484,12493182,AAPL,0,3500,291.315393959966
2024-10-21 12:15:29.175244705+00:00,2024-10-21 12:15:29.175244705+00:00,10,2,38,A,A,1,234.04,38,130,166052,12493183,AAPL,0,1538,142.67954121916634
2024-10-21 12:15:29.175252395+00:00,2024-10-21 12:15:29.175252395+00:00,10,2,38,A,A,2,234.07,100,130,165986,12493184,AAPL,0,100,-33.00154096539105
2024-10-21 12:15:29.175261243+00:00,2024-10-21 12:15:29.175261243+00:00,10,2,38,T,B,0,233.95,187,130,167328,12493185,AAPL,0,0,-43.71990826869805
2024-10-21 12:15:29.175261243+00:00,2024-10-21 12:15:29.175261243+00:00,10,2,38,C,A,0,233.95,187,130,167328,12493185,AAPL,-187,-187,-46.75811496492469
2024-10-21 12:15:29.175265540+00:00,2024-10-21 12:15:29.175265540+00:00,10,2,38,A,A,1,234.04,38,130,166006,12493186,AAPL,0,38,-41.127228991750634
2024-10-21 12:15:29.175269965+00:00,2024-10-21 12:15:29.175269965+00:00,10,2,38,T,B,0,233.95,108,130,167272,12493187,AAPL,0,0,-43.71990826869805
2024-10-21 12:15:29.175269965+00:00,2024-10-21 12:15:29.175269965+00:00,10,2,38,C,A,0,233.95,108,130,167272,12493187,AAPL,108,1784,157.74527401970138
2024-10-21 12:15:29.175287761+00:00,2024-10-21 12:15:29.175287761+00:00,10,2,38,C,A,1,234.07,100,130,165841,12493188,AAPL,0,-100,-50.54274847119126
2024-10-21 12:15:29.175293157+00:00,2024-10-21 12:15:29.175293157+00:00,10,2,38,C,A,0,234.04,38,130,166446,12493190,AAPL,-38,-38,-44.337297864722714
2024-10-21 12:15:29.175298862+00:00,2024-10-21 12:15:29.175298862+00:00,10,2,38,C,A,1,234.07,100,130,165674,12493191,AAPL,0,3500,291.315393959966
2024-10-21 12:15:29.175307953+00:00,2024-10-21 12:15:29.175307953+00:00,10,2,38,A,A,1,234.08,38,130,167568,12493192,AAPL,0,3438,287.08523303442024
2024-10-21 12:15:29.175318339+00:00,2024-10-21 12:15:29.175318339+00:00,10,2,38,C,A,2,234.1,200,130,165861,12493193,AAPL,0,3400,284.4925537574728
2024-10-21 12:15:29.175376083+00:00,2024-10-21 12:15:29.175376083+00:00,10,2,38,A,B,0,233.89,38,130,166128,12493194,AAPL,38,2208,312.31835530889424
2024-10-21 12:15:29.175388906+00:00,2024-10-21 12:15:29.175388906+00:00,10,2,38,A,B,1,233.86,38,130,166176,12493195,AAPL,0,2098,213.88276548050192
2024-10-21 12:15:29.246390784+00:00,2024-10-21 12:15:29.246390784+00:00,10,2,38,C,B,2,233.84,200,130,166054,12493277,AAPL,0,-2060,-298.7299027409506
2024-10-21 12:15:29.246423576+00:00,2024-10-21 12:15:29.246423576+00:00,10,2,38,A,B,3,233.76,400,130,166190,12493278,AAPL,0,2231,266.8986666619965
2024-10-21 12:15:29.246816914+00:00,2024-10-21 12:15:29.246816914+00:00,10,2,38,C,B,2,233.79,29,130,166090,12493279,AAPL,0,-2260,-357.44680971735164
2024-10-21 12:15:29.246910849+00:00,2024-10-21 12:15:29.246910849+00:00,10,2,38,A,B,3,233.74,28,130,166260,12493280,AAPL,0,1859,189.6456822840967
2024-10-21 12:15:29.283764753+00:00,2024-10-21 12:15:29.283764753+00:00,10,2,38,C,A,1,234.08,38,130,166139,12493295,AAPL,0,3240,287.80665445321455
2024-10-21 12:15:29.283775550+00:00,2024-10-21 12:15:29.283775550+00:00,10,2,38,C,B,1,233.86,38,130,165932,12493296,AAPL,0,-2297,-322.55164731166826
2024-10-21 12:15:29.283823523+00:00,2024-10-21 12:15:29.283823523+00:00,10,2,38,A,A,1,234.1,400,130,166045,12493297,AAPL,0,3602,312.50533598624
2024-10-21 12:15:29.425332139+00:00,2024-10-21 12:15:29.425332139+00:00,10,2,38,C,A,0,234.04,38,130,166035,12493515,AAPL,38,3640,313.12272558226465
2024-10-21 12:15:29.425342648+00:00,2024-10-21 12:15:29.425342648+00:00,10,2,38,C,B,0,233.89,38,130,166504,12493516,AAPL,-38,-2407,-413.2966685782437
2024-10-21 12:15:29.496494580+00:00,2024-10-21 12:15:29.496494580+00:00,10,2,38,C,B,0,233.76,200,130,166036,12493549,AAPL,-200,-200,-46.96932719514365
2024-10-21 12:15:38.712816410+00:00,2024-10-21 12:15:38.712816410+00:00,10,2,38,C,A,0,234.1,200,130,166498,12503722,AAPL,-200,-200,-46.96932719514365
2024-10-21 12:15:38.816614723+00:00,2024-10-21 12:15:38.816614723+00:00,10,2,38,A,A,0,234.1,200,130,166242,12504039,AAPL,200,200,-40.470489342252456
2024-10-21 12:15:39.207080252+00:00,2024-10-21 12:15:39.207080252+00:00,10,2,38,A,A,0,234.0,22,130,167745,12504453,AAPL,22,3624,312.862772068149
2024-10-21 12:15:39.207103673+00:00,2024-10-21 12:15:39.207103673+00:00,10,2,38,C,B,0,233.76,200,130,165790,12504456,AAPL,-200,-2179,-270.96608418227834
2024-10-21 12:15:39.207167970+00:00,2024-10-21 12:15:39.207167970+00:00,10,2,38,C,A,1,234.1,200,130,166014,12504459,AAPL,0,-200,-57.36558867368446
2024-10-21 12:15:39.207241805+00:00,2024-10-21 12:15:39.207241805+00:00,10,2,38,C,A,1,234.1,200,130,166225,12504461,AAPL,0,3402,298.8596555812536
2024-10-21 12:15:39.207535631+00:00,2024-10-21 12:15:39.207535631+00:00,10,2,38,C,A,0,234.0,22,130,165850,12504467,AAPL,22,3437,295.32572542530613
2024-10-21 12:15:39.274707573+00:00,2024-10-21 12:15:39.274707573+00:00,10,2,38,C,B,0,233.74,28,130,166188,12504518,AAPL,-28,-2089,-263.7872456711553
2024-10-21 12:15:39.274794258+00:00,2024-10-21 12:15:39.274794258+00:00,10,2,38,A,B,1,233.69,28,130,166623,12504519,AAPL,0,889,95.92882331083649
2024-10-21 12:15:39.314122970+00:00,2024-10-21 12:15:39.314122970+00:00,10,2,38,A,B,0,233.76,200,130,166538,12504563,AAPL,200,2179,137.87069002334454
2024-10-21 12:15:39.314137186+00:00,2024-10-21 12:15:39.314137186+00:00,10,2,38,A,A,0,234.1,400,130,166357,12504564,AAPL,400,3815,301.4671271962883
2024-10-21 12:15:40.360537773+00:00,2024-10-21 12:15:40.360537773+00:00,10,2,38,C,A,0,234.1,400,130,167441,12505301,AAPL,400,3815,301.4671271962883
2024-10-21 12:15:40.360548894+00:00,2024-10-21 12:15:40.360548894+00:00,10,2,38,A,A,1,234.15,400,130,166159,12505302,AAPL,0,3415,294.96828934339715
2024-10-21 12:15:40.361097351+00:00,2024-10-21 12:15:40.361097351+00:00,10,2,38,C,A,2,234.17,30,130,166286,12505308,AAPL,0,-30,-46.935418459690155
2024-10-21 12:15:40.361146693+00:00,2024-10-21 12:15:40.361146693+00:00,10,2,38,A,A,3,234.22,27,130,166284,12505309,AAPL,0,2798,241.5098287116639
2024-10-21 12:15:43.400846263+00:00,2024-10-21 12:15:43.400846263+00:00,10,2,38,C,B,0,233.76,200,130,165855,12511389,AAPL,-200,-2179,-225.31050656074063
2024-10-21 12:15:43.400859035+00:00,2024-10-21 12:15:43.400859035+00:00,10,2,38,A,B,0,233.74,200,130,166369,12511390,AAPL,200,2179,137.87069002334454
2024-10-21 12:15:43.425405296+00:00,2024-10-21 12:15:43.425405296+00:00,10,2,38,C,A,3,234.22,27,130,165929,12511697,AAPL,0,2798,241.5098287116639
2024-10-21 12:15:43.425456541+00:00,2024-10-21 12:15:43.425456541+00:00,10,2,38,A,A,3,234.21,26,130,166480,12511698,AAPL,0,2797,241.30215939882007
2024-10-21 12:15:43.454335483+00:00,2024-10-21 12:15:43.454335483+00:00,10,2,38,A,A,1,234.14,400,130,166328,12511807,AAPL,0,400,-16.428547458725237
2024-10-21 12:15:43.462325554+00:00,2024-10-21 12:15:43.462325554+00:00,10,2,38,A,A,0,234.13,400,130,166254,12511952,AAPL,400,3598,275.1995417347171
2024-10-21 12:15:43.490467184+00:00,2024-10-21 12:15:43.490467184+00:00,10,2,38,A,B,3,233.66,30,130,166203,12512344,AAPL,0,30,-37.48982888338355
2024-10-21 12:15:43.546099003+00:00,2024-10-21 12:15:43.546099003+00:00,10,2,38,C,B,2,233.69,28,130,166073,12512634,AAPL,0,-809,-146.41708458969114
2024-10-21 12:15:43.594813115+00:00,2024-10-21 12:15:43.594813115+00:00,10,2,38,A,A,0,234.12,200,130,166751,12512827,AAPL,200,3398,271.95012280827154
2024-10-21 12:15:43.981284269+00:00,2024-10-21 12:15:43.981284269+00:00,10,2,38,A,A,3,234.19,28,130,166000,12513411,AAPL,0,2823,185.1003083474476
2024-10-21 12:15:43.981579878+00:00,2024-10-21 12:15:43.981579878+00:00,10,2,38,C,A,4,234.21,26,130,165918,12513419,AAPL,0,2795,179.2855675878207
2024-10-21 12:15:46.504444030+00:00,2024-10-21 12:15:46.504444030+00:00,10,2,38,C,B,0,233.74,200,130,165769,12517721,AAPL,-200,-2291,-269.7972561388906
2024-10-21 12:15:46.504456348+00:00,2024-10-21 12:15:46.504456348+00:00,10,2,38,A,B,0,233.73,200,130,166701,12517722,AAPL,200,2291,182.3574396014945
2024-10-21 12:15:46.504469490+00:00,2024-10-21 12:15:46.504469490+00:00,10,2,38,A,A,0,234.12,200,130,166305,12517724,AAPL,200,200,-40.470489342252456
2024-10-21 12:15:46.593690522+00:00,2024-10-21 12:15:46.593690522+00:00,10,2,38,A,A,3,234.18,30,130,166688,12518020,AAPL,0,2827,185.7966575433398
2024-10-21 12:15:46.594059334+00:00,2024-10-21 12:15:46.594059334+00:00,10,2,38,C,A,4,234.19,28,130,166163,12518032,AAPL,0,2797,179.56657815802532
2024-10-21 12:15:50.469736889+00:00,2024-10-21 12:15:50.469736889+00:00,10,2,38,C,A,0,234.12,200,130,166092,12522085,AAPL,-200,-200,-46.96932719514365
2024-10-21 12:15:55.593458354+00:00,2024-10-21 12:15:55.593458354+00:00,10,2,38,C,B,2,233.66,30,130,166172,12526601,AAPL,0,-30,-46.935418459690155
2024-10-21 12:15:55.593967834+00:00,2024-10-21 12:15:55.593967834+00:00,10,2,38,A,B,1,233.71,29,130,166440,12526613,AAPL,0,1980,180.34507712046155
2024-10-21 12:15:55.643523614+00:00,2024-10-21 12:15:55.643523614+00:00,10,2,38,A,B,0,233.77,200,130,166572,12526664,AAPL,200,200,-40.470489342252456
2024-10-21 12:16:00.253343668+00:00,2024-10-21 12:16:00.253343668+00:00,10,2,38,A,A,0,234.11,200,130,166714,12533252,AAPL,200,200,-40.470489342252456
2024-10-21 12:16:02.523121028+00:00,2024-10-21 12:16:02.523121028+00:00,10,2,38,C,B,0,233.77,200,130,165880,12536233,AAPL,-200,-2180,-271.0343125843033
2024-10-21 12:16:02.523132984+00:00,2024-10-21 12:16:02.523132984+00:00,10,2,38,A,B,0,233.76,200,130,166032,12536234,AAPL,200,2180,183.59449604690715
2024-10-21 12:16:02.592915859+00:00,2024-10-21 12:16:02.592915859+00:00,10,2,38,A,A,2,234.17,27,130,166616,12536503,AAPL,0,27,-40.82594909680516
2024-10-21 12:16:02.697358278+00:00,2024-10-21 12:16:02.697358278+00:00,10,2,38,C,A,3,234.18,30,130,166021,12536650,AAPL,0,2801,242.13283665019534
2024-10-21 12:16:04.305690771+00:00,2024-10-21 12:16:04.305690771+00:00,10,2,38,A,B,0,233.77,200,130,166342,12539302,AAPL,200,200,-40.470489342252456
2024-10-21 12:16:08.452195034+00:00,2024-10-21 12:16:08.452195034+00:00,10,2,38,C,B,0,233.77,200,130,166044,12544790,AAPL,-200,-2180,-271.0343125843033
2024-10-21 12:16:08.452206841+00:00,2024-10-21 12:16:08.452206841+00:00,10,2,38,A,B,0,233.76,200,130,167102,12544791,AAPL,200,2180,183.59449604690715
2024-10-21 12:16:09.449805017+00:00,2024-10-21 12:16:09.449805017+00:00,10,2,38,C,B,1,233.71,29,130,166039,12545654,AAPL,0,-1980,-267.78489365785765
2024-10-21 12:16:09.449860480+00:00,2024-10-21 12:16:09.449860480+00:00,10,2,38,A,B,2,233.69,30,130,166875,12545655,AAPL,0,781,52.96155601304664
2024-10-21 12:16:09.753811454+00:00,2024-10-21 12:16:09.753811454+00:00,10,2,38,C,B,0,233.76,200,130,167060,12546012,AAPL,-200,-2181,-225.52487390680682
2024-10-21 12:16:09.753823460+00:00,2024-10-21 12:16:09.753823460+00:00,10,2,38,A,B,0,233.74,200,130,166253,12546013,AAPL,200,2181,138.0850573694107
2024-10-21 12:16:09.794081348+00:00,2024-10-21 12:16:09.794081348+00:00,10,2,38,A,A,0,234.1,200,130,166518,12546087,AAPL,200,200,-40.470489342252456
2024-10-21 12:16:09.813020869+00:00,2024-10-21 12:16:09.813020869+00:00,10,2,38,A,B,0,233.75,200,130,166677,12546174,AAPL,200,200,-40.470489342252456
2024-10-21 12:16:10.366504475+00:00,2024-10-21 12:16:10.366504475+00:00,10,2,38,A,A,0,234.09,200,130,166492,12546733,AAPL,200,200,-40.470489342252456
2024-10-21 12:16:10.387079865+00:00,2024-10-21 12:16:10.387079865+00:00,10,2,38,C,A,2,234.17,27,130,165995,12546807,AAPL,0,-27,-46.613867440590944
2024-10-21 12:16:10.387136109+00:00,2024-10-21 12:16:10.387136109+00:00,10,2,38,A,A,2,234.16,29,130,166339,12546808,AAPL,0,2801,239.21875309568367
2024-10-21 12:16:12.011021598+00:00,2024-10-21 12:16:12.011021598+00:00,10,2,38,C,A,0,234.09,200,130,166121,12547958,AAPL,200,3401,269.7595328321021
2024-10-21 12:16:12.011034600+00:00,2024-10-21 12:16:12.011034600+00:00,10,2,38,A,A,0,234.11,200,130,166356,12547959,AAPL,200,3401,269.7595328321021
2024-10-21 12:16:12.100581387+00:00,2024-10-21 12:16:12.100581387+00:00,10,2,38,A,A,0,234.1,200,130,166290,12548144,AAPL,200,200,-40.470489342252456
2024-10-21 12:16:13.573710917+00:00,2024-10-21 12:16:13.573710917+00:00,10,2,38,A,A,0,234.09,200,130,166586,12549200,AAPL,200,200,-40.470489342252456
2024-10-21 12:16:14.439151195+00:00,2024-10-21 12:16:14.439151195+00:00,10,2,38,C,A,0,234.09,200,130,165957,12549789,AAPL,200,3401,269.7595328321021
2024-10-21 12:16:14.439163159+00:00,2024-10-21 12:16:14.439163159+00:00,10,2,38,A,A,0,234.1,200,130,166038,12549790,AAPL,200,3401,269.7595328321021
2024-10-21 12:16:14.647213365+00:00,2024-10-21 12:16:14.647213365+00:00,10,2,38,A,A,0,234.09,200,130,166190,12550175,AAPL,200,200,-40.470489342252456
2024-10-21 12:16:20.281774908+00:00,2024-10-21 12:16:20.281774908+00:00,10,2,38,C,B,0,233.75,200,130,166347,12556695,AAPL,-200,-2181,-225.52487390680682
2024-10-21 12:16:20.281786576+00:00,2024-10-21 12:16:20.281786576+00:00,10,2,38,A,B,0,233.73,200,130,166514,12556696,AAPL,200,2181,138.0850573694107
2024-10-21 12:16:20.339168043+00:00,2024-10-21 12:16:20.339168043+00:00,10,2,38,A,B,0,233.74,200,130,167047,12556816,AAPL,200,200,-40.470489342252456
2024-10-21 12:16:20.352089791+00:00,2024-10-21 12:16:20.352089791+00:00,10,2,38,A,B,0,233.74,200,130,166198,12556912,AAPL,200,200,-40.470489342252456
2024-10-21 12:16:20.353055730+00:00,2024-10-21 12:16:20.353055730+00:00,10,2,38,C,B,0,233.74,200,130,165942,12556917,AAPL,-200,-200,-46.96932719514365
2024-10-21 12:16:20.448469192+00:00,2024-10-21 12:16:20.448469192+00:00,10,2,38,A,A,0,234.08,200,130,166333,12557144,AAPL,200,200,-40.470489342252456
2024-10-21 12:16:34.456311187+00:00,2024-10-21 12:16:34.456311187+00:00,10,2,38,C,A,2,234.16,29,130,166047,12569933,AAPL,0,2801,239.21875309568367
2024-10-21 12:16:34.456367935+00:00,2024-10-21 12:16:34.456367935+00:00,10,2,38,A,A,2,234.15,30,130,166873,12569937,AAPL,0,2802,239.32593676871673
2024-10-21 12:16:35.928124957+00:00,2024-10-21 12:16:35.928124957+00:00,10,2,38,C,B,2,233.69,30,130,166224,12572168,AAPL,0,-781,-140.40137255044274
2024-10-21 12:16:35.928176126+00:00,2024-10-21 12:16:35.928176126+00:00,10,2,38,A,B,2,233.67,28,130,166281,12572169,AAPL,0,779,52.747188666980506
2024-10-21 12:16:36.290091431+00:00,2024-10-21 12:16:36.290091431+00:00,10,2,38,A,A,1,234.1,100,130,166441,12572429,AAPL,0,3300,231.69932426129944
2024-10-21 12:16:37.672726079+00:00,2024-10-21 12:16:37.672726079+00:00,10,2,38,C,B,2,233.67,28,130,165812,12574327,AAPL,0,-779,-140.18700520437662
2024-10-21 12:16:37.672903531+00:00,2024-10-21 12:16:37.672903531+00:00,10,2,38,A,B,2,233.68,27,130,166424,12574328,AAPL,0,778,52.64000499394744
2024-10-21 12:16:41.310907658+00:00,2024-10-21 12:16:41.310907658+00:00,10,2,38,C,B,0,233.74,200,130,166393,12577924,AAPL,-200,-2178,-225.20332288770757
2024-10-21 12:16:41.310921026+00:00,2024-10-21 12:16:41.310921026+00:00,10,2,38,A,B,1,233.69,200,130,166960,12577925,AAPL,0,978,66.28568539893385
2024-10-21 12:16:42.498007357+00:00,2024-10-21 12:16:42.498007357+00:00,10,2,38,A,A,5,234.25,100,130,166878,12578938,AAPL,0,869,41.641702147870866
2024-10-21 12:16:44.366509790+00:00,2024-10-21 12:16:44.366509790+00:00,10,2,38,A,B,0,233.74,200,130,166899,12580824,AAPL,200,1400,41.40359308766599
2024-10-21 12:16:44.533794596+00:00,2024-10-21 12:16:44.533794596+00:00,10,2,38,A,A,0,233.9,18,130,166045,12580968,AAPL,18,1617,134.83420630933162
2024-10-21 12:16:44.802532155+00:00,2024-10-21 12:16:44.802532155+00:00,10,2,38,C,A,4,234.15,30,130,165887,12581165,AAPL,0,899,27.109985760131416
2024-10-21 12:16:44.802578420+00:00,2024-10-21 12:16:44.802578420+00:00,10,2,38,A,A,3,234.11,27,130,166277,12581166,AAPL,0,1296,84.70401269475825
2024-10-21 12:16:47.612239006+00:00,2024-10-21 12:16:47.612239006+00:00,10,2,38,A,A,1,234.08,200,130,165996,12583335,AAPL,0,200,-30.074227863711645
2024-10-21 12:16:47.666876898+00:00,2024-10-21 12:16:47.666876898+00:00,10,2,38,C,A,1,234.08,200,130,165974,12583345,AAPL,0,-200,-57.36558867368446
2024-10-21 12:16:47.666890051+00:00,2024-10-21 12:16:47.666890051+00:00,10,2,38,A,A,1,234.04,200,130,166365,12583346,AAPL,0,200,-30.074227863711645
2024-10-21 12:16:47.926797838+00:00,2024-10-21 12:16:47.926797838+00:00,10,2,38,C,B,0,233.74,200,130,166045,12583828,AAPL,-200,-2178,-225.20332288770757
2024-10-21 12:16:47.926810269+00:00,2024-10-21 12:16:47.926810269+00:00,10,2,38,A,B,1,233.68,200,130,166330,12583829,AAPL,0,200,-30.074227863711645
2024-10-21 12:16:48.065603630+00:00,2024-10-21 12:16:48.065603630+00:00,10,2,38,C,A,3,234.11,27,130,166731,12584067,AAPL,0,1296,84.70401269475825
2024-10-21 12:16:48.065661214+00:00,2024-10-21 12:16:48.065661214+00:00,10,2,38,A,A,2,234.06,29,130,166498,12584068,AAPL,0,1398,102.9721990503159
2024-10-21 12:16:48.122967378+00:00,2024-10-21 12:16:48.122967378+00:00,10,2,38,A,A,1,234.01,200,130,166559,12584094,AAPL,0,200,-30.074227863711645
2024-10-21 12:16:48.228366485+00:00,2024-10-21 12:16:48.228366485+00:00,10,2,38,A,A,1,234.01,200,130,166882,12584254,AAPL,0,200,-30.074227863711645
2024-10-21 12:16:48.283159712+00:00,2024-10-21 12:16:48.283159712+00:00,10,2,38,C,A,1,234.01,200,130,166651,12584287,AAPL,0,-200,-57.36558867368446
2024-10-21 12:16:48.283173265+00:00,2024-10-21 12:16:48.283173265+00:00,10,2,38,A,A,1,233.98,200,130,166373,12584288,AAPL,0,200,-30.074227863711645
2024-10-21 12:16:49.563776410+00:00,2024-10-21 12:16:49.563776410+00:00,10,2,38,C,A,0,233.9,18,130,166681,12585847,AAPL,18,1616,116.91032715868242
2024-10-21 12:16:49.564755651+00:00,2024-10-21 12:16:49.564755651+00:00,10,2,38,C,B,1,233.68,200,130,165854,12585849,AAPL,0,-200,-57.36558867368446
2024-10-21 12:16:49.635124163+00:00,2024-10-21 12:16:49.635124163+00:00,10,2,38,C,A,0,233.98,200,130,166278,12585962,AAPL,200,1599,140.79634245897543
2024-10-21 12:16:49.635136826+00:00,2024-10-21 12:16:49.635136826+00:00,10,2,38,A,A,0,234.04,400,130,166073,12585963,AAPL,400,1799,144.04576138542103
2024-10-21 12:16:49.635541646+00:00,2024-10-21 12:16:49.635541646+00:00,10,2,38,C,A,1,234.06,29,130,166207,12585964,AAPL,0,1399,137.54692353252986
2024-10-21 12:16:49.635636984+00:00,2024-10-21 12:16:49.635636984+00:00,10,2,38,A,A,2,234.11,29,130,166377,12585965,AAPL,0,1299,127.95825908845885
2024-10-21 12:16:49.669495875+00:00,2024-10-21 12:16:49.669495875+00:00,10,2,38,A,B,1,233.68,200,130,166331,12585982,AAPL,0,200,-30.074227863711645
2024-10-21 12:16:49.706243840+00:00,2024-10-21 12:16:49.706243840+00:00,10,2,38,C,A,0,234.04,200,130,166216,12585991,AAPL,-200,-200,-46.96932719514365
2024-10-21 12:16:49.706441749+00:00,2024-10-21 12:16:49.706441749+00:00,10,2,38,C,A,0,234.04,200,130,166030,12585992,AAPL,200,1599,138.03051821739766
2024-10-21 12:16:49.706453582+00:00,2024-10-21 12:16:49.706453582+00:00,10,2,38,A,A,0,234.09,200,130,166277,12585993,AAPL,200,1599,138.03051821739766
2024-10-21 12:16:49.707051448+00:00,2024-10-21 12:16:49.707051448+00:00,10,2,38,C,A,2,234.11,29,130,165956,12585994,AAPL,0,1299,127.95825908845885
2024-10-21 12:16:49.709446277+00:00,2024-10-21 12:16:49.709446277+00:00,10,2,38,A,A,0,234.09,200,130,166635,12585999,AAPL,200,200,-40.470489342252456
2024-10-21 12:16:50.277262708+00:00,2024-10-21 12:16:50.277262708+00:00,10,2,38,C,B,1,233.68,27,130,166720,12586408,AAPL,0,-27,-45.562075123371216
2024-10-21 12:16:50.277350058+00:00,2024-10-21 12:16:50.277350058+00:00,10,2,38,A,A,3,234.17,27,130,166267,12586409,AAPL,0,27,-38.112836821915
2024-10-21 12:16:50.277381197+00:00,2024-10-21 12:16:50.277381197+00:00,10,2,38,A,B,1,233.69,27,130,166669,12586410,AAPL,0,978,73.0249472833417
2024-10-21 12:16:50.981459165+00:00,2024-10-21 12:16:50.981459165+00:00,10,2,38,A,B,0,233.7,200,130,166365,12587468,AAPL,200,-751,-155.3731780396191
2024-10-21 12:16:51.768772781+00:00,2024-10-21 12:16:51.768772781+00:00,10,2,38,A,B,0,233.85,141,130,166324,12588253,AAPL,141,2319,150.4506081719964
2024-10-21 12:16:54.799759269+00:00,2024-10-21 12:16:54.799759269+00:00,10,2,38,T,N,0,233.86,13,130,167316,12591024,AAPL,0,0,-43.71990826869805
2024-10-21 12:16:54.862528040+00:00,2024-10-21 12:16:54.862528040+00:00,10,2,38,C,A,3,234.17,27,130,166025,12591058,AAPL,0,-27,-49.3269797154811
2024-10-21 12:16:54.862652964+00:00,2024-10-21 12:16:54.862652964+00:00,10,2,38,A,A,3,234.16,30,130,166381,12591059,AAPL,0,900,48.01228681828765
2024-10-21 12:17:02.456505763+00:00,2024-10-21 12:17:02.456505763+00:00,10,2,38,C,A,0,234.09,200,130,165906,12600010,AAPL,-200,-200,-46.96932719514365
2024-10-21 12:17:02.456518211+00:00,2024-10-21 12:17:02.456518211+00:00,10,2,38,A,A,0,234.08,400,130,166189,12600011,AAPL,400,400,-37.22107041580687
2024-10-21 12:17:02.692703742+00:00,2024-10-21 12:17:02.692703742+00:00,10,2,38,A,B,1,233.7,200,130,166369,12600199,AAPL,0,200,-30.074227863711645
2024-10-21 12:17:02.695735412+00:00,2024-10-21 12:17:02.695735412+00:00,10,2,38,A,B,1,233.73,27,130,166325,12600202,AAPL,0,2395,224.68689853171233
2024-10-21 12:17:02.695762734+00:00,2024-10-21 12:17:02.695762734+00:00,10,2,38,C,B,3,233.69,27,130,166045,12600203,AAPL,0,-768,-138.79067136152327
2024-10-21 12:17:02.743941560+00:00,2024-10-21 12:17:02.743941560+00:00,10,2,38,C,B,2,233.7,200,130,166090,12600243,AAPL,0,-200,-65.15664287531204
2024-10-21 12:17:02.743954174+00:00,2024-10-21 12:17:02.743954174+00:00,10,2,38,A,B,1,233.77,200,130,166449,12600244,AAPL,0,2168,311.48659836680343
2024-10-21 12:17:04.308725875+00:00,2024-10-21 12:17:04.308725875+00:00,10,2,38,C,A,3,234.16,30,130,166595,12602099,AAPL,0,900,48.01228681828765
2024-10-21 12:17:04.308776780+00:00,2024-10-21 12:17:04.308776780+00:00,10,2,38,A,A,3,234.15,26,130,166171,12602100,AAPL,0,896,47.18160956691239
2024-10-21 12:17:06.048294911+00:00,2024-10-21 12:17:06.048294911+00:00,10,2,38,C,B,1,233.77,200,130,165979,12604816,AAPL,0,-2168,-398.9264149041996
2024-10-21 12:17:06.048308319+00:00,2024-10-21 12:17:06.048308319+00:00,10,2,38,A,B,1,233.74,200,130,166503,12604817,AAPL,0,2168,311.48659836680343
2024-10-21 12:17:07.403868087+00:00,2024-10-21 12:17:07.403868087+00:00,10,2,38,A,B,1,233.74,200,130,166152,12606471,AAPL,0,200,-30.074227863711645
2024-10-21 12:17:07.458672320+00:00,2024-10-21 12:17:07.458672320+00:00,10,2,38,C,B,1,233.74,200,130,166168,12606559,AAPL,0,-200,-57.36558867368446
2024-10-21 12:17:07.458684918+00:00,2024-10-21 12:17:07.458684918+00:00,10,2,38,A,B,1,233.77,200,130,166884,12606560,AAPL,0,200,-30.074227863711645
2024-10-21 12:17:10.980069944+00:00,2024-10-21 12:17:10.980069944+00:00,10,2,38,C,B,1,233.77,200,130,166298,12610019,AAPL,0,-2168,-398.9264149041996
2024-10-21 12:17:10.980083268+00:00,2024-10-21 12:17:10.980083268+00:00,10,2,38,A,B,1,233.74,200,130,166171,12610020,AAPL,0,2168,311.48659836680343
2024-10-21 12:17:16.046891679+00:00,2024-10-21 12:17:16.046891679+00:00,10,2,38,A,B,1,233.74,200,130,166146,12615898,AAPL,0,200,-30.074227863711645
2024-10-21 12:17:16.101320234+00:00,2024-10-21 12:17:16.101320234+00:00,10,2,38,C,B,1,233.74,200,130,165884,12616034,AAPL,0,-200,-57.36558867368446
2024-10-21 12:17:16.101332500+00:00,2024-10-21 12:17:16.101332500+00:00,10,2,38,A,B,1,233.77,200,130,166361,12616035,AAPL,0,200,-30.074227863711645
2024-10-21 12:17:18.814227520+00:00,2024-10-21 12:17:18.814227520+00:00,10,2,38,A,B,0,233.9,10,130,166263,12619312,AAPL,10,2209,220.65742320970458
2024-10-21 12:17:20.656823195+00:00,2024-10-21 12:17:20.656823195+00:00,10,2,38,C,B,2,233.77,200,130,166116,12621045,AAPL,0,-2058,-298.314564115263
2024-10-21 12:17:20.662283454+00:00,2024-10-21 12:17:20.662283454+00:00,10,2,38,A,A,0,234.05,100,130,166226,12621054,AAPL,100,1895,149.25012733375155
2024-10-21 12:17:20.662744252+00:00,2024-10-21 12:17:20.662744252+00:00,10,2,38,C,A,0,234.05,100,130,165757,12621055,AAPL,100,1895,149.25012733375155
2024-10-21 12:17:20.719761250+00:00,2024-10-21 12:17:20.719761250+00:00,10,2,38,C,A,0,234.08,200,130,166576,12621104,AAPL,-200,-200,-46.96932719514365
2024-10-21 12:17:20.762539880+00:00,2024-10-21 12:17:20.762539880+00:00,10,2,38,A,B,2,233.77,200,130,166456,12621151,AAPL,0,2058,210.87474757786688
2024-10-21 12:17:21.078904005+00:00,2024-10-21 12:17:21.078904005+00:00,10,2,38,A,B,2,233.77,200,130,166264,12621965,AAPL,0,200,-22.28317366208405
2024-10-21 12:17:21.133609901+00:00,2024-10-21 12:17:21.133609901+00:00,10,2,38,C,B,2,233.77,200,130,166107,12622031,AAPL,0,-200,-65.15664287531204
2024-10-21 12:17:21.133623109+00:00,2024-10-21 12:17:21.133623109+00:00,10,2,38,A,B,2,233.8,400,130,166468,12622032,AAPL,0,400,-0.84643905547005
2024-10-21 12:17:21.840211165+00:00,2024-10-21 12:17:21.840211165+00:00,10,2,38,C,A,0,234.08,200,130,165972,12622599,AAPL,200,1596,100.12733790907917
2024-10-21 12:17:21.840224418+00:00,2024-10-21 12:17:21.840224418+00:00,10,2,38,A,A,2,234.14,200,130,166456,12622600,AAPL,0,1096,68.61834417352638
2024-10-21 12:17:22.072304747+00:00,2024-10-21 12:17:22.072304747+00:00,10,2,38,A,A,1,234.13,200,130,166655,12622909,AAPL,0,1296,82.26402457851277
2024-10-21 12:17:22.085707892+00:00,2024-10-21 12:17:22.085707892+00:00,10,2,38,A,A,0,234.0,50,130,166258,12622918,AAPL,50,1646,119.12700832085896
2024-10-21 12:17:24.840366131+00:00,2024-10-21 12:17:24.840366131+00:00,10,2,38,A,A,2,234.13,200,130,168650,12624574,AAPL,0,200,-22.28317366208405
2024-10-21 12:17:24.840795392+00:00,2024-10-21 12:17:24.840795392+00:00,10,2,38,A,A,1,234.1,28,130,166125,12624575,AAPL,0,28,-41.809513011999954
2024-10-21 12:17:24.840821231+00:00,2024-10-21 12:17:24.840821231+00:00,10,2,38,C,A,3,234.15,26,130,166099,12624576,AAPL,0,896,47.18160956691239
2024-10-21 12:17:24.896015668+00:00,2024-10-21 12:17:24.896015668+00:00,10,2,38,C,A,2,234.13,200,130,165908,12624585,AAPL,0,-200,-65.15664287531204
2024-10-21 12:17:24.896030774+00:00,2024-10-21 12:17:24.896030774+00:00,10,2,38,A,A,1,234.04,200,130,166382,12624586,AAPL,0,1598,152.2151231237192
2024-10-21 12:17:26.219727754+00:00,2024-10-21 12:17:26.219727754+00:00,10,2,38,C,A,2,234.1,28,130,166018,12625936,AAPL,0,-28,-46.72105111362401
2024-10-21 12:17:26.219824269+00:00,2024-10-21 12:17:26.219824269+00:00,10,2,38,A,A,2,234.09,27,130,166084,12625937,AAPL,0,1396,102.75783170424977
2024-10-21 12:17:26.286945437+00:00,2024-10-21 12:17:26.286945437+00:00,10,2,38,A,A,1,234.03,200,130,166554,12626109,AAPL,0,200,-30.074227863711645
2024-10-21 12:17:30.761645371+00:00,2024-10-21 12:17:30.761645371+00:00,10,2,38,C,A,1,234.03,200,130,166239,12633053,AAPL,0,1596,116.40351210923617
2024-10-21 12:17:30.761657680+00:00,2024-10-21 12:17:30.761657680+00:00,10,2,38,A,A,1,234.08,200,130,166332,12633054,AAPL,0,1596,116.40351210923617
2024-10-21 12:17:30.762940179+00:00,2024-10-21 12:17:30.762940179+00:00,10,2,38,A,A,1,234.08,200,130,166375,12633055,AAPL,0,200,-30.074227863711645
2024-10-21 12:17:30.764592400+00:00,2024-10-21 12:17:30.764592400+00:00,10,2,38,C,A,2,234.09,27,130,166111,12633057,AAPL,0,1396,102.75783170424977
2024-10-21 12:17:30.764692359+00:00,2024-10-21 12:17:30.764692359+00:00,10,2,38,A,A,4,234.15,29,130,166251,12633058,AAPL,0,898,26.969480475029133
2024-10-21 12:17:33.378283593+00:00,2024-10-21 12:17:33.378283593+00:00,10,2,38,C,B,2,233.8,400,130,166082,12636437,AAPL,0,-2258,-319.751298721877
2024-10-21 12:17:33.378297030+00:00,2024-10-21 12:17:33.378297030+00:00,10,2,38,A,B,2,233.77,200,130,166047,12636438,AAPL,0,2058,210.87474757786688
2024-10-21 12:17:33.764809990+00:00,2024-10-21 12:17:33.764809990+00:00,10,2,38,A,A,2,234.09,29,130,166460,12637750,AAPL,0,1364,106.32423867265717
2024-10-21 12:17:33.764834502+00:00,2024-10-21 12:17:33.764834502+00:00,10,2,38,C,A,5,234.15,29,130,166101,12637751,AAPL,0,835,26.246866829404293
2024-10-21 12:17:33.822822391+00:00,2024-10-21 12:17:33.822822391+00:00,10,2,38,C,A,1,234.08,200,130,166167,12637806,AAPL,0,-200,-57.36558867368446
2024-10-21 12:17:33.822835795+00:00,2024-10-21 12:17:33.822835795+00:00,10,2,38,A,A,1,234.03,200,130,166515,12637807,AAPL,0,200,-30.074227863711645
2024-10-21 12:17:35.461400679+00:00,2024-10-21 12:17:35.461400679+00:00,10,2,38,C,A,1,234.03,200,130,165907,12639539,AAPL,0,1598,116.61787945530232
2024-10-21 12:17:35.461412055+00:00,2024-10-21 12:17:35.461412055+00:00,10,2,38,A,A,1,234.08,400,130,166884,12639540,AAPL,0,1798,130.26355986028872
2024-10-21 12:17:35.469991264+00:00,2024-10-21 12:17:35.469991264+00:00,10,2,38,C,A,2,234.09,29,130,165964,12639580,AAPL,0,1398,102.9721990503159
2024-10-21 12:17:35.470045707+00:00,2024-10-21 12:17:35.470045707+00:00,10,2,38,A,A,4,234.15,28,130,166423,12639581,AAPL,0,897,26.82897518992685
2024-10-21 12:17:37.663629357+00:00,2024-10-21 12:17:37.663629357+00:00,10,2,38,A,B,2,233.77,200,130,166239,12641761,AAPL,0,200,-22.28317366208405
2024-10-21 12:17:37.718594298+00:00,2024-10-21 12:17:37.718594298+00:00,10,2,38,C,B,2,233.77,200,130,166245,12641892,AAPL,0,-200,-65.15664287531204
2024-10-21 12:17:37.718605853+00:00,2024-10-21 12:17:37.718605853+00:00,10,2,38,A,B,2,233.8,400,130,166798,12641893,AAPL,0,400,-0.84643905547005
2024-10-21 12:17:38.521127910+00:00,2024-10-21 12:17:38.521127910+00:00,10,2,38,A,A,1,234.04,200,130,166620,12642639,AAPL,0,200,-30.074227863711645
2024-10-21 12:17:39.973547435+00:00,2024-10-21 12:17:39.973547435+00:00,10,2,38,C,A,4,234.15,28,130,165959,12644151,AAPL,0,897,26.82897518992685
2024-10-21 12:17:39.973585910+00:00,2024-10-21 12:17:39.973585910+00:00,10,2,38,A,A,2,234.1,27,130,166127,12644152,AAPL,0,27,-40.82594909680516
2024-10-21 12:17:47.135873221+00:00,2024-10-21 12:17:47.135873221+00:00,10,2,38,T,A,0,233.9,10,0,171544,12650095,AAPL,0,0,-43.71990826869805
2024-10-21 12:17:47.135873221+00:00,2024-10-21 12:17:47.135873221+00:00,10,2,38,T,A,0,233.85,141,0,171544,12650096,AAPL,-10,-2409,-329.5339743537147
2024-10-21 12:17:47.135873221+00:00,2024-10-21 12:17:47.135873221+00:00,10,2,38,T,N,0,233.85,50,130,171544,12650097,AAPL,-141,-2509,-414.86293565233007
2024-10-21 12:17:47.135900626+00:00,2024-10-21 12:17:47.135900626+00:00,10,2,38,A,A,0,233.98,100,130,166285,12650098,AAPL,100,1746,131.9438081502233
2024-10-21 12:17:47.135905168+00:00,2024-10-21 12:17:47.135905168+00:00,10,2,38,A,A,0,233.97,100,130,166981,12650099,AAPL,100,1783,153.24913114111197
2024-10-21 12:17:47.135906292+00:00,2024-10-21 12:17:47.135906292+00:00,10,2,38,A,A,0,233.95,162,130,168525,12650101,AAPL,162,1940,122.61519068959382
2024-10-21 12:17:47.135913885+00:00,2024-10-21 12:17:47.135913885+00:00,10,2,38,A,A,0,233.92,100,130,165931,12650102,AAPL,100,1440,94.71577795737427
2024-10-21 12:17:47.135916592+00:00,2024-10-21 12:17:47.135916592+00:00,10,2,38,A,A,3,233.98,100,130,165973,12650103,AAPL,0,100,-22.952976984316383
2024-10-21 12:17:47.135925594+00:00,2024-10-21 12:17:47.135925594+00:00,10,2,38,A,A,2,233.97,100,130,167943,12650104,AAPL,0,100,-33.00154096539105
2024-10-21 12:17:47.135933669+00:00,2024-10-21 12:17:47.135933669+00:00,10,2,38,A,A,1,233.93,35,130,166018,12650105,AAPL,0,1475,137.04111649155078
2024-10-21 12:17:47.135937314+00:00,2024-10-21 12:17:47.135937314+00:00,10,2,38,C,A,4,233.98,100,130,166168,12650106,AAPL,0,-100,-57.770436778926104
2024-10-21 12:17:47.135940686+00:00,2024-10-21 12:17:47.135940686+00:00,10,2,38,A,A,3,233.97,100,130,166774,12650107,AAPL,0,100,-22.952976984316383
2024-10-21 12:17:47.135946914+00:00,2024-10-21 12:17:47.135946914+00:00,10,2,38,A,A,0,233.97,35,130,167412,12650109,AAPL,100,1575,145.3822287289272
2024-10-21 12:17:47.135952535+00:00,2024-10-21 12:17:47.135952535+00:00,10,2,38,C,A,3,233.98,100,130,165977,12650110,AAPL,0,978,60.6013327594985
2024-10-21 12:17:47.135958456+00:00,2024-10-21 12:17:47.135958456+00:00,10,2,38,C,B,0,233.8,400,130,165862,12650111,AAPL,-400,-2378,-274.147274706699
2024-10-21 12:17:47.135968023+00:00,2024-10-21 12:17:47.135968023+00:00,10,2,38,C,A,1,233.95,162,128,166975,12650112,AAPL,0,2075,153.29701254830388
2024-10-21 12:17:47.136008874+00:00,2024-10-21 12:17:47.136008874+00:00,10,2,38,C,A,1,233.97,100,130,167756,12650118,AAPL,0,-100,-50.54274847119126
2024-10-21 12:17:47.136054541+00:00,2024-10-21 12:17:47.136054541+00:00,10,2,38,C,A,1,233.97,100,130,166119,12650119,AAPL,0,-100,-50.54274847119126
2024-10-21 12:17:47.136218636+00:00,2024-10-21 12:17:47.136218636+00:00,10,2,38,C,A,1,233.97,100,130,165929,12650120,AAPL,0,-100,-50.54274847119126
2024-10-21 12:17:47.136225295+00:00,2024-10-21 12:17:47.136225295+00:00,10,2,38,C,A,1,233.97,100,130,165969,12650121,AAPL,0,-100,-50.54274847119126
2024-10-21 12:17:47.136565013+00:00,2024-10-21 12:17:47.136565013+00:00,10,2,38,A,A,0,233.92,100,130,166984,12650123,AAPL,100,1648,103.38324574113236
2024-10-21 12:17:47.137037920+00:00,2024-10-21 12:17:47.137037920+00:00,10,2,38,C,A,0,233.92,100,130,166665,12650124,AAPL,100,1648,103.38324574113236
2024-10-21 12:17:47.156890091+00:00,2024-10-21 12:17:47.156890091+00:00,10,2,38,A,B,0,233.8,200,130,166495,12650144,AAPL,200,2178,183.4580392428573
2024-10-21 12:17:47.189701537+00:00,2024-10-21 12:17:47.189701537+00:00,10,2,38,A,B,0,233.8,200,130,166856,12650170,AAPL,200,200,-40.470489342252456
2024-10-21 12:17:47.200038724+00:00,2024-10-21 12:17:47.200038724+00:00,10,2,38,C,B,0,233.8,200,130,166081,12650190,AAPL,-200,-200,-46.96932719514365
2024-10-21 12:17:47.200048226+00:00,2024-10-21 12:17:47.200048226+00:00,10,2,38,C,B,0,233.8,200,130,165807,12650191,AAPL,-200,-2178,-270.8978557802534
2024-10-21 12:17:47.200058794+00:00,2024-10-21 12:17:47.200058794+00:00,10,2,38,A,B,2,233.69,400,130,167039,12650192,AAPL,0,1151,92.61951503528256
2024-10-21 12:17:47.203657195+00:00,2024-10-21 12:17:47.203657195+00:00,10,2,38,C,B,0,233.73,27,130,167118,12650207,AAPL,-27,-2378,-262.3720855576673
2024-10-21 12:17:47.203729908+00:00,2024-10-21 12:17:47.203729908+00:00,10,2,38,A,B,2,233.67,28,130,166362,12650208,AAPL,0,779,52.747188666980506
2024-10-21 12:17:47.207076580+00:00,2024-10-21 12:17:47.207076580+00:00,10,2,38,C,B,1,233.69,400,130,166043,12650217,AAPL,0,-1179,-167.4783660143494
2024-10-21 12:17:47.240037346+00:00,2024-10-21 12:17:47.240037346+00:00,10,2,38,A,B,1,233.68,200,130,166532,12650248,AAPL,0,979,66.39286907196691
2024-10-21 12:17:47.240066169+00:00,2024-10-21 12:17:47.240066169+00:00,10,2,38,C,A,1,233.97,35,130,165908,12650249,AAPL,0,1618,147.1895755462686
2024-10-21 12:17:47.260085243+00:00,2024-10-21 12:17:47.260085243+00:00,10,2,38,A,A,2,234.03,200,130,166562,12650278,AAPL,0,200,-22.28317366208405
2024-10-21 12:17:47.386463721+00:00,2024-10-21 12:17:47.386463721+00:00,10,2,38,C,A,0,233.93,35,130,166356,12650325,AAPL,35,1681,130.88774699912847
2024-10-21 12:17:57.663911195+00:00,2024-10-21 12:17:57.663911195+00:00,10,2,38,C,A,2,234.1,27,130,165964,12660246,AAPL,0,-27,-46.613867440590944
2024-10-21 12:17:57.664016909+00:00,2024-10-21 12:17:57.664016909+00:00,10,2,38,A,A,2,234.09,28,130,166599,12660247,AAPL,0,1397,102.86501537728283
2024-10-21 12:17:57.861764830+00:00,2024-10-21 12:17:57.861764830+00:00,10,2,38,C,A,1,234.03,200,130,165901,12660371,AAPL,0,1597,116.51069578226925
2024-10-21 12:17:57.861778012+00:00,2024-10-21 12:17:57.861778012+00:00,10,2,38,A,A,1,234.05,200,130,166306,12660372,AAPL,0,1597,116.51069578226925
2024-10-21 12:17:57.861832789+00:00,2024-10-21 12:17:57.861832789+00:00,10,2,38,C,A,1,234.05,200,130,165780,12660373,AAPL,0,1597,116.51069578226925
2024-10-21 12:17:57.861881332+00:00,2024-10-21 12:17:57.861881332+00:00,10,2,38,A,A,1,234.08,400,130,166226,12660374,AAPL,0,1797,130.15637618725563
2024-10-21 12:17:57.862245512+00:00,2024-10-21 12:17:57.862245512+00:00,10,2,38,C,A,2,234.09,28,130,166061,12660376,AAPL,0,1397,102.86501537728283
2024-10-21 12:17:57.917042270+00:00,2024-10-21 12:17:57.917042270+00:00,10,2,38,A,A,1,234.06,200,130,166396,12660452,AAPL,0,200,-30.074227863711645
2024-10-21 12:17:58.077227750+00:00,2024-10-21 12:17:58.077227750+00:00,10,2,38,A,A,1,234.03,200,130,166393,12660553,AAPL,0,200,-30.074227863711645
2024-10-21 12:18:00.232353557+00:00,2024-10-21 12:18:00.232353557+00:00,10,2,38,A,A,2,234.1,29,130,166410,12662424,AAPL,0,29,-40.61158175073902
2024-10-21 12:18:00.862130755+00:00,2024-10-21 12:18:00.862130755+00:00,10,2,38,A,A,1,234.03,200,130,166384,12663334,AAPL,0,200,-30.074227863711645
2024-10-21 12:18:01.682081842+00:00,2024-10-21 12:18:01.682081842+00:00,10,2,38,C,A,1,234.03,200,130,166609,12664484,AAPL,0,-200,-57.36558867368446
2024-10-21 12:18:01.684033789+00:00,2024-10-21 12:18:01.684033789+00:00,10,2,38,C,A,1,234.03,200,130,166216,12664487,AAPL,0,1599,152.3223067967523
2024-10-21 12:18:01.684046790+00:00,2024-10-21 12:18:01.684046790+00:00,10,2,38,A,A,1,234.06,200,130,166573,12664488,AAPL,0,1599,152.3223067967523
2024-10-21 12:18:02.545068859+00:00,2024-10-21 12:18:02.545068859+00:00,10,2,38,A,A,1,234.05,200,130,166352,12665308,AAPL,0,200,-30.074227863711645
2024-10-21 12:18:03.624100762+00:00,2024-10-21 12:18:03.624100762+00:00,10,2,38,C,A,1,234.05,200,130,165772,12666192,AAPL,0,1599,152.3223067967523
2024-10-21 12:18:03.624112266+00:00,2024-10-21 12:18:03.624112266+00:00,10,2,38,A,A,1,234.07,200,130,166208,12666193,AAPL,0,1599,152.3223067967523
2024-10-21 12:18:03.629412395+00:00,2024-10-21 12:18:03.629412395+00:00,10,2,38,C,B,2,233.67,28,130,166515,12666256,AAPL,0,-779,-140.18700520437662
2024-10-21 12:18:03.629498033+00:00,2024-10-21 12:18:03.629498033+00:00,10,2,38,A,B,1,233.68,26,130,166365,12666257,AAPL,0,26,-41.94596981604982
2024-10-21 12:18:03.696618449+00:00,2024-10-21 12:18:03.696618449+00:00,10,2,38,A,B,1,233.69,200,130,166659,12666492,AAPL,0,977,66.17850172590076
2024-10-21 12:18:04.737516809+00:00,2024-10-21 12:18:04.737516809+00:00,10,2,38,A,A,1,234.04,200,130,166541,12667659,AAPL,0,200,-30.074227863711645
2024-10-21 12:18:05.203361341+00:00,2024-10-21 12:18:05.203361341+00:00,10,2,38,C,A,1,234.04,200,130,166101,12668336,AAPL,0,1599,152.3223067967523
2024-10-21 12:18:05.203373864+00:00,2024-10-21 12:18:05.203373864+00:00,10,2,38,A,A,1,234.07,200,130,166492,12668337,AAPL,0,1599,152.3223067967523
2024-10-21 12:18:08.259009052+00:00,2024-10-21 12:18:08.259009052+00:00,10,2,38,A,A,1,234.04,200,130,166621,12670951,AAPL,0,200,-30.074227863711645
2024-10-21 12:18:08.926535769+00:00,2024-10-21 12:18:08.926535769+00:00,10,2,38,C,A,1,234.04,200,130,166039,12671724,AAPL,0,1599,152.3223067967523
2024-10-21 12:18:08.926548505+00:00,2024-10-21 12:18:08.926548505+00:00,10,2,38,A,A,1,234.07,200,130,166385,12671725,AAPL,0,1599,152.3223067967523
2024-10-21 12:18:10.662438649+00:00,2024-10-21 12:18:10.662438649+00:00,10,2,38,A,A,1,234.04,200,130,166450,12673023,AAPL,0,200,-30.074227863711645
2024-10-21 12:18:11.927260518+00:00,2024-10-21 12:18:11.927260518+00:00,10,2,38,A,A,1,234.04,200,130,166193,12675018,AAPL,0,200,-30.074227863711645
2024-10-21 12:18:20.285727761+00:00,2024-10-21 12:18:20.285727761+00:00,10,2,38,C,A,2,234.1,29,130,166141,12682022,AAPL,0,-29,-46.828234786657084
2024-10-21 12:18:20.285772241+00:00,2024-10-21 12:18:20.285772241+00:00,10,2,38,A,A,2,234.05,27,130,166557,12682023,AAPL,0,1396,102.75783170424977
2024-10-21 12:18:20.342095696+00:00,2024-10-21 12:18:20.342095696+00:00,10,2,38,C,A,1,234.04,200,130,166250,12682048,AAPL,0,-200,-57.36558867368446
2024-10-21 12:18:20.342109232+00:00,2024-10-21 12:18:20.342109232+00:00,10,2,38,A,A,0,233.99,200,130,166342,12682049,AAPL,200,250,-37.05906924100586
2024-10-21 12:18:30.059494751+00:00,2024-10-21 12:18:30.059494751+00:00,10,2,38,A,A,0,233.98,200,130,166367,12688662,AAPL,200,200,-40.470489342252456
2024-10-21 12:18:30.076519305+00:00,2024-10-21 12:18:30.076519305+00:00,10,2,38,A,A,0,233.97,200,130,166329,12688696,AAPL,200,200,-40.470489342252456
2024-10-21 12:18:38.165859345+00:00,2024-10-21 12:18:38.165859345+00:00,10,2,38,C,A,0,233.97,200,130,165808,12695042,AAPL,200,1646,109.41867073194194
2024-10-21 12:18:38.165871291+00:00,2024-10-21 12:18:38.165871291+00:00,10,2,38,A,A,0,233.99,200,130,166718,12695043,AAPL,200,1646,109.41867073194194
2024-10-21 12:18:38.170782768+00:00,2024-10-21 12:18:38.170782768+00:00,10,2,38,C,B,1,233.69,200,130,165958,12695084,AAPL,0,-977,-153.61831826329686
2024-10-21 12:18:38.170792741+00:00,2024-10-21 12:18:38.170792741+00:00,10,2,38,A,B,2,233.66,200,130,166029,12695085,AAPL,0,200,-22.28317366208405
2024-10-21 12:18:38.189694615+00:00,2024-10-21 12:18:38.189694615+00:00,10,2,38,C,B,1,233.68,26,130,166074,12695165,AAPL,0,-1087,-204.66891765079671
2024-10-21 12:18:38.189791855+00:00,2024-10-21 12:18:38.189791855+00:00,10,2,38,A,B,2,233.62,28,130,166408,12695166,AAPL,0,888,96.91238722603127
2024-10-21 12:18:40.408086849+00:00,2024-10-21 12:18:40.408086849+00:00,10,2,38,C,B,2,233.62,28,130,166327,12697055,AAPL,0,-888,-184.35220376342738
2024-10-21 12:18:40.408137058+00:00,2024-10-21 12:18:40.408137058+00:00,10,2,38,A,B,2,233.63,26,130,166360,12697056,AAPL,0,886,96.69801987996513
2024-10-21 12:18:41.179991523+00:00,2024-10-21 12:18:41.179991523+00:00,10,2,38,C,B,2,233.63,26,130,165758,12697907,AAPL,0,-886,-184.13783641736123
2024-10-21 12:18:41.180118662+00:00,2024-10-21 12:18:41.180118662+00:00,10,2,38,A,B,1,233.68,30,130,166208,12697911,AAPL,0,1091,117.50201472150033
2024-10-21 12:18:41.233925482+00:00,2024-10-21 12:18:41.233925482+00:00,10,2,38,A,B,0,233.74,200,130,166229,12697993,AAPL,200,2181,138.0850573694107
2024-10-21 12:18:44.453502831+00:00,2024-10-21 12:18:44.453502831+00:00,10,2,38,A,A,0,233.98,200,130,166597,12700269,AAPL,200,200,-40.470489342252456
2024-10-21 12:18:44.458571638+00:00,2024-10-21 12:18:44.458571638+00:00,10,2,38,C,B,0,233.74,200,130,166011,12700368,AAPL,-200,-2181,-225.52487390680682
2024-10-21 12:18:44.458583443+00:00,2024-10-21 12:18:44.458583443+00:00,10,2,38,A,B,2,233.66,200,130,166239,12700369,AAPL,0,200,-22.28317366208405
2024-10-21 12:18:44.477818456+00:00,2024-10-21 12:18:44.477818456+00:00,10,2,38,C,B,1,233.68,30,130,166562,12700470,AAPL,0,-1091,-204.94183125889646
2024-10-21 12:18:44.477924999+00:00,2024-10-21 12:18:44.477924999+00:00,10,2,38,A,B,2,233.62,28,130,166300,12700471,AAPL,0,888,96.91238722603127
2024-10-21 12:18:47.144489374+00:00,2024-10-21 12:18:47.144489374+00:00,10,2,38,A,A,0,233.97,200,130,166279,12703555,AAPL,200,200,-40.470489342252456
2024-10-21 12:18:47.206323404+00:00,2024-10-21 12:18:47.206323404+00:00,10,2,38,A,B,1,233.66,200,130,166524,12703653,AAPL,0,200,-30.074227863711645
2024-10-21 12:18:47.260861161+00:00,2024-10-21 12:18:47.260861161+00:00,10,2,38,C,B,1,233.66,200,130,166010,12703745,AAPL,0,-200,-57.36558867368446
2024-10-21 12:18:47.260873969+00:00,2024-10-21 12:18:47.260873969+00:00,10,2,38,A,B,0,233.7,200,130,166420,12703746,AAPL,200,0,-54.11616974723887
2024-10-21 12:18:47.459461214+00:00,2024-10-21 12:18:47.459461214+00:00,10,2,38,A,B,0,233.7,200,130,166693,12703881,AAPL,200,200,-40.470489342252456
2024-10-21 12:18:47.513983492+00:00,2024-10-21 12:18:47.513983492+00:00,10,2,38,C,B,0,233.7,200,130,166376,12703892,AAPL,-200,-200,-46.96932719514365
2024-10-21 12:18:47.513995474+00:00,2024-10-21 12:18:47.513995474+00:00,10,2,38,A,B,0,233.74,200,130,166554,12703893,AAPL,200,2179,140.58380229823467
2024-10-21 12:18:48.012656935+00:00,2024-10-21 12:18:48.012656935+00:00,10,2,38,C,A,0,233.97,200,130,166416,12704330,AAPL,200,1646,109.41867073194194
2024-10-21 12:18:48.012670562+00:00,2024-10-21 12:18:48.012670562+00:00,10,2,38,A,A,1,234.03,200,130,166625,12704331,AAPL,0,1596,116.40351210923617
2024-10-21 12:18:48.012835297+00:00,2024-10-21 12:18:48.012835297+00:00,10,2,38,A,A,1,234.03,200,130,166034,12704332,AAPL,0,200,-30.074227863711645
2024-10-21 12:18:48.013209412+00:00,2024-10-21 12:18:48.013209412+00:00,10,2,38,C,A,2,234.05,27,130,166353,12704333,AAPL,0,1396,102.75783170424977
2024-10-21 12:18:48.013312876+00:00,2024-10-21 12:18:48.013312876+00:00,10,2,38,A,A,2,234.1,28,130,166327,12704334,AAPL,0,28,-40.71876542377209
2024-10-21 12:18:48.070285169+00:00,2024-10-21 12:18:48.070285169+00:00,10,2,38,C,A,1,234.03,200,130,165909,12704401,AAPL,0,-200,-57.36558867368446
2024-10-21 12:18:48.070297042+00:00,2024-10-21 12:18:48.070297042+00:00,10,2,38,A,A,0,233.97,200,128,168765,12704402,AAPL,200,250,-37.05906924100586
2024-10-21 12:18:48.199908254+00:00,2024-10-21 12:18:48.199908254+00:00,10,2,38,C,B,0,233.74,200,130,166020,12704576,AAPL,-200,-2179,-228.0236188356308
2024-10-21 12:18:48.199920865+00:00,2024-10-21 12:18:48.199920865+00:00,10,2,38,A,B,1,233.68,200,130,166299,12704577,AAPL,0,979,69.10598134685706
2024-10-21 12:18:48.199942139+00:00,2024-10-21 12:18:48.199942139+00:00,10,2,38,C,B,1,233.68,200,130,165948,12704578,AAPL,0,-979,-156.54579788425318
2024-10-21 12:18:48.200029266+00:00,2024-10-21 12:18:48.200029266+00:00,10,2,38,A,B,2,233.65,200,130,166704,12704579,AAPL,0,978,76.78985187545159
2024-10-21 12:18:48.200502296+00:00,2024-10-21 12:18:48.200502296+00:00,10,2,38,C,B,3,233.62,28,130,166048,12704580,AAPL,0,-778,-142.7929338062337
2024-10-21 12:18:48.200553666+00:00,2024-10-21 12:18:48.200553666+00:00,10,2,38,A,B,1,233.67,27,130,166599,12704581,AAPL,0,978,93.0215896056803
2024-10-21 12:18:48.213222660+00:00,2024-10-21 12:18:48.213222660+00:00,10,2,38,C,B,1,233.67,27,130,166580,12704589,AAPL,0,-978,-180.4614061430764
2024-10-21 12:18:49.922943623+00:00,2024-10-21 12:18:49.922943623+00:00,10,2,38,C,A,2,234.1,28,130,166160,12706013,AAPL,0,-28,-46.72105111362401
2024-10-21 12:18:49.923091366+00:00,2024-10-21 12:18:49.923091366+00:00,10,2,38,A,A,2,234.05,28,130,166761,12706014,AAPL,0,1397,102.86501537728283
2024-10-21 12:18:51.254925630+00:00,2024-10-21 12:18:51.254925630+00:00,10,2,38,A,B,1,233.69,200,130,166370,12707192,AAPL,0,201,-29.96704419067857
2024-10-21 12:18:51.423329256+00:00,2024-10-21 12:18:51.423329256+00:00,10,2,38,C,A,2,234.05,28,130,165974,12707840,AAPL,0,1397,102.86501537728283
2024-10-21 12:18:51.423381788+00:00,2024-10-21 12:18:51.423381788+00:00,10,2,38,A,A,2,234.04,30,130,166285,12707841,AAPL,0,1399,103.07938272334897
2024-10-21 12:18:51.430250460+00:00,2024-10-21 12:18:51.430250460+00:00,10,2,38,A,B,1,233.69,200,130,166790,12707856,AAPL,0,200,-30.074227863711645
2024-10-21 12:18:53.922913086+00:00,2024-10-21 12:18:53.922913086+00:00,10,2,38,A,B,3,233.62,27,130,166534,12710377,AAPL,0,777,55.14544795599377
2024-10-21 12:19:00.083834280+00:00,2024-10-21 12:19:00.083834280+00:00,10,2,38,C,B,1,233.69,200,130,165809,12715313,AAPL,0,-200,-57.36558867368446
2024-10-21 12:19:00.083843895+00:00,2024-10-21 12:19:00.083843895+00:00,10,2,38,C,B,1,233.69,200,130,165913,12715314,AAPL,0,-978,-156.33812857140936
2024-10-21 12:19:00.083854884+00:00,2024-10-21 12:19:00.083854884+00:00,10,2,38,A,B,1,233.68,200,130,166451,12715315,AAPL,0,978,68.89831203401327
2024-10-21 12:19:00.143474250+00:00,2024-10-21 12:19:00.143474250+00:00,10,2,38,A,B,1,233.69,200,130,166855,12715619,AAPL,0,200,-30.074227863711645
2024-10-21 12:19:00.197516009+00:00,2024-10-21 12:19:00.197516009+00:00,10,2,38,A,B,1,233.69,200,130,165931,12715801,AAPL,0,200,-30.074227863711645
2024-10-21 12:19:00.198016624+00:00,2024-10-21 12:19:00.198016624+00:00,10,2,38,C,B,3,233.62,27,130,166541,12715804,AAPL,0,-777,-142.58526449338987
2024-10-21 12:19:00.198056773+00:00,2024-10-21 12:19:00.198056773+00:00,10,2,38,A,B,2,233.66,27,130,166379,12715805,AAPL,0,27,-40.82594909680516
2024-10-21 12:19:00.251362837+00:00,2024-10-21 12:19:00.251362837+00:00,10,2,38,C,B,1,233.69,200,130,165897,12715921,AAPL,0,-200,-57.36558867368446
2024-10-21 12:19:00.251375630+00:00,2024-10-21 12:19:00.251375630+00:00,10,2,38,A,B,0,233.73,200,130,166409,12715922,AAPL,200,1400,41.40359308766599
2024-10-21 12:19:02.578739513+00:00,2024-10-21 12:19:02.578739513+00:00,10,2,38,C,B,0,233.73,200,130,165828,12718269,AAPL,-200,-2288,-269.4757051197914
2024-10-21 12:19:02.578752989+00:00,2024-10-21 12:19:02.578752989+00:00,10,2,38,A,B,1,233.68,200,130,166185,12718270,AAPL,0,1088,110.55806763101768
2024-10-21 12:19:02.578784855+00:00,2024-10-21 12:19:02.578784855+00:00,10,2,38,C,B,1,233.68,200,130,165782,12718271,AAPL,0,-1088,-197.9978841684138
2024-10-21 12:19:02.583722081+00:00,2024-10-21 12:19:02.583722081+00:00,10,2,38,A,B,2,233.65,200,130,166359,12718279,AAPL,0,1060,115.3479789877193
2024-10-21 12:19:05.633956677+00:00,2024-10-21 12:19:05.633956677+00:00,10,2,38,A,B,0,233.73,200,130,166494,12720933,AAPL,200,1428,44.40473593259195
2024-10-21 12:19:06.744561325+00:00,2024-10-21 12:19:06.744561325+00:00,10,2,38,A,A,0,233.96,200,130,166583,12722330,AAPL,200,200,-40.470489342252456
2024-10-21 12:19:07.485167707+00:00,2024-10-21 12:19:07.485167707+00:00,10,2,38,C,B,0,233.73,200,130,166099,12723226,AAPL,-200,-2288,-269.4757051197914
2024-10-21 12:19:07.485180575+00:00,2024-10-21 12:19:07.485180575+00:00,10,2,38,A,B,1,233.66,200,130,166493,12723227,AAPL,0,200,-30.074227863711645
2024-10-21 12:19:07.567472916+00:00,2024-10-21 12:19:07.567472916+00:00,10,2,38,A,A,2,234.03,27,130,166285,12723377,AAPL,0,1363,103.23893111442499
2024-10-21 12:19:07.624621845+00:00,2024-10-21 12:19:07.624621845+00:00,10,2,38,C,A,3,234.04,30,130,166030,12723449,AAPL,0,1336,100.34497194253208
2024-10-21 12:19:08.123983275+00:00,2024-10-21 12:19:08.123983275+00:00,10,2,38,C,A,0,233.96,200,130,165958,12724349,AAPL,200,1646,109.41867073194194
2024-10-21 12:19:08.201710146+00:00,2024-10-21 12:19:08.201710146+00:00,10,2,38,A,A,0,233.96,200,130,166508,12724487,AAPL,200,1646,109.41867073194194
2024-10-21 12:19:10.540372657+00:00,2024-10-21 12:19:10.540372657+00:00,10,2,38,A,B,1,233.68,200,130,166906,12726299,AAPL,0,1088,110.55806763101768
2024-10-21 12:19:10.824415398+00:00,2024-10-21 12:19:10.824415398+00:00,10,2,38,C,A,7,234.41,39,130,166435,12726899,AAPL,0,-39,-46.58240404276405
2024-10-21 12:19:10.828162441+00:00,2024-10-21 12:19:10.828162441+00:00,10,2,38,A,A,7,234.41,39,130,166146,12726909,AAPL,0,39,-40.85741249463206
2024-10-21 12:19:14.207440891+00:00,2024-10-21 12:19:14.207440891+00:00,10,2,38,A,B,1,233.68,200,130,166275,12730136,AAPL,0,200,-30.074227863711645
2024-10-21 12:19:21.463656720+00:00,2024-10-21 12:19:21.463656720+00:00,10,2,38,C,A,7,234.41,39,130,166241,12734671,AAPL,0,-39,-46.58240404276405
2024-10-21 12:19:21.463763491+00:00,2024-10-21 12:19:21.463763491+00:00,10,2,38,C,A,7,234.41,61,130,166005,12734672,AAPL,0,-61,-48.19714524864743
2024-10-21 12:19:31.377322230+00:00,2024-10-21 12:19:31.377322230+00:00,10,2,38,C,A,0,233.96,200,130,166146,12742017,AAPL,200,1546,102.07893797792657
2024-10-21 12:19:31.377334380+00:00,2024-10-21 12:19:31.377334380+00:00,10,2,38,A,A,0,233.98,200,130,166156,12742018,AAPL,200,1546,102.07893797792657
2024-10-21 12:19:31.410847128+00:00,2024-10-21 12:19:31.410847128+00:00,10,2,38,C,A,0,233.98,200,130,166135,12742043,AAPL,200,1546,102.07893797792657
2024-10-21 12:19:31.410860369+00:00,2024-10-21 12:19:31.410860369+00:00,10,2,38,A,A,1,234.03,200,130,166181,12742044,AAPL,0,200,-30.074227863711645
2024-10-21 12:19:31.424732441+00:00,2024-10-21 12:19:31.424732441+00:00,10,2,38,C,B,2,233.66,27,130,166221,12742086,AAPL,0,-27,-46.613867440590944
2024-10-21 12:19:31.424790390+00:00,2024-10-21 12:19:31.424790390+00:00,10,2,38,A,B,2,233.67,30,130,166163,12742087,AAPL,0,781,52.96155601304664
2024-10-21 12:19:31.428123190+00:00,2024-10-21 12:19:31.428123190+00:00,10,2,38,C,A,1,234.03,27,130,166284,12742092,AAPL,0,-27,-45.562075123371216
2024-10-21 12:19:31.428166239+00:00,2024-10-21 12:19:31.428166239+00:00,10,2,38,A,A,2,234.09,30,130,166232,12742093,AAPL,0,1299,95.7396499693336
2024-10-21 12:19:31.428177171+00:00,2024-10-21 12:19:31.428177171+00:00,10,2,38,C,B,1,233.68,200,130,166244,12742094,AAPL,0,-200,-57.36558867368446
2024-10-21 12:19:31.428190903+00:00,2024-10-21 12:19:31.428190903+00:00,10,2,38,A,B,1,233.69,400,130,166742,12742095,AAPL,0,400,-16.428547458725237
2024-10-21 12:19:35.701549120+00:00,2024-10-21 12:19:35.701549120+00:00,10,2,38,C,B,1,233.69,200,130,166140,12745727,AAPL,0,-200,-57.36558867368446
2024-10-21 12:19:38.701678685+00:00,2024-10-21 12:19:38.701678685+00:00,10,2,38,A,B,1,233.69,200,130,166109,12748118,AAPL,0,200,-30.074227863711645
2024-10-21 12:19:38.756179281+00:00,2024-10-21 12:19:38.756179281+00:00,10,2,38,C,B,1,233.69,200,130,166359,12748157,AAPL,0,-200,-57.36558867368446
2024-10-21 12:19:38.756191248+00:00,2024-10-21 12:19:38.756191248+00:00,10,2,38,A,B,0,233.73,200,130,167188,12748158,AAPL,200,1400,41.40359308766599
2024-10-21 12:19:40.083326842+00:00,2024-10-21 12:19:40.083326842+00:00,10,2,38,A,A,1,234.03,200,130,166366,12749182,AAPL,0,200,-30.074227863711645
2024-10-21 12:19:40.137972145+00:00,2024-10-21 12:19:40.137972145+00:00,10,2,38,C,A,1,234.03,200,130,166129,12749218,AAPL,0,-200,-57.36558867368446
2024-10-21 12:19:40.137983855+00:00,2024-10-21 12:19:40.137983855+00:00,10,2,38,A,A,1,234.02,200,130,166331,12749219,AAPL,0,200,-30.074227863711645
2024-10-21 12:19:42.737152214+00:00,2024-10-21 12:19:42.737152214+00:00,10,2,38,C,B,0,233.73,200,130,166001,12752002,AAPL,-200,-2181,-225.52487390680682
2024-10-21 12:19:42.737165303+00:00,2024-10-21 12:19:42.737165303+00:00,10,2,38,A,B,1,233.68,200,130,166115,12752003,AAPL,0,981,66.60723641803305
2024-10-21 12:19:45.745918365+00:00,2024-10-21 12:19:45.745918365+00:00,10,2,38,A,B,1,233.68,200,130,166819,12754733,AAPL,0,200,-30.074227863711645
2024-10-21 12:19:45.800477942+00:00,2024-10-21 12:19:45.800477942+00:00,10,2,38,C,B,1,233.68,200,130,166181,12754741,AAPL,0,-200,-57.36558867368446
2024-10-21 12:19:45.800491117+00:00,2024-10-21 12:19:45.800491117+00:00,10,2,38,A,B,0,233.72,200,130,166591,12754742,AAPL,200,1400,41.40359308766599
2024-10-21 12:19:57.871002706+00:00,2024-10-21 12:19:57.871002706+00:00,10,2,38,A,B,0,233.73,200,130,168231,12763861,AAPL,200,200,-40.470489342252456
2024-10-21 12:20:02.012790106+00:00,2024-10-21 12:20:02.012790106+00:00,10,2,38,C,B,0,233.73,200,130,165998,12769134,AAPL,-200,-2181,-225.52487390680682
2024-10-21 12:20:02.012801350+00:00,2024-10-21 12:20:02.012801350+00:00,10,2,38,A,B,0,233.71,200,130,165921,12769136,AAPL,200,2181,138.0850573694107
2024-10-21 12:20:02.012823085+00:00,2024-10-21 12:20:02.012823085+00:00,10,2,38,A,A,1,234.02,200,130,166207,12769137,AAPL,0,200,-30.074227863711645
2024-10-21 12:20:02.068202840+00:00,2024-10-21 12:20:02.068202840+00:00,10,2,38,A,B,0,233.72,200,130,166404,12769355,AAPL,200,200,-40.470489342252456
2024-10-21 12:20:02.174072577+00:00,2024-10-21 12:20:02.174072577+00:00,10,2,38,C,A,1,234.02,200,130,166142,12769566,AAPL,0,-200,-57.36558867368446
2024-10-21 12:20:02.174084216+00:00,2024-10-21 12:20:02.174084216+00:00,10,2,38,A,A,1,234.01,200,130,166521,12769567,AAPL,0,200,-30.074227863711645
2024-10-21 12:20:02.195761354+00:00,2024-10-21 12:20:02.195761354+00:00,10,2,38,A,A,2,234.08,27,130,166305,12769699,AAPL,0,1263,94.54654351617818
2024-10-21 12:20:02.197099790+00:00,2024-10-21 12:20:02.197099790+00:00,10,2,38,C,A,3,234.09,30,130,166103,12769703,AAPL,0,1236,91.65258434428527
2024-10-21 12:20:17.529659579+00:00,2024-10-21 12:20:17.529659579+00:00,10,2,38,C,A,1,234.01,200,130,166302,12783626,AAPL,0,1496,109.06377935522082
2024-10-21 12:20:17.529671598+00:00,2024-10-21 12:20:17.529671598+00:00,10,2,38,A,A,1,234.02,200,130,166490,12783627,AAPL,0,1496,109.06377935522082
2024-10-21 12:20:18.175151492+00:00,2024-10-21 12:20:18.175151492+00:00,10,2,38,A,B,0,233.73,200,130,166582,12784239,AAPL,200,200,-40.470489342252456
2024-10-21 12:20:26.003671349+00:00,2024-10-21 12:20:26.003671349+00:00,10,2,38,C,B,0,233.73,200,130,165953,12790391,AAPL,-200,-2181,-225.52487390680682
2024-10-21 12:20:26.003684074+00:00,2024-10-21 12:20:26.003684074+00:00,10,2,38,A,B,1,233.69,200,130,166145,12790392,AAPL,0,981,66.60723641803305
2024-10-21 12:20:29.005849003+00:00,2024-10-21 12:20:29.005849003+00:00,10,2,38,A,B,1,233.69,200,130,166287,12792364,AAPL,0,200,-30.074227863711645
2024-10-21 12:20:29.035461864+00:00,2024-10-21 12:20:29.035461864+00:00,10,2,38,A,B,0,233.8,5,130,166614,12792376,AAPL,5,2376,176.80264987896615
2024-10-21 12:20:32.533970326+00:00,2024-10-21 12:20:32.533970326+00:00,10,2,38,C,A,2,234.08,27,130,166182,12795434,AAPL,0,1296,95.4180989502344
2024-10-21 12:20:32.534015766+00:00,2024-10-21 12:20:32.534015766+00:00,10,2,38,A,A,2,234.04,27,130,167097,12795435,AAPL,0,1296,95.4180989502344
2024-10-21 12:20:32.588585911+00:00,2024-10-21 12:20:32.588585911+00:00,10,2,38,A,A,0,233.99,200,130,166822,12795466,AAPL,200,250,-37.05906924100586
2024-10-21 12:20:32.846313500+00:00,2024-10-21 12:20:32.846313500+00:00,10,2,38,C,A,0,233.99,200,130,165952,12795731,AAPL,200,1546,102.07893797792657
2024-10-21 12:20:32.846324686+00:00,2024-10-21 12:20:32.846324686+00:00,10,2,38,A,A,1,234.03,400,130,166212,12795732,AAPL,0,1696,122.70945976020718
2024-10-21 12:20:32.900943370+00:00,2024-10-21 12:20:32.900943370+00:00,10,2,38,A,A,0,233.98,200,130,166266,12795787,AAPL,200,250,-37.05906924100586
2024-10-21 12:20:33.387796787+00:00,2024-10-21 12:20:33.387796787+00:00,10,2,38,A,A,0,233.97,200,130,166568,12796589,AAPL,200,200,-40.470489342252456
2024-10-21 12:20:34.158518772+00:00,2024-10-21 12:20:34.158518772+00:00,10,2,38,A,A,0,233.97,200,130,166445,12797101,AAPL,200,200,-40.470489342252456
2024-10-21 12:20:53.732903004+00:00,2024-10-21 12:20:53.732903004+00:00,10,2,38,A,B,0,233.86,750,130,166718,12809362,AAPL,750,3016,243.654353716308
2024-10-21 12:20:54.066325257+00:00,2024-10-21 12:20:54.066325257+00:00,10,2,38,C,A,0,233.97,200,130,166048,12809626,AAPL,-200,-200,-46.96932719514365
2024-10-21 12:20:54.066539893+00:00,2024-10-21 12:20:54.066539893+00:00,10,2,38,C,A,0,233.97,200,130,166450,12809627,AAPL,200,1546,102.07893797792657
2024-10-21 12:20:54.087884313+00:00,2024-10-21 12:20:54.087884313+00:00,10,2,38,A,A,0,233.97,200,130,166393,12809662,AAPL,200,1546,102.07893797792657
2024-10-21 12:20:54.138010479+00:00,2024-10-21 12:20:54.138010479+00:00,10,2,38,C,A,0,233.97,200,130,165986,12809687,AAPL,200,1546,102.07893797792657
2024-10-21 12:20:54.138024196+00:00,2024-10-21 12:20:54.138024196+00:00,10,2,38,A,A,1,234.03,200,130,166291,12809688,AAPL,0,1496,109.06377935522082
2024-10-21 12:20:54.138635039+00:00,2024-10-21 12:20:54.138635039+00:00,10,2,38,C,A,2,234.04,27,130,165978,12809691,AAPL,0,1296,95.4180989502344
2024-10-21 12:20:54.138679423+00:00,2024-10-21 12:20:54.138679423+00:00,10,2,38,A,A,2,234.1,29,130,166426,12809692,AAPL,0,29,-40.61158175073902
2024-10-21 12:20:54.140701289+00:00,2024-10-21 12:20:54.140701289+00:00,10,2,38,A,A,1,234.03,200,130,166196,12809693,AAPL,0,200,-30.074227863711645
2024-10-21 12:20:54.259923109+00:00,2024-10-21 12:20:54.259923109+00:00,10,2,38,C,A,1,234.03,200,130,166131,12809712,AAPL,0,-200,-57.36558867368446
2024-10-21 12:20:54.259936081+00:00,2024-10-21 12:20:54.259936081+00:00,10,2,38,A,A,0,233.97,400,130,166448,12809713,AAPL,400,450,-33.809650314560265
2024-10-21 12:20:54.367974373+00:00,2024-10-21 12:20:54.367974373+00:00,10,2,38,C,B,3,233.69,200,130,166206,12809780,AAPL,0,-200,-85.25377083746139
2024-10-21 12:20:54.367988079+00:00,2024-10-21 12:20:54.367988079+00:00,10,2,38,A,B,2,233.71,200,130,166333,12809781,AAPL,0,1400,226.92000175049597
2024-10-21 12:20:54.646524020+00:00,2024-10-21 12:20:54.646524020+00:00,10,2,38,A,B,2,233.71,200,130,166553,12810164,AAPL,0,200,-22.28317366208405
2024-10-21 12:20:54.647311583+00:00,2024-10-21 12:20:54.647311583+00:00,10,2,38,C,B,4,233.67,30,130,166300,12810165,AAPL,0,-661,-106.87957449219778
2024-10-21 12:20:54.647352236+00:00,2024-10-21 12:20:54.647352236+00:00,10,2,38,A,B,2,233.73,26,130,166453,12810166,AAPL,0,2257,269.6854421608563
2024-10-21 12:20:54.647382777+00:00,2024-10-21 12:20:54.647382777+00:00,10,2,38,C,A,2,234.1,29,130,165932,12810167,AAPL,0,-29,-46.828234786657084
2024-10-21 12:20:54.647423336+00:00,2024-10-21 12:20:54.647423336+00:00,10,2,38,A,A,2,234.04,27,130,166133,12810168,AAPL,0,1296,95.4180989502344
2024-10-21 12:20:54.647922749+00:00,2024-10-21 12:20:54.647922749+00:00,10,2,38,C,A,0,233.97,200,130,166254,12810170,AAPL,-200,-200,-46.96932719514365
2024-10-21 12:20:54.648117162+00:00,2024-10-21 12:20:54.648117162+00:00,10,2,38,C,A,0,233.97,200,130,166030,12810171,AAPL,200,1546,102.07893797792657
2024-10-21 12:20:54.648128723+00:00,2024-10-21 12:20:54.648128723+00:00,10,2,38,A,A,1,234.03,400,130,166329,12810172,AAPL,0,1696,122.70945976020718
2024-10-21 12:20:54.648446832+00:00,2024-10-21 12:20:54.648446832+00:00,10,2,38,C,A,2,234.04,27,130,165715,12810176,AAPL,0,1296,95.4180989502344
2024-10-21 12:20:54.697200659+00:00,2024-10-21 12:20:54.697200659+00:00,10,2,38,C,B,3,233.71,200,130,166150,12810217,AAPL,0,-200,-85.25377083746139
2024-10-21 12:20:54.697212843+00:00,2024-10-21 12:20:54.697212843+00:00,10,2,38,A,B,2,233.77,200,130,167144,12810218,AAPL,0,226,-16.883771528144813
2024-10-21 12:20:54.708231641+00:00,2024-10-21 12:20:54.708231641+00:00,10,2,38,A,A,0,233.99,200,130,166310,12810231,AAPL,200,250,-37.05906924100586
2024-10-21 12:20:56.393593183+00:00,2024-10-21 12:20:56.393593183+00:00,10,2,38,A,A,2,234.05,30,130,166097,12811166,AAPL,0,1299,95.7396499693336
2024-10-21 12:20:56.654348888+00:00,2024-10-21 12:20:56.654348888+00:00,10,2,38,C,A,0,233.99,200,130,165985,12811490,AAPL,200,1549,102.40048899702578
2024-10-21 12:20:56.654361253+00:00,2024-10-21 12:20:56.654361253+00:00,10,2,38,A,A,1,234.03,400,130,166444,12811491,AAPL,0,1699,123.03101077930643
2024-10-21 12:20:56.655676466+00:00,2024-10-21 12:20:56.655676466+00:00,10,2,38,C,A,2,234.05,30,130,165852,12811493,AAPL,0,1299,95.7396499693336
2024-10-21 12:21:00.388313049+00:00,2024-10-21 12:21:00.388313049+00:00,10,2,38,A,A,2,234.1,26,130,166216,12815663,AAPL,0,26,-40.93313276983823
2024-10-21 12:21:01.707857424+00:00,2024-10-21 12:21:01.707857424+00:00,10,2,38,A,A,0,234.0,200,130,166473,12817432,AAPL,200,1896,159.2935448405597
2024-10-21 12:21:01.856825426+00:00,2024-10-21 12:21:01.856825426+00:00,10,2,38,C,A,0,234.0,200,130,166281,12817610,AAPL,-200,-200,-46.96932719514365
2024-10-21 12:21:01.856837629+00:00,2024-10-21 12:21:01.856837629+00:00,10,2,38,A,A,1,234.03,400,130,166133,12817611,AAPL,0,1696,156.04412591411412
2024-10-21 12:21:06.853945458+00:00,2024-10-21 12:21:06.853945458+00:00,10,2,38,C,B,2,233.77,200,128,168898,12822045,AAPL,0,-2057,-298.10689480241916
2024-10-21 12:21:06.917506080+00:00,2024-10-21 12:21:06.917506080+00:00,10,2,38,C,A,2,234.1,26,130,166116,12822954,AAPL,0,-26,-46.506683767557874
2024-10-21 12:21:06.917557816+00:00,2024-10-21 12:21:06.917557816+00:00,10,2,38,A,A,2,234.04,29,130,166134,12822956,AAPL,0,1298,95.63246629630054
2024-10-21 12:21:06.921270364+00:00,2024-10-21 12:21:06.921270364+00:00,10,2,38,C,A,2,234.04,29,130,165958,12822971,AAPL,0,1298,95.63246629630054
2024-10-21 12:21:06.921738635+00:00,2024-10-21 12:21:06.921738635+00:00,10,2,38,A,B,4,233.67,30,130,168525,12822978,AAPL,0,661,19.439757954801667
2024-10-21 12:21:06.921761416+00:00,2024-10-21 12:21:06.921761416+00:00,10,2,38,C,B,2,233.73,26,130,166092,12822980,AAPL,0,-1887,-358.8695254036377
2024-10-21 12:21:06.954173708+00:00,2024-10-21 12:21:06.954173708+00:00,10,2,38,A,B,2,233.72,200,130,166208,12823107,AAPL,0,2061,290.0796679739957
2024-10-21 12:21:07.982705400+00:00,2024-10-21 12:21:07.982705400+00:00,10,2,38,A,B,4,233.68,29,130,166546,12824965,AAPL,0,675,8.61360512710047
2024-10-21 12:21:07.982732401+00:00,2024-10-21 12:21:07.982732401+00:00,10,2,38,C,B,5,233.67,30,130,166044,12824966,AAPL,0,-646,-91.97876839653043
2024-10-21 12:21:08.049468728+00:00,2024-10-21 12:21:08.049468728+00:00,10,2,38,A,B,2,233.73,200,130,166452,12825229,AAPL,0,200,-22.28317366208405
2024-10-21 12:21:08.155736487+00:00,2024-10-21 12:21:08.155736487+00:00,10,2,38,A,B,2,233.73,200,130,166519,12825740,AAPL,0,200,-22.28317366208405
2024-10-21 12:21:08.156275244+00:00,2024-10-21 12:21:08.156275244+00:00,10,2,38,A,B,0,233.86,100,130,166758,12825741,AAPL,100,100,-42.095198805475256
2024-10-21 12:21:08.214593412+00:00,2024-10-21 12:21:08.214593412+00:00,10,2,38,C,B,2,233.73,200,130,165822,12825863,AAPL,0,-200,-65.15664287531204
2024-10-21 12:21:08.214604801+00:00,2024-10-21 12:21:08.214604801+00:00,10,2,38,A,B,2,233.76,400,130,166193,12825864,AAPL,0,400,-0.84643905547005
2024-10-21 12:21:09.374232780+00:00,2024-10-21 12:21:09.374232780+00:00,10,2,38,A,A,2,234.06,26,130,166497,12827250,AAPL,0,1295,95.31091527720133
2024-10-21 12:21:13.168540873+00:00,2024-10-21 12:21:13.168540873+00:00,10,2,38,C,B,0,233.86,100,130,165990,12830353,AAPL,-100,-100,-45.34461773192085
2024-10-21 12:21:16.960024614+00:00,2024-10-21 12:21:16.960024614+00:00,10,2,38,C,B,2,233.76,400,130,165937,12834954,AAPL,0,-2260,-398.81571383290355
2024-10-21 12:21:16.960037598+00:00,2024-10-21 12:21:16.960037598+00:00,10,2,38,A,B,2,233.73,200,130,166360,12834955,AAPL,0,2060,289.9391626888934
2024-10-21 12:21:17.837910042+00:00,2024-10-21 12:21:17.837910042+00:00,10,2,38,C,A,1,234.03,400,130,166198,12836232,AAPL,0,1695,122.60227608717412
2024-10-21 12:21:17.837922361+00:00,2024-10-21 12:21:17.837922361+00:00,10,2,38,A,A,1,234.05,400,130,166312,12836233,AAPL,0,1695,122.60227608717412
2024-10-21 12:21:17.892771425+00:00,2024-10-21 12:21:17.892771425+00:00,10,2,38,A,B,2,233.74,200,130,166505,12836353,AAPL,0,200,-22.28317366208405
2024-10-21 12:21:18.021293469+00:00,2024-10-21 12:21:18.021293469+00:00,10,2,38,C,B,4,233.68,29,130,166179,12836833,AAPL,0,-660,-106.7390692070955
2024-10-21 12:21:18.047828600+00:00,2024-10-21 12:21:18.047828600+00:00,10,2,38,A,B,2,233.74,200,130,166453,12836959,AAPL,0,200,-22.28317366208405
2024-10-21 12:21:18.102401275+00:00,2024-10-21 12:21:18.102401275+00:00,10,2,38,C,B,2,233.74,200,130,165985,12837042,AAPL,0,-200,-65.15664287531204
2024-10-21 12:21:18.102413183+00:00,2024-10-21 12:21:18.102413183+00:00,10,2,38,A,B,2,233.77,400,130,166430,12837043,AAPL,0,400,-0.84643905547005
2024-10-21 12:21:18.739881846+00:00,2024-10-21 12:21:18.739881846+00:00,10,2,38,C,A,1,234.05,200,130,166053,12837434,AAPL,0,-200,-57.36558867368446
2024-10-21 12:21:21.742772097+00:00,2024-10-21 12:21:21.742772097+00:00,10,2,38,A,A,1,234.05,200,130,166383,12841885,AAPL,0,200,-30.074227863711645
2024-10-21 12:21:26.102195386+00:00,2024-10-21 12:21:26.102195386+00:00,10,2,38,A,B,2,233.78,400,130,166443,12846472,AAPL,0,400,-0.84643905547005
2024-10-21 12:21:26.482363138+00:00,2024-10-21 12:21:26.482363138+00:00,10,2,38,C,B,2,233.78,200,130,166065,12846917,AAPL,0,-200,-65.15664287531204
2024-10-21 12:21:26.509547941+00:00,2024-10-21 12:21:26.509547941+00:00,10,2,38,A,B,2,233.78,200,130,166535,12846932,AAPL,0,200,-22.28317366208405
2024-10-21 12:21:26.750764565+00:00,2024-10-21 12:21:26.750764565+00:00,10,2,38,C,B,2,233.78,200,130,165863,12847141,AAPL,0,-200,-65.15664287531204
2024-10-21 12:21:26.750773173+00:00,2024-10-21 12:21:26.750773173+00:00,10,2,38,C,B,2,233.78,200,130,165745,12847142,AAPL,0,-2141,-403.8235099339342
2024-10-21 12:21:26.750785721+00:00,2024-10-21 12:21:26.750785721+00:00,10,2,38,A,B,2,233.75,400,130,166239,12847143,AAPL,0,2341,337.82042800315213
2024-10-21 12:21:26.804818995+00:00,2024-10-21 12:21:26.804818995+00:00,10,2,38,C,A,1,234.05,200,130,166167,12847412,AAPL,0,-200,-57.36558867368446
2024-10-21 12:21:26.804831024+00:00,2024-10-21 12:21:26.804831024+00:00,10,2,38,A,A,1,234.04,400,130,166366,12847413,AAPL,0,400,-16.428547458725237
2024-10-21 12:21:26.876199312+00:00,2024-10-21 12:21:26.876199312+00:00,10,2,38,A,B,2,233.76,400,130,166669,12847641,AAPL,0,400,-0.84643905547005
2024-10-21 12:21:28.271344736+00:00,2024-10-21 12:21:28.271344736+00:00,10,2,38,A,B,2,233.77,400,130,166454,12849143,AAPL,0,400,-0.84643905547005
2024-10-21 12:21:29.830172186+00:00,2024-10-21 12:21:29.830172186+00:00,10,2,38,A,B,4,233.69,29,130,166525,12850583,AAPL,0,660,19.299252669699385
2024-10-21 12:21:43.255561253+00:00,2024-10-21 12:21:43.255561253+00:00,10,2,38,C,A,1,234.04,400,130,165799,12858522,AAPL,0,1695,122.60227608717412
2024-10-21 12:21:43.255575289+00:00,2024-10-21 12:21:43.255575289+00:00,10,2,38,A,A,1,234.06,400,130,166405,12858523,AAPL,0,400,-16.428547458725237
2024-10-21 12:21:43.310928524+00:00,2024-10-21 12:21:43.310928524+00:00,10,2,38,A,A,1,234.05,200,130,166288,12858622,AAPL,0,1495,108.95659568218774
2024-10-21 12:21:45.092124924+00:00,2024-10-21 12:21:45.092124924+00:00,10,2,38,A,B,2,233.78,400,130,166313,12859898,AAPL,0,400,-0.84643905547005
2024-10-21 12:21:45.108232814+00:00,2024-10-21 12:21:45.108232814+00:00,10,2,38,C,B,4,233.69,29,130,166235,12859978,AAPL,0,-660,-106.7390692070955
2024-10-21 12:21:45.108296167+00:00,2024-10-21 12:21:45.108296167+00:00,10,2,38,A,B,3,233.7,29,130,166327,12859979,AAPL,0,29,-37.69749819622737
2024-10-21 12:21:48.360630060+00:00,2024-10-21 12:21:48.360630060+00:00,10,2,38,C,A,1,234.05,200,130,166098,12862379,AAPL,0,1495,108.95659568218774
2024-10-21 12:21:48.360641832+00:00,2024-10-21 12:21:48.360641832+00:00,10,2,38,A,A,2,234.07,200,130,166253,12862380,AAPL,0,1469,113.9608743849555
2024-10-21 12:21:48.415524174+00:00,2024-10-21 12:21:48.415524174+00:00,10,2,38,A,B,2,233.79,400,130,166503,12862494,AAPL,0,400,-0.84643905547005
2024-10-21 12:21:48.426249325+00:00,2024-10-21 12:21:48.426249325+00:00,10,2,38,C,B,3,233.7,29,130,166101,12862632,AAPL,0,-29,-49.74231834116874
2024-10-21 12:21:48.426358775+00:00,2024-10-21 12:21:48.426358775+00:00,10,2,38,A,B,3,233.71,26,130,166140,12862634,AAPL,0,1857,189.23034365840905
2024-10-21 12:21:48.440341021+00:00,2024-10-21 12:21:48.440341021+00:00,10,2,38,C,A,1,234.06,26,130,166048,12862704,AAPL,0,1495,115.73481283760371
2024-10-21 12:21:48.582445356+00:00,2024-10-21 12:21:48.582445356+00:00,10,2,38,C,B,2,233.79,400,130,166010,12862943,AAPL,0,-2257,-319.5436294090332
2024-10-21 12:21:48.582457462+00:00,2024-10-21 12:21:48.582457462+00:00,10,2,38,A,B,2,233.76,200,130,166182,12862944,AAPL,0,2057,210.66707826502306
2024-10-21 12:21:48.968862759+00:00,2024-10-21 12:21:48.968862759+00:00,10,2,38,A,A,1,234.07,200,130,166277,12863250,AAPL,0,200,-30.074227863711645
2024-10-21 12:21:49.023156980+00:00,2024-10-21 12:21:49.023156980+00:00,10,2,38,C,A,1,234.07,200,130,165936,12863318,AAPL,0,-200,-57.36558867368446
2024-10-21 12:21:49.023170310+00:00,2024-10-21 12:21:49.023170310+00:00,10,2,38,A,A,1,234.03,200,130,166557,12863319,AAPL,0,200,-30.074227863711645
2024-10-21 12:21:53.593348279+00:00,2024-10-21 12:21:53.593348279+00:00,10,2,38,A,B,2,233.76,200,130,166554,12866345,AAPL,0,200,-22.28317366208405
2024-10-21 12:21:53.647894830+00:00,2024-10-21 12:21:53.647894830+00:00,10,2,38,C,B,2,233.76,200,130,167029,12866372,AAPL,0,-200,-65.15664287531204
2024-10-21 12:21:53.647907823+00:00,2024-10-21 12:21:53.647907823+00:00,10,2,38,A,B,2,233.79,400,130,166519,12866373,AAPL,0,400,-0.84643905547005
2024-10-21 12:21:55.660629861+00:00,2024-10-21 12:21:55.660629861+00:00,10,2,38,T,N,0,233.92,46,130,167203,12867692,AAPL,0,0,-43.71990826869805
2024-10-21 12:22:01.337904135+00:00,2024-10-21 12:22:01.337904135+00:00,10,2,38,A,A,1,234.02,200,130,166264,12872899,AAPL,0,200,-30.074227863711645
2024-10-21 12:22:03.706361217+00:00,2024-10-21 12:22:03.706361217+00:00,10,2,38,C,B,0,233.86,750,130,166172,12876552,AAPL,-750,-3012,-332.0700923933288
2024-10-21 12:22:03.777516702+00:00,2024-10-21 12:22:03.777516702+00:00,10,2,38,C,B,1,233.79,400,130,166417,12876583,AAPL,0,-2367,-412.4649116361529
2024-10-21 12:22:03.777529729+00:00,2024-10-21 12:22:03.777529729+00:00,10,2,38,A,B,1,233.72,200,130,166524,12876584,AAPL,0,2167,311.37941469377034
2024-10-21 12:22:03.781981187+00:00,2024-10-21 12:22:03.781981187+00:00,10,2,38,A,A,1,234.02,200,130,166163,12876586,AAPL,0,200,-30.074227863711645
2024-10-21 12:22:09.127308929+00:00,2024-10-21 12:22:09.127308929+00:00,10,2,38,A,A,2,234.08,28,130,166301,12879884,AAPL,0,1297,95.52528262326747
2024-10-21 12:22:16.157355560+00:00,2024-10-21 12:22:16.157355560+00:00,10,2,38,C,B,2,233.71,26,130,165792,12885019,AAPL,0,-1967,-385.1735508261801
2024-10-21 12:22:16.158383793+00:00,2024-10-21 12:22:16.158383793+00:00,10,2,38,A,B,1,233.72,28,130,166318,12885021,AAPL,0,28,-41.809513011999954
2024-10-21 12:22:20.068422134+00:00,2024-10-21 12:22:20.068422134+00:00,10,2,38,A,B,1,233.73,200,130,166354,12888188,AAPL,0,2169,311.5937820398365
2024-10-21 12:22:20.078770275+00:00,2024-10-21 12:22:20.078770275+00:00,10,2,38,A,B,1,233.73,29,130,166351,12888325,AAPL,0,29,-41.741284609975025
2024-10-21 12:22:20.078850920+00:00,2024-10-21 12:22:20.078850920+00:00,10,2,38,C,B,2,233.72,28,130,166236,12888328,AAPL,0,-1969,-385.3879181722462
2024-10-21 12:22:20.140239259+00:00,2024-10-21 12:22:20.140239259+00:00,10,2,38,C,A,2,234.08,28,130,166074,12888403,AAPL,0,1297,95.52528262326747
2024-10-21 12:22:20.140291372+00:00,2024-10-21 12:22:20.140291372+00:00,10,2,38,A,A,2,234.04,30,130,166177,12888404,AAPL,0,1299,95.7396499693336
2024-10-21 12:22:20.142525001+00:00,2024-10-21 12:22:20.142525001+00:00,10,2,38,C,A,1,234.02,200,130,166050,12888407,AAPL,0,-200,-57.36558867368446
2024-10-21 12:22:20.142535602+00:00,2024-10-21 12:22:20.142535602+00:00,10,2,38,C,A,1,234.02,200,130,165965,12888408,AAPL,0,1499,109.38533037432002
2024-10-21 12:22:20.142546696+00:00,2024-10-21 12:22:20.142546696+00:00,10,2,38,A,A,1,234.03,200,130,166088,12888409,AAPL,0,1499,109.38533037432002
2024-10-21 12:22:20.146234448+00:00,2024-10-21 12:22:20.146234448+00:00,10,2,38,C,A,2,234.04,30,130,166010,12888412,AAPL,0,1299,95.7396499693336
2024-10-21 12:22:20.260745295+00:00,2024-10-21 12:22:20.260745295+00:00,10,2,38,A,A,1,234.02,200,130,166905,12888534,AAPL,0,200,-30.074227863711645
2024-10-21 12:22:20.322223273+00:00,2024-10-21 12:22:20.322223273+00:00,10,2,38,A,A,1,234.02,200,130,166671,12888684,AAPL,0,200,-30.074227863711645
2024-10-21 12:22:21.536007375+00:00,2024-10-21 12:22:21.536007375+00:00,10,2,38,A,A,2,234.04,26,130,166391,12890037,AAPL,0,1295,95.31091527720133
2024-10-21 12:22:21.539297131+00:00,2024-10-21 12:22:21.539297131+00:00,10,2,38,C,A,2,234.04,26,130,166243,12890041,AAPL,0,1295,95.31091527720133
2024-10-21 12:22:21.583281944+00:00,2024-10-21 12:22:21.583281944+00:00,10,2,38,A,B,1,233.74,200,130,166477,12890469,AAPL,0,2170,311.70096571286956
2024-10-21 12:22:22.095263170+00:00,2024-10-21 12:22:22.095263170+00:00,10,2,38,A,A,2,234.09,27,130,166739,12891303,AAPL,0,1296,95.4180989502344
2024-10-21 12:22:22.945397458+00:00,2024-10-21 12:22:22.945397458+00:00,10,2,38,C,A,1,234.02,200,130,166352,12893143,AAPL,0,-200,-57.36558867368446
2024-10-21 12:22:22.945406901+00:00,2024-10-21 12:22:22.945406901+00:00,10,2,38,C,A,1,234.02,200,130,165806,12893145,AAPL,0,1496,109.06377935522082
2024-10-21 12:22:22.945697032+00:00,2024-10-21 12:22:22.945697032+00:00,10,2,38,A,A,1,234.03,200,130,165911,12893175,AAPL,0,1496,109.06377935522082
2024-10-21 12:22:22.986296201+00:00,2024-10-21 12:22:22.986296201+00:00,10,2,38,A,A,1,234.03,200,130,166372,12894197,AAPL,0,200,-30.074227863711645
2024-10-21 12:22:23.024563308+00:00,2024-10-21 12:22:23.024563308+00:00,10,2,38,C,A,1,234.03,200,128,167081,12894812,AAPL,0,-200,-57.36558867368446
2024-10-21 12:22:23.028903196+00:00,2024-10-21 12:22:23.028903196+00:00,10,2,38,C,A,1,234.03,200,130,165899,12894909,AAPL,0,1496,109.06377935522082
2024-10-21 12:22:23.028915916+00:00,2024-10-21 12:22:23.028915916+00:00,10,2,38,A,A,1,234.08,200,130,166466,12894910,AAPL,0,1496,109.06377935522082
2024-10-21 12:22:23.079803882+00:00,2024-10-21 12:22:23.079803882+00:00,10,2,38,A,B,0,233.88,3,130,166186,12895304,AAPL,3,2068,211.67996949757585
2024-10-21 12:22:23.079851405+00:00,2024-10-21 12:22:23.079851405+00:00,10,2,38,T,N,0,233.92,17,130,167453,12895307,AAPL,0,0,-43.71990826869805
2024-10-21 12:22:23.079869699+00:00,2024-10-21 12:22:23.079869699+00:00,10,2,38,T,N,0,233.98,13,0,173889,12895310,AAPL,0,0,-43.71990826869805
2024-10-21 12:22:23.079869699+00:00,2024-10-21 12:22:23.079869699+00:00,10,2,38,T,N,0,233.98,21,0,173889,12895311,AAPL,0,0,-43.71990826869805
2024-10-21 12:22:23.079869699+00:00,2024-10-21 12:22:23.079869699+00:00,10,2,38,T,N,0,233.98,18,0,173889,12895312,AAPL,0,0,-43.71990826869805
2024-10-21 12:22:23.079869699+00:00,2024-10-21 12:22:23.079869699+00:00,10,2,38,T,B,0,234.0,48,128,173889,12895313,AAPL,0,0,-43.71990826869805
2024-10-21 12:22:23.079869699+00:00,2024-10-21 12:22:23.079869699+00:00,10,2,38,C,A,0,234.0,48,128,173889,12895313,AAPL,-48,-48,-44.499768811044994
2024-10-21 12:22:23.079955251+00:00,2024-10-21 12:22:23.079955251+00:00,10,2,38,C,A,1,234.08,200,130,165795,12895319,AAPL,0,1496,109.06377935522082
2024-10-21 12:22:23.083910618+00:00,2024-10-21 12:22:23.083910618+00:00,10,2,38,C,B,0,233.88,3,130,166095,12895336,AAPL,-3,-2068,-299.119786034972
2024-10-21 12:22:23.088151194+00:00,2024-10-21 12:22:23.088151194+00:00,10,2,38,A,B,0,233.91,100,128,168451,12895372,AAPL,100,2165,213.25593767690197
2024-10-21 12:22:23.116151189+00:00,2024-10-21 12:22:23.116151189+00:00,10,2,38,A,A,1,234.08,200,130,166355,12895511,AAPL,0,1496,109.06377935522082
2024-10-21 12:22:23.241854315+00:00,2024-10-21 12:22:23.241854315+00:00,10,2,38,A,A,1,234.07,200,130,167003,12895969,AAPL,0,200,-30.074227863711645
2024-10-21 12:22:26.043027067+00:00,2024-10-21 12:22:26.043027067+00:00,10,2,38,A,A,1,234.07,200,130,166511,12901196,AAPL,0,200,-30.074227863711645
2024-10-21 12:22:26.221438925+00:00,2024-10-21 12:22:26.221438925+00:00,10,2,38,A,B,2,233.78,200,130,166467,12901441,AAPL,0,200,-22.28317366208405
2024-10-21 12:22:29.394160247+00:00,2024-10-21 12:22:29.394160247+00:00,10,2,38,A,B,2,233.79,200,130,166237,12905660,AAPL,0,200,-22.28317366208405
2024-10-21 12:22:36.707463498+00:00,2024-10-21 12:22:36.707463498+00:00,10,2,38,C,A,2,234.09,27,130,165907,12912830,AAPL,0,1296,95.4180989502344
2024-10-21 12:22:36.707506060+00:00,2024-10-21 12:22:36.707506060+00:00,10,2,38,A,A,2,234.08,26,130,166398,12912831,AAPL,0,1295,95.31091527720133
2024-10-21 12:22:40.428425309+00:00,2024-10-21 12:22:40.428425309+00:00,10,2,38,T,N,0,233.92,100,0,168319,12916971,AAPL,0,0,-43.71990826869805
2024-10-21 12:22:40.428425309+00:00,2024-10-21 12:22:40.428425309+00:00,10,2,38,T,N,0,233.92,40,130,168319,12916972,AAPL,0,0,-43.71990826869805
2024-10-21 12:23:09.008613373+00:00,2024-10-21 12:23:09.008613373+00:00,10,2,38,A,B,0,233.93,4,130,166496,12947436,AAPL,4,2154,227.29216274063552
2024-10-21 12:23:09.008621599+00:00,2024-10-21 12:23:09.008621599+00:00,10,2,38,A,B,1,233.92,100,130,166363,12947438,AAPL,0,2150,166.95275215293546
2024-10-21 12:23:09.008973422+00:00,2024-10-21 12:23:09.008973422+00:00,10,2,38,C,B,1,233.92,100,130,165857,12947440,AAPL,0,-2150,-254.3925686903316
2024-10-21 12:23:09.009065871+00:00,2024-10-21 12:23:09.009065871+00:00,10,2,38,A,B,0,233.95,723,130,166234,12947441,AAPL,723,2777,172.14947497764283
2024-10-21 12:23:09.047049975+00:00,2024-10-21 12:23:09.047049975+00:00,10,2,38,C,B,1,233.93,4,130,165847,12947464,AAPL,0,-2054,-247.84264209593812
2024-10-21 12:23:09.047528450+00:00,2024-10-21 12:23:09.047528450+00:00,10,2,38,C,B,1,233.91,100,130,166150,12947466,AAPL,0,-2150,-314.6669908995027
2024-10-21 12:23:09.079779485+00:00,2024-10-21 12:23:09.079779485+00:00,10,2,38,C,A,1,234.07,200,130,166273,12947479,AAPL,0,-200,-57.36558867368446
2024-10-21 12:23:09.081699019+00:00,2024-10-21 12:23:09.081699019+00:00,10,2,38,A,B,2,233.79,200,130,166007,12947480,AAPL,0,200,-22.28317366208405
2024-10-21 12:23:09.087775155+00:00,2024-10-21 12:23:09.087775155+00:00,10,2,38,C,B,2,233.79,200,130,166251,12947484,AAPL,0,-200,-65.15664287531204
2024-10-21 12:23:09.087785825+00:00,2024-10-21 12:23:09.087785825+00:00,10,2,38,C,B,2,233.79,200,130,165746,12947485,AAPL,0,-2060,-298.7299027409506
2024-10-21 12:23:09.087797026+00:00,2024-10-21 12:23:09.087797026+00:00,10,2,38,A,B,2,233.78,200,130,166218,12947486,AAPL,0,2060,211.2900862035545
2024-10-21 12:23:09.133329159+00:00,2024-10-21 12:23:09.133329159+00:00,10,2,38,A,B,2,233.79,200,130,166591,12947507,AAPL,0,200,-22.28317366208405
2024-10-21 12:23:09.155634175+00:00,2024-10-21 12:23:09.155634175+00:00,10,2,38,C,B,3,233.73,29,130,167154,12947520,AAPL,0,-1860,-277.2931681343366
2024-10-21 12:23:09.155732424+00:00,2024-10-21 12:23:09.155732424+00:00,10,2,38,A,B,3,233.77,26,130,166485,12947521,AAPL,0,1857,189.23034365840905
2024-10-21 12:23:09.242822823+00:00,2024-10-21 12:23:09.242822823+00:00,10,2,38,C,A,2,234.08,26,130,166106,12947586,AAPL,0,1295,95.31091527720133
2024-10-21 12:23:09.242876186+00:00,2024-10-21 12:23:09.242876186+00:00,10,2,38,A,A,4,234.14,29,130,166337,12947587,AAPL,0,798,19.629747721013757
2024-10-21 12:23:09.312635376+00:00,2024-10-21 12:23:09.312635376+00:00,10,2,38,A,B,1,233.81,200,130,166622,12947706,AAPL,0,205,-29.538309498546294
2024-10-21 12:23:09.319468618+00:00,2024-10-21 12:23:09.319468618+00:00,10,2,38,A,A,1,234.07,200,130,166008,12947710,AAPL,0,200,-30.074227863711645
2024-10-21 12:23:09.729465211+00:00,2024-10-21 12:23:09.729465211+00:00,10,2,38,C,A,1,234.07,200,130,166071,12947991,AAPL,0,-200,-57.36558867368446
2024-10-21 12:23:09.784075201+00:00,2024-10-21 12:23:09.784075201+00:00,10,2,38,A,B,1,233.82,200,130,166374,12948038,AAPL,0,200,-30.074227863711645
2024-10-21 12:23:11.099071185+00:00,2024-10-21 12:23:11.099071185+00:00,10,2,38,T,A,0,233.95,200,130,167990,12949099,AAPL,0,0,-43.71990826869805
2024-10-21 12:23:11.099071185+00:00,2024-10-21 12:23:11.099071185+00:00,10,2,38,C,B,0,233.95,200,130,167990,12949099,AAPL,-200,-200,-46.96932719514365
2024-10-21 12:23:11.099138993+00:00,2024-10-21 12:23:11.099138993+00:00,10,2,38,C,B,1,233.82,200,130,165948,12949100,AAPL,0,-2062,-290.85175896595695
2024-10-21 12:23:11.171874633+00:00,2024-10-21 12:23:11.171874633+00:00,10,2,38,A,A,1,234.07,200,130,166406,12949158,AAPL,0,200,-30.074227863711645
2024-10-21 12:23:11.208162821+00:00,2024-10-21 12:23:11.208162821+00:00,10,2,38,A,B,1,233.82,200,130,166593,12949167,AAPL,0,2062,203.4119424285608
2024-10-21 12:23:12.139603042+00:00,2024-10-21 12:23:12.139603042+00:00,10,2,38,A,B,1,233.84,200,130,166376,12950444,AAPL,0,200,-30.074227863711645
2024-10-21 12:23:12.190123660+00:00,2024-10-21 12:23:12.190123660+00:00,10,2,38,C,A,4,234.14,29,130,166595,12950624,AAPL,0,798,19.629747721013757
2024-10-21 12:23:12.190244811+00:00,2024-10-21 12:23:12.190244811+00:00,10,2,38,A,A,2,234.09,28,130,166048,12950625,AAPL,0,1297,95.52528262326747
2024-10-21 12:23:12.195254017+00:00,2024-10-21 12:23:12.195254017+00:00,10,2,38,C,A,2,234.09,28,130,165691,12950641,AAPL,0,1297,95.52528262326747
2024-10-21 12:23:13.923503589+00:00,2024-10-21 12:23:13.923503589+00:00,10,2,38,A,A,4,234.14,27,130,166273,12952557,AAPL,0,796,19.348737150809207
2024-10-21 12:23:14.014125157+00:00,2024-10-21 12:23:14.014125157+00:00,10,2,38,C,B,1,233.84,200,130,165986,12953020,AAPL,0,-2062,-290.85175896595695
2024-10-21 12:23:14.014138266+00:00,2024-10-21 12:23:14.014138266+00:00,10,2,38,A,B,1,233.8,400,130,166111,12953021,AAPL,0,400,-16.428547458725237
2024-10-21 12:23:24.180057341+00:00,2024-10-21 12:23:24.180057341+00:00,10,2,38,A,B,1,233.84,200,130,166327,12963680,AAPL,0,2062,203.4119424285608
2024-10-21 12:23:24.244388472+00:00,2024-10-21 12:23:24.244388472+00:00,10,2,38,C,B,3,233.77,26,130,166153,12963842,AAPL,0,-1857,-276.6701601958052
2024-10-21 12:23:24.244727755+00:00,2024-10-21 12:23:24.244727755+00:00,10,2,38,A,B,3,233.78,29,130,166358,12963846,AAPL,0,1860,189.85335159694048
2024-10-21 12:23:24.253824768+00:00,2024-10-21 12:23:24.253824768+00:00,10,2,38,A,B,1,233.85,200,130,166730,12963873,AAPL,0,200,-30.074227863711645
2024-10-21 12:23:24.273148439+00:00,2024-10-21 12:23:24.273148439+00:00,10,2,38,C,A,4,234.14,27,130,165970,12963906,AAPL,0,796,19.348737150809207
2024-10-21 12:23:24.273199301+00:00,2024-10-21 12:23:24.273199301+00:00,10,2,38,A,A,2,234.09,30,130,166092,12963907,AAPL,0,1299,95.7396499693336
2024-10-21 12:23:24.281024032+00:00,2024-10-21 12:23:24.281024032+00:00,10,2,38,C,A,2,234.09,30,130,166101,12963913,AAPL,0,1299,95.7396499693336
2024-10-21 12:23:25.922987113+00:00,2024-10-21 12:23:25.922987113+00:00,10,2,38,A,A,4,234.15,29,130,166279,12965330,AAPL,0,798,19.629747721013757
2024-10-21 12:23:26.667483730+00:00,2024-10-21 12:23:26.667483730+00:00,10,2,38,C,A,4,234.15,29,130,166469,12965993,AAPL,0,798,19.629747721013757
2024-10-21 12:23:26.667566801+00:00,2024-10-21 12:23:26.667566801+00:00,10,2,38,A,A,2,234.09,26,130,166422,12965994,AAPL,0,1295,95.31091527720133
2024-10-21 12:23:26.671669972+00:00,2024-10-21 12:23:26.671669972+00:00,10,2,38,C,A,2,234.09,26,130,166059,12965998,AAPL,0,1295,95.31091527720133
2024-10-21 12:23:29.923042073+00:00,2024-10-21 12:23:29.923042073+00:00,10,2,38,A,A,4,234.15,26,130,166457,12968315,AAPL,0,795,19.208231865706924
2024-10-21 12:23:31.049271170+00:00,2024-10-21 12:23:31.049271170+00:00,10,2,38,C,B,1,233.85,200,130,166049,12969394,AAPL,0,-2065,-291.47476690448843
2024-10-21 12:23:31.049283153+00:00,2024-10-21 12:23:31.049283153+00:00,10,2,38,A,B,1,233.83,200,130,166137,12969395,AAPL,0,2065,204.03495036709228
2024-10-21 12:23:31.105200821+00:00,2024-10-21 12:23:31.105200821+00:00,10,2,38,A,B,1,233.84,200,130,166620,12969432,AAPL,0,200,-30.074227863711645
2024-10-21 12:23:33.817825903+00:00,2024-10-21 12:23:33.817825903+00:00,10,2,38,C,B,1,233.84,200,130,166055,12972883,AAPL,0,-2065,-291.47476690448843
2024-10-21 12:23:33.817837243+00:00,2024-10-21 12:23:33.817837243+00:00,10,2,38,A,B,1,233.8,400,130,166174,12972884,AAPL,0,400,-16.428547458725237
2024-10-21 12:23:34.381673108+00:00,2024-10-21 12:23:34.381673108+00:00,10,2,38,C,A,4,234.15,26,130,166000,12973267,AAPL,0,795,19.208231865706924
2024-10-21 12:23:34.381786514+00:00,2024-10-21 12:23:34.381786514+00:00,10,2,38,A,A,4,234.14,27,130,167755,12973268,AAPL,0,796,19.348737150809207
2024-10-21 12:23:35.765078516+00:00,2024-10-21 12:23:35.765078516+00:00,10,2,38,T,A,0,233.95,100,130,168312,12974800,AAPL,0,0,-43.71990826869805
2024-10-21 12:23:35.765078516+00:00,2024-10-21 12:23:35.765078516+00:00,10,2,38,C,B,0,233.95,100,130,168312,12974800,AAPL,-100,-100,-45.34461773192085
2024-10-21 12:23:35.765293055+00:00,2024-10-21 12:23:35.765293055+00:00,10,2,38,T,A,0,233.95,423,130,167216,12974807,AAPL,0,0,-43.71990826869805
2024-10-21 12:23:35.765293055+00:00,2024-10-21 12:23:35.765293055+00:00,10,2,38,C,B,0,233.95,423,130,167216,12974807,AAPL,-423,-2798,-420.00012569480924
2024-10-21 12:23:35.765317844+00:00,2024-10-21 12:23:35.765317844+00:00,10,2,38,A,A,0,233.98,24,130,166620,12974809,AAPL,124,1759,139.25796902932447
2024-10-21 12:23:35.765319866+00:00,2024-10-21 12:23:35.765319866+00:00,10,2,38,A,A,1,233.99,100,130,166023,12974810,AAPL,0,1630,159.19886076375363
2024-10-21 12:23:35.765327695+00:00,2024-10-21 12:23:35.765327695+00:00,10,2,38,A,A,1,233.99,100,130,165982,12974811,AAPL,0,100,-36.897068066204845
2024-10-21 12:23:35.765330068+00:00,2024-10-21 12:23:35.765330068+00:00,10,2,38,A,A,1,233.99,100,130,166991,12974812,AAPL,0,100,-36.897068066204845
2024-10-21 12:23:35.765336405+00:00,2024-10-21 12:23:35.765336405+00:00,10,2,38,A,A,1,233.99,38,130,167459,12974813,AAPL,0,38,-41.127228991750634
2024-10-21 12:23:35.765353728+00:00,2024-10-21 12:23:35.765353728+00:00,10,2,38,C,A,1,233.99,100,130,166826,12974817,AAPL,0,-100,-50.54274847119126
2024-10-21 12:23:35.765358258+00:00,2024-10-21 12:23:35.765358258+00:00,10,2,38,C,N,0,233.8,400,130,165681,12974819,AAPL,-500,-500,-51.84345558481204
2024-10-21 12:23:35.765377342+00:00,2024-10-21 12:23:35.765377342+00:00,10,2,38,C,A,1,233.99,100,128,168423,12974821,AAPL,0,-100,-50.54274847119126
2024-10-21 12:23:35.765712149+00:00,2024-10-21 12:23:35.765712149+00:00,10,2,38,C,A,1,233.99,100,130,165888,12974836,AAPL,0,-100,-50.54274847119126
2024-10-21 12:23:35.833227941+00:00,2024-10-21 12:23:35.833227941+00:00,10,2,38,C,B,1,233.78,29,130,165663,12975154,AAPL,0,-1980,-267.78489365785765
2024-10-21 12:23:35.833269631+00:00,2024-10-21 12:23:35.833269631+00:00,10,2,38,A,B,1,233.71,30,130,166380,12975155,AAPL,0,1981,180.41330552248647
2024-10-21 12:23:35.833775320+00:00,2024-10-21 12:23:35.833775320+00:00,10,2,38,A,B,0,233.91,100,130,166427,12975156,AAPL,100,2076,300.1283204542637
2024-10-21 12:23:35.833795471+00:00,2024-10-21 12:23:35.833795471+00:00,10,2,38,C,A,0,233.98,24,130,165837,12975157,AAPL,24,1592,155.35863010938127
2024-10-21 12:23:35.836802755+00:00,2024-10-21 12:23:35.836802755+00:00,10,2,38,C,B,2,233.71,30,130,165997,12975162,AAPL,0,-1971,-385.6022855183123
2024-10-21 12:23:35.873762810+00:00,2024-10-21 12:23:35.873762810+00:00,10,2,38,C,A,0,233.99,38,130,166024,12975242,AAPL,38,1673,137.86071889095288
2024-10-21 12:23:35.901086187+00:00,2024-10-21 12:23:35.901086187+00:00,10,2,38,A,B,3,233.68,400,130,166277,12975273,AAPL,0,1141,128.8115085148708
2024-10-21 12:23:35.969121189+00:00,2024-10-21 12:23:35.969121189+00:00,10,2,38,A,B,3,233.69,400,130,166535,12975451,AAPL,0,400,39.34781686882863
2024-10-21 12:23:36.000147454+00:00,2024-10-21 12:23:36.000147454+00:00,10,2,38,A,B,2,233.73,400,130,166155,12975478,AAPL,0,1600,248.35673635710998
2024-10-21 12:23:36.364328399+00:00,2024-10-21 12:23:36.364328399+00:00,10,2,38,A,B,3,233.71,27,130,165987,12975884,AAPL,0,1858,189.4380129712529
2024-10-21 12:23:36.417876919+00:00,2024-10-21 12:23:36.417876919+00:00,10,2,38,A,B,2,233.79,400,130,167151,12975910,AAPL,0,400,-0.84643905547005
2024-10-21 12:23:37.809399308+00:00,2024-10-21 12:23:37.809399308+00:00,10,2,38,C,A,1,234.07,200,130,166277,12978420,AAPL,0,-200,-57.36558867368446
2024-10-21 12:23:37.809411756+00:00,2024-10-21 12:23:37.809411756+00:00,10,2,38,A,A,1,234.02,200,130,166367,12978421,AAPL,0,200,-30.074227863711645
2024-10-21 12:23:37.892403782+00:00,2024-10-21 12:23:37.892403782+00:00,10,2,38,A,A,1,234.01,200,130,166397,12978809,AAPL,0,200,-30.074227863711645
2024-10-21 12:23:39.411730598+00:00,2024-10-21 12:23:39.411730598+00:00,10,2,38,C,A,4,234.14,27,130,166094,12981148,AAPL,0,796,19.348737150809207
2024-10-21 12:23:39.411789045+00:00,2024-10-21 12:23:39.411789045+00:00,10,2,38,A,A,2,234.08,30,130,166494,12981149,AAPL,0,1299,95.7396499693336
2024-10-21 12:23:40.838462060+00:00,2024-10-21 12:23:40.838462060+00:00,10,2,38,C,B,3,233.71,27,130,166366,12982424,AAPL,0,-1858,-276.87782950864903
2024-10-21 12:23:40.838495937+00:00,2024-10-21 12:23:40.838495937+00:00,10,2,38,A,B,3,233.77,28,130,166441,12982425,AAPL,0,1859,189.6456822840967
2024-10-21 12:23:40.883854903+00:00,2024-10-21 12:23:40.883854903+00:00,10,2,38,A,B,1,233.82,200,130,167077,12982474,AAPL,0,205,-29.538309498546294
2024-10-21 12:23:53.580500087+00:00,2024-10-21 12:23:53.580500087+00:00,10,2,38,A,A,0,233.97,4,130,165939,12991980,AAPL,4,1442,113.29076413347806
2024-10-21 12:23:53.580531557+00:00,2024-10-21 12:23:53.580531557+00:00,10,2,38,C,B,1,233.82,200,130,166118,12991981,AAPL,0,-2064,-291.2670975916446
2024-10-21 12:23:53.584590487+00:00,2024-10-21 12:23:53.584590487+00:00,10,2,38,C,A,0,233.97,4,130,165739,12991991,AAPL,4,1442,113.29076413347806
2024-10-21 12:23:53.687318686+00:00,2024-10-21 12:23:53.687318686+00:00,10,2,38,A,B,1,233.82,200,130,166215,12992039,AAPL,0,2064,203.82728105424843
2024-10-21 12:23:56.151717030+00:00,2024-10-21 12:23:56.151717030+00:00,10,2,38,T,A,0,233.91,100,130,167848,12994141,AAPL,0,0,-43.71990826869805
2024-10-21 12:23:56.151717030+00:00,2024-10-21 12:23:56.151717030+00:00,10,2,38,C,B,0,233.91,100,130,167848,12994141,AAPL,-100,-2164,-292.8918070548674
2024-10-21 12:23:56.151739820+00:00,2024-10-21 12:23:56.151739820+00:00,10,2,38,A,A,0,233.95,100,130,166120,12994142,AAPL,100,1538,114.85048521817194
2024-10-21 12:23:56.151743006+00:00,2024-10-21 12:23:56.151743006+00:00,10,2,38,A,A,1,233.98,100,130,166146,12994143,AAPL,0,1433,100.12805371928039
2024-10-21 12:23:56.151744249+00:00,2024-10-21 12:23:56.151744249+00:00,10,2,38,A,A,1,233.96,25,130,166194,12994144,AAPL,0,958,46.4966777494901
2024-10-21 12:23:56.151751835+00:00,2024-10-21 12:23:56.151751835+00:00,10,2,38,A,A,2,233.98,100,130,166079,12994145,AAPL,0,100,-33.00154096539105
2024-10-21 12:23:56.151753407+00:00,2024-10-21 12:23:56.151753407+00:00,10,2,38,C,B,0,233.82,200,130,168988,12994147,AAPL,-200,-2074,-378.2601118055095
2024-10-21 12:23:56.151760470+00:00,2024-10-21 12:23:56.151760470+00:00,10,2,38,A,A,1,233.96,30,130,166164,12994148,AAPL,0,30,-41.67305620795009
2024-10-21 12:23:56.151774406+00:00,2024-10-21 12:23:56.151774406+00:00,10,2,38,C,A,2,233.98,100,130,166386,12994150,AAPL,0,663,26.133679777929448
2024-10-21 12:23:56.151794726+00:00,2024-10-21 12:23:56.151794726+00:00,10,2,38,C,A,0,233.95,100,130,167569,12994152,AAPL,100,1118,63.66605326244451
2024-10-21 12:23:56.151815406+00:00,2024-10-21 12:23:56.151815406+00:00,10,2,38,C,A,0,233.96,25,128,167790,12994153,AAPL,-25,-25,-44.126085634503745
2024-10-21 12:23:56.151818053+00:00,2024-10-21 12:23:56.151818053+00:00,10,2,38,C,A,1,233.98,100,130,166214,12994155,AAPL,0,-100,-50.54274847119126
2024-10-21 12:23:56.151908869+00:00,2024-10-21 12:23:56.151908869+00:00,10,2,38,A,A,0,233.95,100,130,166657,12994157,AAPL,100,993,51.241975908514206
2024-10-21 12:23:56.152059304+00:00,2024-10-21 12:23:56.152059304+00:00,10,2,38,C,A,2,233.98,100,130,166099,12994158,AAPL,0,863,47.57041438454345
2024-10-21 12:23:56.152100943+00:00,2024-10-21 12:23:56.152100943+00:00,10,2,38,A,A,0,233.95,7,130,166303,12994159,AAPL,7,7,-43.60617860627246
2024-10-21 12:23:56.152326897+00:00,2024-10-21 12:23:56.152326897+00:00,10,2,38,C,A,0,233.95,100,130,166010,12994160,AAPL,-100,-100,-45.34461773192085
2024-10-21 12:23:56.156195112+00:00,2024-10-21 12:23:56.156195112+00:00,10,2,38,C,A,0,233.95,7,130,165988,12994163,AAPL,7,900,39.448692309725445
2024-10-21 12:23:56.222863616+00:00,2024-10-21 12:23:56.222863616+00:00,10,2,38,A,B,2,233.73,400,130,166661,12994197,AAPL,0,2341,337.82042800315213
2024-10-21 12:23:56.223377764+00:00,2024-10-21 12:23:56.223377764+00:00,10,2,38,C,B,1,233.77,28,130,166121,12994198,AAPL,0,-2369,-427.17063979724634
2024-10-21 12:23:56.223447893+00:00,2024-10-21 12:23:56.223447893+00:00,10,2,38,A,B,2,233.71,29,130,166332,12994199,AAPL,0,1970,298.05528530788314
2024-10-21 12:23:56.253764723+00:00,2024-10-21 12:23:56.253764723+00:00,10,2,38,C,A,1,233.99,30,130,166100,12994211,AAPL,0,1363,95.35206557753513
2024-10-21 12:23:56.403764720+00:00,2024-10-21 12:23:56.403764720+00:00,10,2,38,C,A,0,233.96,30,130,165921,12994800,AAPL,30,1468,113.71318859391599
2024-10-21 12:23:59.004911131+00:00,2024-10-21 12:23:59.004911131+00:00,10,2,38,C,B,1,233.73,400,130,166062,12997239,AAPL,0,-2370,-412.78646265525214
2024-10-21 12:23:59.004923443+00:00,2024-10-21 12:23:59.004923443+00:00,10,2,38,A,B,3,233.68,400,130,166308,12997240,AAPL,0,1141,128.8115085148708
2024-10-21 12:23:59.008280403+00:00,2024-10-21 12:23:59.008280403+00:00,10,2,38,A,A,2,234.03,29,130,166592,12997243,AAPL,0,1265,94.7609108622443
2024-10-21 12:23:59.008322912+00:00,2024-10-21 12:23:59.008322912+00:00,10,2,38,C,A,3,234.08,30,130,166094,12997244,AAPL,0,1236,91.65258434428527
2024-10-21 12:23:59.011947596+00:00,2024-10-21 12:23:59.011947596+00:00,10,2,38,C,A,1,234.01,200,130,166274,12997249,AAPL,0,1498,109.27814670128694
2024-10-21 12:23:59.011960403+00:00,2024-10-21 12:23:59.011960403+00:00,10,2,38,A,A,2,234.04,200,130,166061,12997250,AAPL,0,1469,113.9608743849555
2024-10-21 12:23:59.013517894+00:00,2024-10-21 12:23:59.013517894+00:00,10,2,38,C,A,2,234.04,200,130,166145,12997253,AAPL,0,1469,113.9608743849555
2024-10-21 12:23:59.013530559+00:00,2024-10-21 12:23:59.013530559+00:00,10,2,38,A,A,2,234.07,400,130,166233,12997254,AAPL,0,1669,135.39760899156948
2024-10-21 12:23:59.014238552+00:00,2024-10-21 12:23:59.014238552+00:00,10,2,38,C,A,1,234.03,29,130,166013,12997255,AAPL,0,1698,137.3762326502925
2024-10-21 12:23:59.017196811+00:00,2024-10-21 12:23:59.017196811+00:00,10,2,38,C,B,1,233.71,29,130,166026,12997256,AAPL,0,-2370,-346.85035635067396
2024-10-21 12:23:59.017282783+00:00,2024-10-21 12:23:59.017282783+00:00,10,2,38,A,B,4,233.61,27,130,166313,12997257,AAPL,0,767,49.3969207900034
2024-10-21 12:23:59.074518650+00:00,2024-10-21 12:23:59.074518650+00:00,10,2,38,A,A,1,234.02,200,130,166260,12997280,AAPL,0,200,-30.074227863711645
2024-10-21 12:24:00.591545399+00:00,2024-10-21 12:24:00.591545399+00:00,10,2,38,A,B,3,233.66,27,130,166172,12999539,AAPL,0,27,-38.112836821915
2024-10-21 12:24:00.591577923+00:00,2024-10-21 12:24:00.591577923+00:00,10,2,38,C,B,4,233.61,27,130,166055,12999540,AAPL,0,-767,-136.8367373273995
2024-10-21 12:24:00.591620074+00:00,2024-10-21 12:24:00.591620074+00:00,10,2,38,A,A,2,234.08,26,130,166500,12999541,AAPL,0,1295,95.31091527720133
2024-10-21 12:24:00.639005885+00:00,2024-10-21 12:24:00.639005885+00:00,10,2,38,A,B,1,233.72,400,130,166419,12999658,AAPL,0,1600,112.19186018095876
2024-10-21 12:24:00.649056842+00:00,2024-10-21 12:24:00.649056842+00:00,10,2,38,A,A,1,234.01,200,130,166320,12999723,AAPL,0,200,-30.074227863711645
2024-10-21 12:24:02.009392935+00:00,2024-10-21 12:24:02.009392935+00:00,10,2,38,A,A,1,234.01,200,130,166791,13001036,AAPL,0,200,-30.074227863711645
2024-10-21 12:24:03.014231244+00:00,2024-10-21 12:24:03.014231244+00:00,10,2,38,A,B,1,233.73,400,130,166499,13002474,AAPL,0,400,-16.428547458725237
2024-10-21 12:24:12.705753370+00:00,2024-10-21 12:24:12.705753370+00:00,10,2,38,C,A,2,234.08,26,130,166217,13011148,AAPL,0,1295,95.31091527720133
2024-10-21 12:24:12.705792927+00:00,2024-10-21 12:24:12.705792927+00:00,10,2,38,A,A,2,234.03,27,130,166377,13011149,AAPL,0,1296,95.4180989502344
2024-10-21 12:24:12.758652350+00:00,2024-10-21 12:24:12.758652350+00:00,10,2,38,C,A,1,234.01,200,130,166295,13011180,AAPL,0,-200,-57.36558867368446
2024-10-21 12:24:12.758665302+00:00,2024-10-21 12:24:12.758665302+00:00,10,2,38,A,A,0,233.96,200,130,166471,13011181,AAPL,200,202,-40.3340325382026
2024-10-21 12:24:12.829796906+00:00,2024-10-21 12:24:12.829796906+00:00,10,2,38,C,B,1,233.73,400,130,165990,13011209,AAPL,0,-2378,-298.7047022558905
2024-10-21 12:24:12.829810064+00:00,2024-10-21 12:24:12.829810064+00:00,10,2,38,A,B,2,233.68,400,130,166332,13011211,AAPL,0,1178,98.2265864820656
2024-10-21 12:24:12.887759925+00:00,2024-10-21 12:24:12.887759925+00:00,10,2,38,A,B,1,233.71,200,130,166795,13011280,AAPL,0,1400,98.54617977597238
2024-10-21 12:24:12.974071654+00:00,2024-10-21 12:24:12.974071654+00:00,10,2,38,A,A,0,233.96,200,130,166395,13011303,AAPL,200,200,-40.470489342252456
2024-10-21 12:24:12.981737142+00:00,2024-10-21 12:24:12.981737142+00:00,10,2,38,A,A,0,233.94,6,130,166739,13011309,AAPL,6,1641,118.63278712958616
2024-10-21 12:24:12.981783591+00:00,2024-10-21 12:24:12.981783591+00:00,10,2,38,C,B,1,233.71,200,130,165939,13011310,AAPL,0,-2178,-285.0590218509041
2024-10-21 12:24:12.985831565+00:00,2024-10-21 12:24:12.985831565+00:00,10,2,38,C,A,0,233.94,6,130,166367,13011317,AAPL,6,1641,118.63278712958616
2024-10-21 12:24:13.052603423+00:00,2024-10-21 12:24:13.052603423+00:00,10,2,38,A,B,3,233.62,400,130,166405,13011374,AAPL,0,1150,132.60610164673741
2024-10-21 12:24:13.053128647+00:00,2024-10-21 12:24:13.053128647+00:00,10,2,38,A,B,5,233.55,27,130,166273,13011375,AAPL,0,262,-23.73570754119685
2024-10-21 12:24:13.053154026+00:00,2024-10-21 12:24:13.053154026+00:00,10,2,38,C,B,2,233.66,27,130,166136,13011376,AAPL,0,-27,-46.613867440590944
2024-10-21 12:24:13.184858615+00:00,2024-10-21 12:24:13.184858615+00:00,10,2,38,A,B,3,233.63,200,130,166380,13011463,AAPL,0,200,-2.186045699934712
2024-10-21 12:24:13.202985661+00:00,2024-10-21 12:24:13.202985661+00:00,10,2,38,A,B,2,233.68,200,130,166320,13011562,AAPL,0,201,-22.075504349240234
2024-10-21 12:24:13.538400660+00:00,2024-10-21 12:24:13.538400660+00:00,10,2,38,A,B,2,233.68,200,130,166480,13011788,AAPL,0,200,-22.28317366208405
2024-10-21 12:24:13.589170912+00:00,2024-10-21 12:24:13.589170912+00:00,10,2,38,C,B,2,233.68,200,130,166043,13011843,AAPL,0,-200,-65.15664287531204
2024-10-21 12:24:13.589183060+00:00,2024-10-21 12:24:13.589183060+00:00,10,2,38,A,B,1,233.71,200,130,166487,13011844,AAPL,0,1400,98.54617977597238
2024-10-21 12:24:13.922992508+00:00,2024-10-21 12:24:13.922992508+00:00,10,2,38,C,B,5,233.55,27,130,166551,13011979,AAPL,0,-262,-63.70410899619925
2024-10-21 12:24:13.923126726+00:00,2024-10-21 12:24:13.923126726+00:00,10,2,38,A,B,3,233.66,30,130,166425,13011980,AAPL,0,30,-37.48982888338355
2024-10-21 12:24:15.708838775+00:00,2024-10-21 12:24:15.708838775+00:00,10,2,38,C,A,2,234.03,27,130,166117,13013886,AAPL,0,1296,95.4180989502344
2024-10-21 12:24:15.708973640+00:00,2024-10-21 12:24:15.708973640+00:00,10,2,38,A,A,1,233.98,29,130,166244,13013888,AAPL,0,1300,94.71713078313066
2024-10-21 12:24:15.716580295+00:00,2024-10-21 12:24:15.716580295+00:00,10,2,38,C,A,1,233.98,29,130,166324,13013896,AAPL,0,1300,94.71713078313066
2024-10-21 12:24:17.551956961+00:00,2024-10-21 12:24:17.551956961+00:00,10,2,38,A,A,2,234.03,27,130,166146,13015292,AAPL,0,1296,95.4180989502344
2024-10-21 12:24:18.858127605+00:00,2024-10-21 12:24:18.858127605+00:00,10,2,38,A,B,0,233.8,100,130,166031,13016509,AAPL,100,100,-42.095198805475256
2024-10-21 12:24:25.049338154+00:00,2024-10-21 12:24:25.049338154+00:00,10,2,38,C,A,2,234.03,27,130,165991,13021095,AAPL,0,1296,95.4180989502344
2024-10-21 12:24:25.049382422+00:00,2024-10-21 12:24:25.049382422+00:00,10,2,38,A,A,1,233.98,28,130,166458,13021096,AAPL,0,1299,94.64890238110571
2024-10-21 12:24:25.060079940+00:00,2024-10-21 12:24:25.060079940+00:00,10,2,38,C,A,1,233.98,28,130,165923,13021116,AAPL,0,1299,94.64890238110571
2024-10-21 12:24:25.922924503+00:00,2024-10-21 12:24:25.922924503+00:00,10,2,38,A,A,2,234.03,26,130,166493,13021866,AAPL,0,1295,95.31091527720133
2024-10-21 12:24:33.385173258+00:00,2024-10-21 12:24:33.385173258+00:00,10,2,38,C,A,2,234.03,26,130,165847,13026898,AAPL,0,1295,95.31091527720133
2024-10-21 12:24:33.385196713+00:00,2024-10-21 12:24:33.385196713+00:00,10,2,38,A,A,1,233.98,29,130,166557,13026899,AAPL,0,1300,94.71713078313066
2024-10-21 12:24:33.391191505+00:00,2024-10-21 12:24:33.391191505+00:00,10,2,38,C,A,1,233.98,29,130,166123,13026904,AAPL,0,1300,94.71713078313066
2024-10-21 12:24:33.923102791+00:00,2024-10-21 12:24:33.923102791+00:00,10,2,38,A,A,2,234.03,26,130,166411,13027549,AAPL,0,1295,95.31091527720133
2024-10-21 12:24:37.922944460+00:00,2024-10-21 12:24:37.922944460+00:00,10,2,38,C,A,2,234.03,26,130,166149,13030243,AAPL,0,1295,95.31091527720133
2024-10-21 12:24:37.923028006+00:00,2024-10-21 12:24:37.923028006+00:00,10,2,38,A,A,1,233.98,27,130,166561,13030244,AAPL,0,1298,94.58067397908079
2024-10-21 12:24:40.307674730+00:00,2024-10-21 12:24:40.307674730+00:00,10,2,38,T,N,0,233.84,127,130,167359,13031847,AAPL,0,0,-43.71990826869805
2024-10-21 12:24:40.307995193+00:00,2024-10-21 12:24:40.307995193+00:00,10,2,38,A,B,0,233.8,2,130,166293,13031848,AAPL,2,2,-43.687414079433594
2024-10-21 12:24:40.307996031+00:00,2024-10-21 12:24:40.307996031+00:00,10,2,38,A,B,1,233.79,100,130,166969,13031849,AAPL,0,2271,327.42169215209975
2024-10-21 12:24:40.308007727+00:00,2024-10-21 12:24:40.308007727+00:00,10,2,38,C,B,0,233.8,2,130,166133,13031850,AAPL,-2,-2,-43.75240245796251
2024-10-21 12:24:40.308025276+00:00,2024-10-21 12:24:40.308025276+00:00,10,2,38,C,A,0,233.96,200,130,166708,13031851,AAPL,-200,-200,-46.96932719514365
2024-10-21 12:24:40.308036005+00:00,2024-10-21 12:24:40.308036005+00:00,10,2,38,C,A,0,233.96,200,130,166086,13031852,AAPL,200,1498,97.8300929055264
2024-10-21 12:24:40.308405475+00:00,2024-10-21 12:24:40.308405475+00:00,10,2,38,C,B,1,233.79,100,130,165871,13031857,AAPL,0,-2271,-414.8615086894959
2024-10-21 12:24:40.309748359+00:00,2024-10-21 12:24:40.309748359+00:00,10,2,38,A,B,1,233.79,100,130,166349,13031868,AAPL,0,2271,327.42169215209975
2024-10-21 12:24:40.310193512+00:00,2024-10-21 12:24:40.310193512+00:00,10,2,38,C,B,1,233.79,100,130,166088,13031873,AAPL,0,-2271,-414.8615086894959
2024-10-21 12:24:40.353810051+00:00,2024-10-21 12:24:40.353810051+00:00,10,2,38,A,A,0,233.96,200,130,166229,13031906,AAPL,200,1498,97.8300929055264
2024-10-21 12:24:40.377247665+00:00,2024-10-21 12:24:40.377247665+00:00,10,2,38,C,A,0,233.96,200,130,166421,13031918,AAPL,200,1498,97.8300929055264
2024-10-21 12:24:40.379809120+00:00,2024-10-21 12:24:40.379809120+00:00,10,2,38,C,A,0,233.98,27,130,166434,13031919,AAPL,27,1299,126.54111796440154
2024-10-21 12:24:40.415871461+00:00,2024-10-21 12:24:40.415871461+00:00,10,2,38,A,A,1,234.02,200,130,166405,13031935,AAPL,0,1470,139.61167001026791
2024-10-21 12:24:40.464828695+00:00,2024-10-21 12:24:40.464828695+00:00,10,2,38,A,A,1,234.02,200,130,166588,13031977,AAPL,0,200,-30.074227863711645
2024-10-21 12:24:40.656837789+00:00,2024-10-21 12:24:40.656837789+00:00,10,2,38,C,B,1,233.71,200,130,166443,13032132,AAPL,0,-2181,-285.68202978943555
2024-10-21 12:24:40.763590881+00:00,2024-10-21 12:24:40.763590881+00:00,10,2,38,A,B,1,233.71,200,130,166494,13032319,AAPL,0,2181,198.24221325203945
2024-10-21 12:24:43.066357159+00:00,2024-10-21 12:24:43.066357159+00:00,10,2,38,A,B,0,233.88,1,130,166375,13033852,AAPL,1,2277,327.77908125685667
2024-10-21 12:24:43.129440388+00:00,2024-10-21 12:24:43.129440388+00:00,10,2,38,A,A,2,234.09,27,130,166620,13033910,AAPL,0,1296,95.4180989502344
2024-10-21 12:24:55.149943017+00:00,2024-10-21 12:24:55.149943017+00:00,10,2,38,T,A,0,233.88,1,130,167185,13042533,AAPL,0,0,-43.71990826869805
2024-10-21 12:24:55.149943017+00:00,2024-10-21 12:24:55.149943017+00:00,10,2,38,C,B,0,233.88,1,130,167185,13042533,AAPL,-1,-2277,-415.2188977942528
2024-10-21 12:24:55.149972348+00:00,2024-10-21 12:24:55.149972348+00:00,10,2,38,A,A,0,233.94,38,130,166373,13042534,AAPL,38,1673,134.65689201905636
2024-10-21 12:24:55.149990092+00:00,2024-10-21 12:24:55.149990092+00:00,10,2,38,A,A,0,233.94,26,130,166206,13042535,AAPL,26,26,-43.297483808260125
2024-10-21 12:24:55.150004189+00:00,2024-10-21 12:24:55.150004189+00:00,10,2,38,A,A,1,233.98,26,130,166076,13042536,AAPL,0,1556,136.19149868289188
2024-10-21 12:24:55.250051974+00:00,2024-10-21 12:24:55.250051974+00:00,10,2,38,C,A,0,233.94,38,130,166214,13042633,AAPL,-38,-38,-44.337297864722714
2024-10-21 12:24:55.250079517+00:00,2024-10-21 12:24:55.250079517+00:00,10,2,38,C,A,1,233.98,26,130,166119,13042634,AAPL,0,1556,136.19149868289188
2024-10-21 12:24:55.403764807+00:00,2024-10-21 12:24:55.403764807+00:00,10,2,38,C,A,0,233.94,26,130,166065,13042985,AAPL,26,1661,134.46192688346963
2024-10-21 12:24:58.866984470+00:00,2024-10-21 12:24:58.866984470+00:00,10,2,38,A,A,0,233.95,200,130,166036,13044827,AAPL,200,1835,137.28892134947728
2024-10-21 12:25:00.039201756+00:00,2024-10-21 12:25:00.039201756+00:00,10,2,38,C,A,3,234.09,27,130,166123,13045779,AAPL,0,1233,91.02957640575383
2024-10-21 12:25:00.039255807+00:00,2024-10-21 12:25:00.039255807+00:00,10,2,38,C,B,3,233.66,30,130,166500,13045782,AAPL,0,-30,-49.94998765401255
2024-10-21 12:25:00.940301280+00:00,2024-10-21 12:25:00.940301280+00:00,10,2,38,A,B,0,233.81,1,130,166432,13048050,AAPL,1,2247,323.5639227037883
2024-10-21 12:25:03.425959742+00:00,2024-10-21 12:25:03.425959742+00:00,10,2,38,A,A,1,233.97,7,130,166466,13052492,AAPL,0,1615,169.1821962567381
2024-10-21 12:25:07.929021771+00:00,2024-10-21 12:25:07.929021771+00:00,10,2,38,C,A,3,234.02,200,130,166275,13057385,AAPL,0,-200,-85.25377083746139
2024-10-21 12:25:07.929036599+00:00,2024-10-21 12:25:07.929036599+00:00,10,2,38,A,A,3,234.01,400,130,166790,13057386,AAPL,0,400,39.34781686882863
2024-10-21 12:25:08.718962947+00:00,2024-10-21 12:25:08.718962947+00:00,10,2,38,C,A,1,233.97,7,130,166047,13057965,AAPL,0,1615,169.1821962567381
2024-10-21 12:25:08.828413687+00:00,2024-10-21 12:25:08.828413687+00:00,10,2,38,A,B,0,233.85,100,130,166334,13058052,AAPL,100,2237,238.31202762695324
2024-10-21 12:25:09.009866477+00:00,2024-10-21 12:25:09.009866477+00:00,10,2,38,C,B,3,233.71,200,130,166104,13058226,AAPL,0,-2031,-312.8046206306293
2024-10-21 12:25:09.009890544+00:00,2024-10-21 12:25:09.009890544+00:00,10,2,38,A,B,4,233.69,200,130,166246,13058227,AAPL,0,831,43.325656422189354
2024-10-21 12:25:09.088777165+00:00,2024-10-21 12:25:09.088777165+00:00,10,2,38,A,B,4,233.69,200,130,166233,13058312,AAPL,0,200,-15.618851248241953
2024-10-21 12:25:09.146677151+00:00,2024-10-21 12:25:09.146677151+00:00,10,2,38,C,B,4,233.69,200,130,165872,13058371,AAPL,0,-200,-71.82096528915415
2024-10-21 12:25:09.146689798+00:00,2024-10-21 12:25:09.146689798+00:00,10,2,38,A,B,3,233.72,400,130,166195,13058372,AAPL,0,1600,207.9541589915652
2024-10-21 12:25:09.325236301+00:00,2024-10-21 12:25:09.325236301+00:00,10,2,38,C,B,3,233.72,400,130,165977,13058695,AAPL,0,-2231,-354.3384831993926
2024-10-21 12:25:09.325248668+00:00,2024-10-21 12:25:09.325248668+00:00,10,2,38,A,B,4,233.69,200,130,166698,13058696,AAPL,0,831,43.325656422189354
2024-10-21 12:25:09.630030450+00:00,2024-10-21 12:25:09.630030450+00:00,10,2,38,A,B,4,233.69,200,130,166287,13059010,AAPL,0,200,-15.618851248241953
2024-10-21 12:25:09.684292780+00:00,2024-10-21 12:25:09.684292780+00:00,10,2,38,C,B,4,233.69,200,130,166169,13059061,AAPL,0,-200,-71.82096528915415
2024-10-21 12:25:09.684305729+00:00,2024-10-21 12:25:09.684305729+00:00,10,2,38,A,B,3,233.72,400,130,166671,13059062,AAPL,0,1600,207.9541589915652
2024-10-21 12:25:10.726127491+00:00,2024-10-21 12:25:10.726127491+00:00,10,2,38,A,A,1,233.98,7,130,166510,13060271,AAPL,0,1615,169.1821962567381
2024-10-21 12:25:16.348283664+00:00,2024-10-21 12:25:16.348283664+00:00,10,2,38,A,B,3,233.77,200,130,166687,13064852,AAPL,0,200,-2.186045699934712
2024-10-21 12:25:25.279408267+00:00,2024-10-21 12:25:25.279408267+00:00,10,2,38,C,B,3,233.77,200,130,165895,13072236,AAPL,0,-2031,-312.8046206306293
2024-10-21 12:25:25.279420038+00:00,2024-10-21 12:25:25.279420038+00:00,10,2,38,A,B,3,233.75,200,130,166470,13072237,AAPL,0,2031,225.36480409323318
2024-10-21 12:25:25.341543400+00:00,2024-10-21 12:25:25.341543400+00:00,10,2,38,A,A,2,234.0,400,130,166680,13072382,AAPL,0,2006,211.36369930972543
2024-10-21 12:25:26.789218710+00:00,2024-10-21 12:25:26.789218710+00:00,10,2,38,A,A,2,233.99,400,130,166505,13074488,AAPL,0,1608,128.7113127978864
2024-10-21 12:25:34.805904261+00:00,2024-10-21 12:25:34.805904261+00:00,10,2,38,A,B,0,233.86,4,130,166355,13082761,AAPL,4,2226,231.16124708083063
2024-10-21 12:25:34.806661445+00:00,2024-10-21 12:25:34.806661445+00:00,10,2,38,C,B,0,233.86,4,130,167667,13082762,AAPL,-4,-2226,-318.60106361822676
2024-10-21 12:25:34.806990464+00:00,2024-10-21 12:25:34.806990464+00:00,10,2,38,T,N,0,233.93,100,130,167050,13082763,AAPL,0,0,-43.71990826869805
2024-10-21 12:25:35.054480586+00:00,2024-10-21 12:25:35.054480586+00:00,10,2,38,T,N,0,233.91,101,0,170198,13083003,AAPL,0,0,-43.71990826869805
2024-10-21 12:25:35.054480586+00:00,2024-10-21 12:25:35.054480586+00:00,10,2,38,T,N,0,233.93,50,0,170198,13083004,AAPL,0,0,-43.71990826869805
2024-10-21 12:25:35.054480586+00:00,2024-10-21 12:25:35.054480586+00:00,10,2,38,T,B,0,233.95,79,130,170198,13083005,AAPL,0,0,-43.71990826869805
2024-10-21 12:25:35.054480586+00:00,2024-10-21 12:25:35.054480586+00:00,10,2,38,C,A,0,233.95,79,130,170198,13083005,AAPL,-79,-79,-45.00342874464406
2024-10-21 12:25:35.054558163+00:00,2024-10-21 12:25:35.054558163+00:00,10,2,38,C,A,2,233.99,400,130,166126,13083006,AAPL,0,1608,128.7113127978864
2024-10-21 12:25:35.064902310+00:00,2024-10-21 12:25:35.064902310+00:00,10,2,38,A,A,2,234.0,200,130,166121,13083015,AAPL,0,200,-22.28317366208405
2024-10-21 12:25:35.147671307+00:00,2024-10-21 12:25:35.147671307+00:00,10,2,38,A,A,2,234.0,200,130,165967,13083092,AAPL,0,200,-22.28317366208405
2024-10-21 12:25:37.149112390+00:00,2024-10-21 12:25:37.149112390+00:00,10,2,38,C,A,1,233.98,7,130,166457,13084951,AAPL,0,1678,136.08957515181018
2024-10-21 12:25:39.151789847+00:00,2024-10-21 12:25:39.151789847+00:00,10,2,38,A,A,8,234.44,7,130,166286,13087130,AAPL,0,70,-39.40948007123699
2024-10-21 12:25:43.597387033+00:00,2024-10-21 12:25:43.597387033+00:00,10,2,38,A,B,3,233.76,200,130,166334,13091002,AAPL,0,200,-2.186045699934712
2024-10-21 12:25:45.063448661+00:00,2024-10-21 12:25:45.063448661+00:00,10,2,38,A,B,3,233.77,200,130,166330,13092718,AAPL,0,200,-2.186045699934712
2024-10-21 12:25:52.757291105+00:00,2024-10-21 12:25:52.757291105+00:00,10,2,38,C,B,3,233.77,200,130,166078,13098338,AAPL,0,-2031,-312.8046206306293
2024-10-21 12:25:52.757304269+00:00,2024-10-21 12:25:52.757304269+00:00,10,2,38,A,B,3,233.75,200,130,166549,13098339,AAPL,0,2031,225.36480409323318
2024-10-21 12:25:54.873237392+00:00,2024-10-21 12:25:54.873237392+00:00,10,2,38,A,B,1,233.81,1,130,166575,13100599,AAPL,0,1,-43.65167986667312
2024-10-21 12:26:00.405695962+00:00,2024-10-21 12:26:00.405695962+00:00,10,2,38,C,A,8,234.44,7,130,166121,13106337,AAPL,0,70,-39.40948007123699
2024-10-21 12:26:01.715279752+00:00,2024-10-21 12:26:01.715279752+00:00,10,2,38,A,B,3,233.76,200,130,167077,13108880,AAPL,0,200,-2.186045699934712
2024-10-21 12:26:02.221924482+00:00,2024-10-21 12:26:02.221924482+00:00,10,2,38,A,B,3,233.77,200,130,166510,13109908,AAPL,0,200,-2.186045699934712
2024-10-21 12:26:02.408536304+00:00,2024-10-21 12:26:02.408536304+00:00,10,2,38,A,A,2,234.07,7,130,166326,13110618,AAPL,0,1276,93.27442548957298
2024-10-21 12:26:05.173881544+00:00,2024-10-21 12:26:05.173881544+00:00,10,2,38,A,B,0,233.86,100,130,166751,13112718,AAPL,100,2323,232.82815183855757
2024-10-21 12:26:05.247215441+00:00,2024-10-21 12:26:05.247215441+00:00,10,2,38,C,A,1,234.0,200,130,166273,13112835,AAPL,0,-200,-57.36558867368446
2024-10-21 12:26:05.247226039+00:00,2024-10-21 12:26:05.247226039+00:00,10,2,38,C,A,1,234.0,200,130,166017,13112836,AAPL,0,-200,-57.36558867368446
2024-10-21 12:26:05.247237168+00:00,2024-10-21 12:26:05.247237168+00:00,10,2,38,A,A,2,234.01,200,130,166884,13112837,AAPL,0,1413,108.31292475549148
2024-10-21 12:26:08.272451351+00:00,2024-10-21 12:26:08.272451351+00:00,10,2,38,A,B,4,233.78,200,130,166433,13116250,AAPL,0,200,-15.618851248241953
2024-10-21 12:26:09.610903498+00:00,2024-10-21 12:26:09.610903498+00:00,10,2,38,C,B,1,233.85,100,130,166396,13117941,AAPL,0,-2223,-318.6432589127309
2024-10-21 12:26:11.689776041+00:00,2024-10-21 12:26:11.689776041+00:00,10,2,38,C,A,2,234.01,200,130,166029,13119493,AAPL,0,1413,108.31292475549148
2024-10-21 12:26:11.689788127+00:00,2024-10-21 12:26:11.689788127+00:00,10,2,38,A,A,2,234.03,200,130,166237,13119494,AAPL,0,1413,108.31292475549148
2024-10-21 12:26:11.691787041+00:00,2024-10-21 12:26:11.691787041+00:00,10,2,38,A,A,2,234.03,200,130,166475,13119500,AAPL,0,200,-22.28317366208405
2024-10-21 12:26:11.746296162+00:00,2024-10-21 12:26:11.746296162+00:00,10,2,38,C,A,2,234.03,200,130,167105,13119630,AAPL,0,-200,-65.15664287531204
2024-10-21 12:26:11.746308007+00:00,2024-10-21 12:26:11.746308007+00:00,10,2,38,A,A,2,234.02,200,130,166254,13119632,AAPL,0,200,-22.28317366208405
2024-10-21 12:26:13.045285946+00:00,2024-10-21 12:26:13.045285946+00:00,10,2,38,A,B,3,233.79,200,130,167154,13120862,AAPL,0,200,-2.186045699934712
2024-10-21 12:26:20.829236958+00:00,2024-10-21 12:26:20.829236958+00:00,10,2,38,A,A,1,234.0,15,130,166439,13126283,AAPL,0,15,-42.69648223832407
2024-10-21 12:26:22.496350258+00:00,2024-10-21 12:26:22.496350258+00:00,10,2,38,C,A,3,234.07,7,130,166197,13127351,AAPL,0,1213,86.87619014887748
2024-10-21 12:26:23.488892465+00:00,2024-10-21 12:26:23.488892465+00:00,10,2,38,C,B,3,233.79,200,130,166315,13128004,AAPL,0,-2031,-312.8046206306293
2024-10-21 12:26:23.498360877+00:00,2024-10-21 12:26:23.498360877+00:00,10,2,38,A,B,3,233.78,200,130,166628,13128006,AAPL,0,2031,225.36480409323318
2024-10-21 12:26:24.504437465+00:00,2024-10-21 12:26:24.504437465+00:00,10,2,38,A,A,7,234.41,7,130,166494,13128603,AAPL,0,7,-43.20612697591697
2024-10-21 12:26:25.077457400+00:00,2024-10-21 12:26:25.077457400+00:00,10,2,38,C,B,3,233.78,200,130,166104,13129240,AAPL,0,-2031,-312.8046206306293
2024-10-21 12:26:25.077469095+00:00,2024-10-21 12:26:25.077469095+00:00,10,2,38,A,B,3,233.76,200,130,166423,13129241,AAPL,0,2031,225.36480409323318
2024-10-21 12:26:25.077482593+00:00,2024-10-21 12:26:25.077482593+00:00,10,2,38,A,A,2,234.02,200,130,166097,13129242,AAPL,0,200,-22.28317366208405
2024-10-21 12:26:25.129312037+00:00,2024-10-21 12:26:25.129312037+00:00,10,2,38,C,A,2,234.02,200,130,166032,13129411,AAPL,0,-200,-65.15664287531204
2024-10-21 12:26:25.129324093+00:00,2024-10-21 12:26:25.129324093+00:00,10,2,38,A,A,1,234.0,200,130,166943,13129412,AAPL,0,1676,128.120336082723
2024-10-21 12:26:25.268638479+00:00,2024-10-21 12:26:25.268638479+00:00,10,2,38,A,B,3,233.77,200,130,166441,13129838,AAPL,0,200,-2.186045699934712
2024-10-21 12:26:25.384088744+00:00,2024-10-21 12:26:25.384088744+00:00,10,2,38,C,A,1,234.0,200,130,166076,13130001,AAPL,0,-200,-57.36558867368446
2024-10-21 12:26:25.384100277+00:00,2024-10-21 12:26:25.384100277+00:00,10,2,38,A,A,2,234.02,200,130,165934,13130002,AAPL,0,1476,114.47465567773658
2024-10-21 12:26:25.438886764+00:00,2024-10-21 12:26:25.438886764+00:00,10,2,38,A,B,3,233.78,200,130,166262,13130072,AAPL,0,200,-2.186045699934712
2024-10-21 12:26:25.518902005+00:00,2024-10-21 12:26:25.518902005+00:00,10,2,38,A,A,2,234.01,200,130,166291,13130195,AAPL,0,200,-22.28317366208405
2024-10-21 12:26:31.592891536+00:00,2024-10-21 12:26:31.592891536+00:00,10,2,38,C,A,7,234.41,7,130,166310,13135066,AAPL,0,-7,-44.23368956147913
2024-10-21 12:26:32.717433050+00:00,2024-10-21 12:26:32.717433050+00:00,10,2,38,A,A,0,233.95,10,130,166787,13137148,AAPL,10,10,-43.55743732237577
2024-10-21 12:26:32.717472823+00:00,2024-10-21 12:26:32.717472823+00:00,10,2,38,C,B,3,233.78,200,130,166132,13137150,AAPL,0,-2031,-312.8046206306293
2024-10-21 12:26:32.721528057+00:00,2024-10-21 12:26:32.721528057+00:00,10,2,38,C,A,0,233.95,10,130,166353,13137153,AAPL,-10,-10,-43.882379215020336
2024-10-21 12:26:32.820683999+00:00,2024-10-21 12:26:32.820683999+00:00,10,2,38,A,B,3,233.78,200,130,166701,13137257,AAPL,0,2031,225.36480409323318
2024-10-21 12:26:33.596060481+00:00,2024-10-21 12:26:33.596060481+00:00,10,2,38,A,A,7,234.41,7,130,166487,13137944,AAPL,0,7,-43.20612697591697
2024-10-21 12:26:33.705296257+00:00,2024-10-21 12:26:33.705296257+00:00,10,2,38,C,B,3,233.78,200,130,166361,13138040,AAPL,0,-2031,-312.8046206306293
2024-10-21 12:26:33.705309399+00:00,2024-10-21 12:26:33.705309399+00:00,10,2,38,A,B,3,233.73,400,130,166422,13138041,AAPL,0,2231,266.8986666619965
2024-10-21 12:26:40.656134264+00:00,2024-10-21 12:26:40.656134264+00:00,10,2,38,C,A,2,234.01,200,130,165773,13145962,AAPL,0,1476,114.47465567773658
2024-10-21 12:26:40.656147028+00:00,2024-10-21 12:26:40.656147028+00:00,10,2,38,A,A,2,234.03,400,130,166057,13145963,AAPL,0,1676,135.91139028435057
2024-10-21 12:26:40.707506986+00:00,2024-10-21 12:26:40.707506986+00:00,10,2,38,A,B,3,233.74,400,130,166622,13146198,AAPL,0,400,39.34781686882863
2024-10-21 12:26:40.896535785+00:00,2024-10-21 12:26:40.896535785+00:00,10,2,38,A,A,2,234.02,400,130,166489,13146521,AAPL,0,400,-0.84643905547005
2024-10-21 12:26:42.392534365+00:00,2024-10-21 12:26:42.392534365+00:00,10,2,38,C,A,7,234.41,7,130,166066,13148175,AAPL,0,-7,-44.23368956147913
2024-10-21 12:26:43.555613825+00:00,2024-10-21 12:26:43.555613825+00:00,10,2,38,T,A,0,233.86,100,130,167476,13148963,AAPL,0,0,-43.71990826869805
2024-10-21 12:26:43.555613825+00:00,2024-10-21 12:26:43.555613825+00:00,10,2,38,C,B,0,233.86,100,130,167476,13148963,AAPL,-100,-2438,-367.35393513513765
2024-10-21 12:26:43.555625145+00:00,2024-10-21 12:26:43.555625145+00:00,10,2,38,A,B,0,233.86,100,130,167572,13148964,AAPL,100,2438,279.91411859774155
2024-10-21 12:26:43.555636531+00:00,2024-10-21 12:26:43.555636531+00:00,10,2,38,A,A,0,233.9,100,130,166521,13148965,AAPL,100,1844,180.19269864629922
2024-10-21 12:26:43.555641373+00:00,2024-10-21 12:26:43.555641373+00:00,10,2,38,A,A,1,233.91,200,130,166234,13148967,AAPL,0,1439,111.10926573673481
2024-10-21 12:26:43.555648065+00:00,2024-10-21 12:26:43.555648065+00:00,10,2,38,A,A,2,233.93,100,130,166549,13148968,AAPL,0,100,-33.00154096539105
2024-10-21 12:26:43.555650058+00:00,2024-10-21 12:26:43.555650058+00:00,10,2,38,A,A,2,233.93,100,130,166210,13148969,AAPL,0,100,-33.00154096539105
2024-10-21 12:26:43.555653371+00:00,2024-10-21 12:26:43.555653371+00:00,10,2,38,C,A,1,233.91,200,130,166356,13148970,AAPL,0,1639,132.5460003433488
2024-10-21 12:26:43.555663089+00:00,2024-10-21 12:26:43.555663089+00:00,10,2,38,A,A,1,233.91,23,130,165916,13148971,AAPL,0,1462,120.46957318493585
2024-10-21 12:26:43.555678324+00:00,2024-10-21 12:26:43.555678324+00:00,10,2,38,C,A,0,233.9,100,130,165770,13148972,AAPL,100,1562,122.09428264815865
2024-10-21 12:26:43.555692383+00:00,2024-10-21 12:26:43.555692383+00:00,10,2,38,C,A,1,233.93,100,130,166143,13148974,AAPL,0,-100,-50.54274847119126
2024-10-21 12:26:43.555700148+00:00,2024-10-21 12:26:43.555700148+00:00,10,2,38,C,A,1,233.93,100,130,166349,13148976,AAPL,0,1062,82.38760230570882
2024-10-21 12:26:43.555711164+00:00,2024-10-21 12:26:43.555711164+00:00,10,2,38,T,A,0,233.86,50,130,168406,13148979,AAPL,0,0,-43.71990826869805
2024-10-21 12:26:43.555711164+00:00,2024-10-21 12:26:43.555711164+00:00,10,2,38,C,B,0,233.86,50,130,168406,13148979,AAPL,-50,-50,-44.53226300030945
2024-10-21 12:26:43.555724858+00:00,2024-10-21 12:26:43.555724858+00:00,10,2,38,A,B,0,233.86,100,130,167654,13148980,AAPL,100,100,-42.095198805475256
2024-10-21 12:26:43.555737821+00:00,2024-10-21 12:26:43.555737821+00:00,10,2,38,T,A,0,233.86,50,130,166994,13148981,AAPL,0,0,-43.71990826869805
2024-10-21 12:26:43.555737821+00:00,2024-10-21 12:26:43.555737821+00:00,10,2,38,C,B,0,233.86,50,130,166994,13148981,AAPL,-50,-50,-44.53226300030945
2024-10-21 12:26:43.555767270+00:00,2024-10-21 12:26:43.555767270+00:00,10,2,38,C,B,3,233.74,200,130,166179,13148982,AAPL,0,-200,-85.25377083746139
2024-10-21 12:26:43.555789284+00:00,2024-10-21 12:26:43.555789284+00:00,10,2,38,C,B,3,233.74,200,130,167002,13148983,AAPL,0,-2031,-312.8046206306293
2024-10-21 12:26:43.555989102+00:00,2024-10-21 12:26:43.555989102+00:00,10,2,38,C,A,1,233.93,100,130,165993,13148984,AAPL,0,1262,96.03328271069522
2024-10-21 12:26:43.556335122+00:00,2024-10-21 12:26:43.556335122+00:00,10,2,38,T,A,0,233.86,5,130,167136,13148985,AAPL,0,0,-43.71990826869805
2024-10-21 12:26:43.556335122+00:00,2024-10-21 12:26:43.556335122+00:00,10,2,38,C,B,0,233.86,5,130,167136,13148985,AAPL,-5,-5,-43.80114374185919
2024-10-21 12:26:43.556344203+00:00,2024-10-21 12:26:43.556344203+00:00,10,2,38,A,B,0,233.86,100,130,166433,13148986,AAPL,100,100,-42.095198805475256
2024-10-21 12:26:43.602920183+00:00,2024-10-21 12:26:43.602920183+00:00,10,2,38,A,B,3,233.74,200,130,166968,13149063,AAPL,0,2031,225.36480409323318
2024-10-21 12:26:43.632931005+00:00,2024-10-21 12:26:43.632931005+00:00,10,2,38,A,B,3,233.74,200,130,166359,13149078,AAPL,0,200,-2.186045699934712
2024-10-21 12:26:43.663764676+00:00,2024-10-21 12:26:43.663764676+00:00,10,2,38,C,A,1,233.94,23,130,166020,13149095,AAPL,0,1662,121.61279509172124
2024-10-21 12:26:43.813764689+00:00,2024-10-21 12:26:43.813764689+00:00,10,2,38,C,A,0,233.91,23,130,166130,13149215,AAPL,23,1767,178.94167235961766
2024-10-21 12:26:44.395140599+00:00,2024-10-21 12:26:44.395140599+00:00,10,2,38,A,A,1,233.97,7,130,166301,13149756,AAPL,0,1630,170.78995135223417
2024-10-21 12:26:47.316834945+00:00,2024-10-21 12:26:47.316834945+00:00,10,2,38,C,A,3,234.02,400,130,165924,13152409,AAPL,0,1606,168.49023009649744
2024-10-21 12:26:47.316847348+00:00,2024-10-21 12:26:47.316847348+00:00,10,2,38,A,A,3,234.04,400,130,166221,13152410,AAPL,0,1606,168.49023009649744
2024-10-21 12:26:47.371448271+00:00,2024-10-21 12:26:47.371448271+00:00,10,2,38,C,B,3,233.74,200,130,166019,13152673,AAPL,0,-200,-85.25377083746139
2024-10-21 12:26:47.371461367+00:00,2024-10-21 12:26:47.371461367+00:00,10,2,38,A,B,3,233.76,400,130,166312,13152674,AAPL,0,400,39.34781686882863
2024-10-21 12:26:53.381650546+00:00,2024-10-21 12:26:53.381650546+00:00,10,2,38,A,B,3,233.77,400,130,166815,13157627,AAPL,0,400,39.34781686882863
2024-10-21 12:26:54.545723322+00:00,2024-10-21 12:26:54.545723322+00:00,10,2,38,C,B,3,233.77,400,130,166002,13158660,AAPL,0,-2231,-354.3384831993926
2024-10-21 12:26:54.545735230+00:00,2024-10-21 12:26:54.545735230+00:00,10,2,38,A,B,3,233.76,400,130,166270,13158661,AAPL,0,2231,266.8986666619965
2024-10-21 12:27:04.677802802+00:00,2024-10-21 12:27:04.677802802+00:00,10,2,38,A,B,3,233.77,400,130,166200,13168438,AAPL,0,400,39.34781686882863
2024-10-21 12:27:04.858186427+00:00,2024-10-21 12:27:04.858186427+00:00,10,2,38,C,B,3,233.77,200,130,166183,13168809,AAPL,0,-200,-85.25377083746139
2024-10-21 12:27:08.140184917+00:00,2024-10-21 12:27:08.140184917+00:00,10,2,38,A,B,0,233.86,100,130,166500,13171896,AAPL,100,100,-42.095198805475256
2024-10-21 12:27:08.267237597+00:00,2024-10-21 12:27:08.267237597+00:00,10,2,38,A,A,2,233.99,200,130,166578,13172040,AAPL,0,217,-18.752795343739166
2024-10-21 12:27:08.903847050+00:00,2024-10-21 12:27:08.903847050+00:00,10,2,38,A,B,3,233.77,200,130,166278,13172666,AAPL,0,200,-2.186045699934712
2024-10-21 12:27:15.211023662+00:00,2024-10-21 12:27:15.211023662+00:00,10,2,38,C,A,1,233.97,7,130,166345,13177973,AAPL,0,1430,110.86721669810417
2024-10-21 12:27:16.357185731+00:00,2024-10-21 12:27:16.357185731+00:00,10,2,38,C,A,0,233.95,121,130,166245,13178747,AAPL,121,1607,109.95784107538967
2024-10-21 12:27:16.383880298+00:00,2024-10-21 12:27:16.383880298+00:00,10,2,38,T,N,0,233.87,50,0,168458,13178752,AAPL,0,0,-43.71990826869805
2024-10-21 12:27:16.383880298+00:00,2024-10-21 12:27:16.383880298+00:00,10,2,38,T,N,0,233.87,71,130,168458,13178753,AAPL,0,0,-43.71990826869805
2024-10-21 12:27:17.218233083+00:00,2024-10-21 12:27:17.218233083+00:00,10,2,38,A,A,0,233.98,7,130,166545,13179063,AAPL,7,1493,108.10567228731571
2024-10-21 12:27:21.555991612+00:00,2024-10-21 12:27:21.555991612+00:00,10,2,38,C,B,3,233.77,200,130,166159,13183172,AAPL,0,-200,-85.25377083746139
2024-10-21 12:27:21.556005910+00:00,2024-10-21 12:27:21.556005910+00:00,10,2,38,A,B,1,233.81,200,130,166749,13183173,AAPL,0,-1831,-299.1589402256429
2024-10-21 12:27:21.983129451+00:00,2024-10-21 12:27:21.983129451+00:00,10,2,38,C,B,1,233.81,200,130,165858,13183374,AAPL,0,-200,-57.36558867368446
2024-10-21 12:27:21.983142748+00:00,2024-10-21 12:27:21.983142748+00:00,10,2,38,A,B,3,233.77,400,130,166130,13183375,AAPL,0,2231,266.8986666619965
2024-10-21 12:27:22.988903196+00:00,2024-10-21 12:27:22.988903196+00:00,10,2,38,C,A,0,233.98,7,130,166160,13184098,AAPL,7,1493,108.10567228731571
2024-10-21 12:27:23.025707565+00:00,2024-10-21 12:27:23.025707565+00:00,10,2,38,C,B,3,233.77,400,130,166133,13184133,AAPL,0,-2231,-354.3384831993926
2024-10-21 12:27:23.025720316+00:00,2024-10-21 12:27:23.025720316+00:00,10,2,38,A,B,3,233.74,200,130,166148,13184134,AAPL,0,2031,225.36480409323318
2024-10-21 12:27:24.992239712+00:00,2024-10-21 12:27:24.992239712+00:00,10,2,38,A,A,0,233.99,7,130,733080,13186020,AAPL,7,7,-43.60617860627246
2024-10-21 12:27:25.038119028+00:00,2024-10-21 12:27:25.038119028+00:00,10,2,38,A,B,3,233.77,200,130,733315,13186052,AAPL,0,200,-2.186045699934712
2024-10-21 12:27:26.130738899+00:00,2024-10-21 12:27:26.130738899+00:00,10,2,38,A,B,3,233.77,200,130,733558,13186986,AAPL,0,200,-2.186045699934712
2024-10-21 12:27:28.578403729+00:00,2024-10-21 12:27:28.578403729+00:00,10,2,38,C,A,0,233.99,7,130,732981,13188280,AAPL,-7,-7,-43.83363793112365
2024-10-21 12:27:29.135563917+00:00,2024-10-21 12:27:29.135563917+00:00,10,2,38,C,A,0,233.99,200,130,733019,13188524,AAPL,200,1546,133.8422072847135
2024-10-21 12:27:29.135580379+00:00,2024-10-21 12:27:29.135580379+00:00,10,2,38,A,A,1,234.05,400,130,734256,13188525,AAPL,0,1729,156.7242663338169
2024-10-21 12:27:30.581609917+00:00,2024-10-21 12:27:30.581609917+00:00,10,2,38,A,A,6,234.41,7,130,733111,13189750,AAPL,0,7,-43.04774654990128
2024-10-21 12:27:37.149186319+00:00,2024-10-21 12:27:37.149186319+00:00,10,2,38,C,B,3,233.77,200,130,733073,13194254,AAPL,0,-200,-85.25377083746139
2024-10-21 12:27:37.149198552+00:00,2024-10-21 12:27:37.149198552+00:00,10,2,38,A,B,3,233.78,400,130,733270,13194255,AAPL,0,400,39.34781686882863
2024-10-21 12:27:37.281359883+00:00,2024-10-21 12:27:37.281359883+00:00,10,2,38,A,A,1,234.02,200,130,733298,13194447,AAPL,0,200,-30.074227863711645
2024-10-21 12:27:37.731121489+00:00,2024-10-21 12:27:37.731121489+00:00,10,2,38,A,B,3,233.79,400,130,733788,13195199,AAPL,0,400,39.34781686882863
2024-10-21 12:27:37.763839849+00:00,2024-10-21 12:27:37.763839849+00:00,10,2,38,C,B,3,233.79,200,130,733295,13195270,AAPL,0,-200,-85.25377083746139
2024-10-21 12:27:37.766952915+00:00,2024-10-21 12:27:37.766952915+00:00,10,2,38,A,A,1,234.02,200,130,733851,13195276,AAPL,0,200,-30.074227863711645
2024-10-21 12:27:39.525383410+00:00,2024-10-21 12:27:39.525383410+00:00,10,2,38,C,A,1,234.02,200,130,732941,13197083,AAPL,0,-200,-57.36558867368446
2024-10-21 12:27:39.525394818+00:00,2024-10-21 12:27:39.525394818+00:00,10,2,38,C,A,1,234.02,200,130,733091,13197084,AAPL,0,1536,143.75074764762724
2024-10-21 12:27:39.526899044+00:00,2024-10-21 12:27:39.526899044+00:00,10,2,38,C,A,5,234.41,7,130,732753,13197088,AAPL,0,-7,-44.73533274450155
2024-10-21 12:27:39.592903496+00:00,2024-10-21 12:27:39.592903496+00:00,10,2,38,A,B,1,233.84,100,130,732951,13197554,AAPL,0,2223,231.20344237533476
2024-10-21 12:27:39.593262886+00:00,2024-10-21 12:27:39.593262886+00:00,10,2,38,C,B,1,233.84,100,130,733736,13197558,AAPL,0,-2223,-318.6432589127309
2024-10-21 12:27:39.711750527+00:00,2024-10-21 12:27:39.711750527+00:00,10,2,38,A,A,1,234.02,400,130,733224,13197970,AAPL,0,1729,156.7242663338169
2024-10-21 12:27:40.731328339+00:00,2024-10-21 12:27:40.731328339+00:00,10,2,38,A,A,1,234.01,400,130,733476,13198996,AAPL,0,400,-16.428547458725237
2024-10-21 12:27:40.757807867+00:00,2024-10-21 12:27:40.757807867+00:00,10,2,38,C,A,1,234.01,400,130,733218,13199068,AAPL,0,1729,156.7242663338169
2024-10-21 12:27:40.757820402+00:00,2024-10-21 12:27:40.757820402+00:00,10,2,38,A,A,1,234.02,200,130,733187,13199069,AAPL,0,1529,143.0785859288305
2024-10-21 12:27:41.105981707+00:00,2024-10-21 12:27:41.105981707+00:00,10,2,38,C,A,1,234.02,200,130,733090,13199310,AAPL,0,1529,143.0785859288305
2024-10-21 12:27:41.175574942+00:00,2024-10-21 12:27:41.175574942+00:00,10,2,38,A,A,1,234.06,200,130,733313,13199399,AAPL,0,1529,143.0785859288305
2024-10-21 12:27:41.222814573+00:00,2024-10-21 12:27:41.222814573+00:00,10,2,38,A,A,1,234.06,200,130,733445,13199432,AAPL,0,200,-30.074227863711645
2024-10-21 12:27:41.319854032+00:00,2024-10-21 12:27:41.319854032+00:00,10,2,38,C,A,1,234.06,200,130,732966,13199474,AAPL,0,-200,-57.36558867368446
2024-10-21 12:27:41.319866876+00:00,2024-10-21 12:27:41.319866876+00:00,10,2,38,A,A,1,234.04,200,130,733731,13199475,AAPL,0,200,-30.074227863711645
2024-10-21 12:27:41.529517717+00:00,2024-10-21 12:27:41.529517717+00:00,10,2,38,A,A,6,234.38,7,130,733217,13199682,AAPL,0,675,6.479885263918557
2024-10-21 12:27:46.417280824+00:00,2024-10-21 12:27:46.417280824+00:00,10,2,38,C,B,3,233.79,200,130,733018,13203166,AAPL,0,-2031,-312.8046206306293
2024-10-21 12:27:46.417292639+00:00,2024-10-21 12:27:46.417292639+00:00,10,2,38,A,B,3,233.77,400,130,733363,13203167,AAPL,0,2231,266.8986666619965
2024-10-21 12:27:46.472297071+00:00,2024-10-21 12:27:46.472297071+00:00,10,2,38,A,A,1,234.03,200,130,733286,13203213,AAPL,0,200,-30.074227863711645
2024-10-21 12:27:47.208717142+00:00,2024-10-21 12:27:47.208717142+00:00,10,2,38,C,A,1,234.03,200,130,733125,13204087,AAPL,0,1476,128.55822733489086
2024-10-21 12:27:47.309406274+00:00,2024-10-21 12:27:47.309406274+00:00,10,2,38,A,A,1,234.03,200,130,733239,13204445,AAPL,0,1476,128.55822733489086
2024-10-21 12:27:47.985298442+00:00,2024-10-21 12:27:47.985298442+00:00,10,2,38,A,B,3,233.78,400,130,166959,13205236,AAPL,0,400,39.34781686882863
2024-10-21 12:27:50.060705561+00:00,2024-10-21 12:27:50.060705561+00:00,10,2,38,C,A,1,234.03,200,130,166373,13206376,AAPL,0,1476,128.55822733489086
2024-10-21 12:27:50.061424726+00:00,2024-10-21 12:27:50.061424726+00:00,10,2,38,A,B,0,233.87,4,130,166505,13206379,AAPL,4,2622,272.6740261691815
2024-10-21 12:27:50.061724093+00:00,2024-10-21 12:27:50.061724093+00:00,10,2,38,A,B,0,233.87,100,128,167269,13206382,AAPL,100,100,-42.095198805475256
2024-10-21 12:27:50.062117451+00:00,2024-10-21 12:27:50.062117451+00:00,10,2,38,C,B,0,233.87,100,130,165945,13206387,AAPL,-100,-100,-45.34461773192085
2024-10-21 12:27:50.063092822+00:00,2024-10-21 12:27:50.063092822+00:00,10,2,38,C,A,5,234.38,7,130,166015,13206393,AAPL,0,735,22.015668333661676
2024-10-21 12:27:50.065517946+00:00,2024-10-21 12:27:50.065517946+00:00,10,2,38,C,B,0,233.87,4,130,166029,13206394,AAPL,-4,-2622,-360.11384270657766
2024-10-21 12:27:50.072608485+00:00,2024-10-21 12:27:50.072608485+00:00,10,2,38,T,N,0,233.92,250,0,168702,13206395,AAPL,0,0,-43.71990826869805
2024-10-21 12:27:50.072608485+00:00,2024-10-21 12:27:50.072608485+00:00,10,2,38,T,N,0,233.87,73,130,168702,13206396,AAPL,0,0,-43.71990826869805
2024-10-21 12:27:50.167395987+00:00,2024-10-21 12:27:50.167395987+00:00,10,2,38,A,A,1,234.06,200,130,166588,13206479,AAPL,0,1529,143.0785859288305
2024-10-21 12:27:51.736205355+00:00,2024-10-21 12:27:51.736205355+00:00,10,2,38,A,A,1,234.06,200,130,166355,13207413,AAPL,0,200,-30.074227863711645
2024-10-21 12:27:51.790801843+00:00,2024-10-21 12:27:51.790801843+00:00,10,2,38,C,A,1,234.06,200,130,166141,13207602,AAPL,0,-200,-57.36558867368446
2024-10-21 12:27:51.790814229+00:00,2024-10-21 12:27:51.790814229+00:00,10,2,38,A,A,1,234.05,200,130,166632,13207603,AAPL,0,200,-30.074227863711645
2024-10-21 12:27:52.065555514+00:00,2024-10-21 12:27:52.065555514+00:00,10,2,38,A,A,6,234.41,7,130,166585,13207879,AAPL,0,7,-43.04774654990128
2024-10-21 12:27:52.393140055+00:00,2024-10-21 12:27:52.393140055+00:00,10,2,38,A,B,0,233.91,100,130,166108,13208151,AAPL,100,2718,274.2337472538754
2024-10-21 12:27:52.393807534+00:00,2024-10-21 12:27:52.393807534+00:00,10,2,38,C,B,0,233.91,100,130,166629,13208153,AAPL,-100,-2718,-361.67356379127153
2024-10-21 12:27:53.196914522+00:00,2024-10-21 12:27:53.196914522+00:00,10,2,38,A,B,1,233.81,200,130,166849,13208530,AAPL,0,-2031,-340.6928027944062
2024-10-21 12:27:55.777360755+00:00,2024-10-21 12:27:55.777360755+00:00,10,2,38,A,B,1,233.82,200,130,166250,13210010,AAPL,0,2138,219.49626712412314
2024-10-21 12:27:57.069644133+00:00,2024-10-21 12:27:57.069644133+00:00,10,2,38,C,A,6,234.41,7,130,166120,13211098,AAPL,0,-7,-44.39206998749483
2024-10-21 12:27:59.074932933+00:00,2024-10-21 12:27:59.074932933+00:00,10,2,38,A,A,2,234.08,7,130,166102,13212016,AAPL,0,1276,93.27442548957298
2024-10-21 12:28:13.140488443+00:00,2024-10-21 12:28:13.140488443+00:00,10,2,38,C,A,2,234.08,7,130,166312,13223358,AAPL,0,1276,93.27442548957298
2024-10-21 12:28:13.787619066+00:00,2024-10-21 12:28:13.787619066+00:00,10,2,38,C,B,0,233.86,100,130,166691,13223694,AAPL,-100,-100,-45.34461773192085
2024-10-21 12:28:15.143399309+00:00,2024-10-21 12:28:15.143399309+00:00,10,2,38,A,A,2,234.07,7,130,166409,13224881,AAPL,0,1276,93.27442548957298
2024-10-21 12:28:15.998512488+00:00,2024-10-21 12:28:15.998512488+00:00,10,2,38,A,A,1,234.05,200,130,166344,13225383,AAPL,0,200,-30.074227863711645
2024-10-21 12:28:16.004484708+00:00,2024-10-21 12:28:16.004484708+00:00,10,2,38,C,A,1,234.05,200,130,166516,13225389,AAPL,0,-200,-57.36558867368446
2024-10-21 12:28:16.009375121+00:00,2024-10-21 12:28:16.009375121+00:00,10,2,38,A,A,1,234.05,200,130,166384,13225390,AAPL,0,200,-30.074227863711645
2024-10-21 12:28:18.439793678+00:00,2024-10-21 12:28:18.439793678+00:00,10,2,38,C,B,1,233.82,200,130,166479,13226392,AAPL,0,-2138,-306.93608366151926
2024-10-21 12:28:18.439806868+00:00,2024-10-21 12:28:18.439806868+00:00,10,2,38,A,B,3,233.77,400,130,166480,13226393,AAPL,0,2231,266.8986666619965
2024-10-21 12:28:18.595532956+00:00,2024-10-21 12:28:18.595532956+00:00,10,2,38,A,B,3,233.78,400,130,166651,13226507,AAPL,0,400,39.34781686882863
2024-10-21 12:28:21.754579574+00:00,2024-10-21 12:28:21.754579574+00:00,10,2,38,C,A,1,234.05,200,130,166466,13230028,AAPL,0,-200,-57.36558867368446
2024-10-21 12:28:21.754589712+00:00,2024-10-21 12:28:21.754589712+00:00,10,2,38,C,A,1,234.05,200,130,165997,13230029,AAPL,0,1476,106.92010589455938
2024-10-21 12:28:21.754600821+00:00,2024-10-21 12:28:21.754600821+00:00,10,2,38,A,A,1,234.07,400,130,166350,13230030,AAPL,0,400,-16.428547458725237
2024-10-21 12:28:21.805245495+00:00,2024-10-21 12:28:21.805245495+00:00,10,2,38,A,B,3,233.79,400,130,166642,13230137,AAPL,0,400,39.34781686882863
2024-10-21 12:28:21.865225042+00:00,2024-10-21 12:28:21.865225042+00:00,10,2,38,C,B,3,233.79,200,130,166175,13230295,AAPL,0,-200,-85.25377083746139
2024-10-21 12:28:32.979122877+00:00,2024-10-21 12:28:32.979122877+00:00,10,2,38,A,B,2,233.8,200,130,166374,13238520,AAPL,0,-1831,-291.36788602401526
2024-10-21 12:28:35.114709429+00:00,2024-10-21 12:28:35.114709429+00:00,10,2,38,C,B,2,233.8,200,130,166066,13241058,AAPL,0,-200,-65.15664287531204
2024-10-21 12:28:35.114721686+00:00,2024-10-21 12:28:35.114721686+00:00,10,2,38,A,B,3,233.78,200,130,166475,13241059,AAPL,0,2031,225.36480409323318
2024-10-21 12:28:35.212998331+00:00,2024-10-21 12:28:35.212998331+00:00,10,2,38,A,A,1,234.06,400,130,166600,13241339,AAPL,0,1676,120.56578629954579
2024-10-21 12:28:35.345053997+00:00,2024-10-21 12:28:35.345053997+00:00,10,2,38,A,B,3,233.78,200,130,166084,13241459,AAPL,0,200,-2.186045699934712
2024-10-21 12:28:42.162092040+00:00,2024-10-21 12:28:42.162092040+00:00,10,2,38,C,B,3,233.78,200,130,166538,13247773,AAPL,0,-200,-85.25377083746139
2024-10-21 12:28:42.162105350+00:00,2024-10-21 12:28:42.162105350+00:00,10,2,38,A,B,1,233.82,200,130,166486,13247774,AAPL,0,307,-8.054582669044752
2024-10-21 12:28:45.429284120+00:00,2024-10-21 12:28:45.429284120+00:00,10,2,38,C,B,1,233.82,200,130,166204,13250330,AAPL,0,-2138,-306.93608366151926
2024-10-21 12:28:45.429297045+00:00,2024-10-21 12:28:45.429297045+00:00,10,2,38,A,B,3,233.78,400,130,166243,13250331,AAPL,0,2231,266.8986666619965
2024-10-21 12:28:48.483119828+00:00,2024-10-21 12:28:48.483119828+00:00,10,2,38,A,B,1,233.82,200,130,167036,13252635,AAPL,0,307,-8.054582669044752
2024-10-21 12:28:55.560815833+00:00,2024-10-21 12:28:55.560815833+00:00,10,2,38,T,A,0,233.86,10,0,168920,13258219,AAPL,0,0,-43.71990826869805
2024-10-21 12:28:55.560817191+00:00,2024-10-21 12:28:55.560817191+00:00,10,2,38,A,N,0,233.9,100,130,167562,13258220,AAPL,90,1720,132.37178071342984
2024-10-21 12:28:55.560841422+00:00,2024-10-21 12:28:55.560841422+00:00,10,2,38,A,A,0,233.9,100,130,166233,13258221,AAPL,100,100,-42.095198805475256
2024-10-21 12:28:55.560892756+00:00,2024-10-21 12:28:55.560892756+00:00,10,2,38,C,B,1,233.82,200,130,166017,13258225,AAPL,0,-2138,-306.93608366151926
2024-10-21 12:28:55.561120579+00:00,2024-10-21 12:28:55.561120579+00:00,10,2,38,C,A,0,233.9,100,130,165553,13258227,AAPL,-100,-100,-45.34461773192085
2024-10-21 12:28:55.561195478+00:00,2024-10-21 12:28:55.561195478+00:00,10,2,38,C,A,0,233.9,100,130,165812,13258228,AAPL,100,1730,132.53425165975213
2024-10-21 12:28:55.562160475+00:00,2024-10-21 12:28:55.562160475+00:00,10,2,38,C,A,2,234.07,7,130,165965,13258230,AAPL,0,1276,93.27442548957298
2024-10-21 12:28:55.639691686+00:00,2024-10-21 12:28:55.639691686+00:00,10,2,38,A,B,3,233.72,400,130,166710,13258325,AAPL,0,2231,266.8986666619965
2024-10-21 12:28:55.964429174+00:00,2024-10-21 12:28:55.964429174+00:00,10,2,38,A,B,3,233.75,200,130,166925,13258541,AAPL,0,200,-2.186045699934712
2024-10-21 12:28:56.442607241+00:00,2024-10-21 12:28:56.442607241+00:00,10,2,38,A,A,1,234.05,400,130,166434,13258927,AAPL,0,400,-16.428547458725237
2024-10-21 12:28:57.565348157+00:00,2024-10-21 12:28:57.565348157+00:00,10,2,38,A,A,2,234.07,7,130,166515,13259953,AAPL,0,1276,93.27442548957298
2024-10-21 12:28:57.830839869+00:00,2024-10-21 12:28:57.830839869+00:00,10,2,38,A,A,1,234.01,200,130,166082,13260122,AAPL,0,200,-30.074227863711645
2024-10-21 12:28:57.890894861+00:00,2024-10-21 12:28:57.890894861+00:00,10,2,38,A,A,0,234.0,200,130,166688,13260139,AAPL,200,1676,110.169524821005
2024-10-21 12:28:58.005959828+00:00,2024-10-21 12:28:58.005959828+00:00,10,2,38,A,A,0,233.99,200,130,166595,13260238,AAPL,200,1493,97.68372725044243
2024-10-21 12:28:58.694439582+00:00,2024-10-21 12:28:58.694439582+00:00,10,2,38,A,B,1,233.81,200,130,166567,13260587,AAPL,0,-1831,-299.1589402256429
2024-10-21 12:29:01.022123658+00:00,2024-10-21 12:29:01.022123658+00:00,10,2,38,C,B,1,233.81,200,130,166604,13262995,AAPL,0,-200,-57.36558867368446
2024-10-21 12:29:01.022136915+00:00,2024-10-21 12:29:01.022136915+00:00,10,2,38,A,B,3,233.76,400,130,166237,13262996,AAPL,0,2231,266.8986666619965
2024-10-21 12:29:01.158380499+00:00,2024-10-21 12:29:01.158380499+00:00,10,2,38,T,A,0,233.86,85,0,168747,13263131,AAPL,0,0,-43.71990826869805
2024-10-21 12:29:01.158380499+00:00,2024-10-21 12:29:01.158380499+00:00,10,2,38,T,A,0,233.86,100,130,168747,13263132,AAPL,-85,-85,-45.10091131243743
2024-10-21 12:29:01.158380499+00:00,2024-10-21 12:29:01.158380499+00:00,10,2,38,C,B,0,233.86,100,130,168747,13263132,AAPL,-100,-2438,-367.35393513513765
2024-10-21 12:29:01.158396024+00:00,2024-10-21 12:29:01.158396024+00:00,10,2,38,A,B,0,233.86,100,128,171824,13263141,AAPL,100,2438,279.91411859774155
2024-10-21 12:29:01.158404180+00:00,2024-10-21 12:29:01.158404180+00:00,10,2,38,A,A,0,233.92,100,130,167186,13263148,AAPL,100,1530,103.96870245864889
2024-10-21 12:29:01.158408745+00:00,2024-10-21 12:29:01.158408745+00:00,10,2,38,A,A,1,233.96,100,128,168064,13263151,AAPL,0,1055,65.73032202525486
2024-10-21 12:29:01.158418184+00:00,2024-10-21 12:29:01.158418184+00:00,10,2,38,A,A,0,233.92,100,128,167400,13263156,AAPL,100,100,-42.095198805475256
2024-10-21 12:29:01.158419809+00:00,2024-10-21 12:29:01.158419809+00:00,10,2,38,A,A,2,233.96,100,130,167056,13263158,AAPL,0,100,-33.00154096539105
2024-10-21 12:29:01.158423515+00:00,2024-10-21 12:29:01.158423515+00:00,10,2,38,A,A,1,233.93,26,130,166549,13263160,AAPL,0,26,-41.94596981604982
2024-10-21 12:29:01.158424717+00:00,2024-10-21 12:29:01.158424717+00:00,10,2,38,T,A,0,233.86,100,0,167631,13263161,AAPL,0,0,-43.71990826869805
2024-10-21 12:29:01.158424717+00:00,2024-10-21 12:29:01.158424717+00:00,10,2,38,T,N,0,233.86,150,130,167631,13263162,AAPL,-100,-2438,-367.35393513513765
2024-10-21 12:29:01.158426997+00:00,2024-10-21 12:29:01.158426997+00:00,10,2,38,T,N,0,233.86,50,0,167197,13263163,AAPL,0,0,-43.71990826869805
2024-10-21 12:29:01.158427442+00:00,2024-10-21 12:29:01.158427442+00:00,10,2,38,C,A,1,233.93,130,130,166752,13263164,AAPL,0,-130,-52.58960053193922
2024-10-21 12:29:01.158431288+00:00,2024-10-21 12:29:01.158431288+00:00,10,2,38,A,A,2,233.96,100,130,167269,13263165,AAPL,0,100,-33.00154096539105
2024-10-21 12:29:01.158434916+00:00,2024-10-21 12:29:01.158434916+00:00,10,2,38,A,B,0,233.86,100,130,166334,13263166,AAPL,100,2438,279.91411859774155
2024-10-21 12:29:01.158437825+00:00,2024-10-21 12:29:01.158437825+00:00,10,2,38,A,A,3,233.97,26,130,166026,13263167,AAPL,0,751,35.086787908060515
2024-10-21 12:29:01.158453404+00:00,2024-10-21 12:29:01.158453404+00:00,10,2,38,C,B,3,233.76,400,130,168639,13263171,AAPL,0,-2231,-354.3384831993926
2024-10-21 12:29:01.158458726+00:00,2024-10-21 12:29:01.158458726+00:00,10,2,38,C,A,0,233.92,100,128,167357,13263172,AAPL,-100,-100,-45.34461773192085
2024-10-21 12:29:01.158475713+00:00,2024-10-21 12:29:01.158475713+00:00,10,2,38,C,A,0,233.92,100,128,167060,13263180,AAPL,100,1177,70.64053773385255
2024-10-21 12:29:01.158485485+00:00,2024-10-21 12:29:01.158485485+00:00,10,2,38,A,A,0,233.91,26,130,166299,13263183,AAPL,26,1103,69.43825273106768
2024-10-21 12:29:01.158498852+00:00,2024-10-21 12:29:01.158498852+00:00,10,2,38,T,A,0,233.86,50,128,167389,13263184,AAPL,0,0,-43.71990826869805
2024-10-21 12:29:01.158498852+00:00,2024-10-21 12:29:01.158498852+00:00,10,2,38,C,B,0,233.86,50,128,167389,13263184,AAPL,-50,-50,-44.53226300030945
2024-10-21 12:29:01.158508412+00:00,2024-10-21 12:29:01.158508412+00:00,10,2,38,A,B,0,233.86,100,130,166452,13263188,AAPL,100,100,-42.095198805475256
2024-10-21 12:29:01.158520941+00:00,2024-10-21 12:29:01.158520941+00:00,10,2,38,T,A,0,233.86,50,0,167560,13263189,AAPL,0,0,-43.71990826869805
2024-10-21 12:29:01.158520941+00:00,2024-10-21 12:29:01.158520941+00:00,10,2,38,T,A,0,233.86,50,130,167560,13263190,AAPL,-50,-50,-44.53226300030945
2024-10-21 12:29:01.158520941+00:00,2024-10-21 12:29:01.158520941+00:00,10,2,38,C,B,0,233.86,50,130,167560,13263190,AAPL,-50,-50,-44.53226300030945
2024-10-21 12:29:01.158530490+00:00,2024-10-21 12:29:01.158530490+00:00,10,2,38,C,A,2,233.96,100,130,166206,13263192,AAPL,0,-100,-54.438275572005054
2024-10-21 12:29:01.158531815+00:00,2024-10-21 12:29:01.158531815+00:00,10,2,38,C,B,0,233.96,100,130,166569,13263194,AAPL,100,0,-52.813566108782254
2024-10-21 12:29:01.158554739+00:00,2024-10-21 12:29:01.158554739+00:00,10,2,38,T,A,0,233.86,50,128,169185,13263197,AAPL,0,0,-43.71990826869805
2024-10-21 12:29:01.158554739+00:00,2024-10-21 12:29:01.158554739+00:00,10,2,38,C,B,0,233.86,50,128,169185,13263197,AAPL,-50,-50,-44.53226300030945
2024-10-21 12:29:01.158835732+00:00,2024-10-21 12:29:01.158835732+00:00,10,2,38,C,A,2,233.96,100,130,166944,13263231,AAPL,0,851,45.80515521136751
2024-10-21 12:29:01.260812083+00:00,2024-10-21 12:29:01.260812083+00:00,10,2,38,C,A,2,233.97,26,130,165881,13263664,AAPL,0,851,48.9290379575665
2024-10-21 12:29:01.260820985+00:00,2024-10-21 12:29:01.260820985+00:00,10,2,38,C,A,0,233.91,26,130,165875,13263665,AAPL,26,1377,75.48883788265026
2024-10-21 12:29:01.260872777+00:00,2024-10-21 12:29:01.260872777+00:00,10,2,38,A,B,3,233.74,200,130,166355,13263667,AAPL,0,2031,225.36480409323318
2024-10-21 12:29:01.411037140+00:00,2024-10-21 12:29:01.411037140+00:00,10,2,38,C,A,0,233.93,26,130,165712,13264096,AAPL,26,1456,102.766417455864
2024-10-21 12:29:01.477138444+00:00,2024-10-21 12:29:01.477138444+00:00,10,2,38,T,A,0,233.86,50,130,167554,13264991,AAPL,0,0,-43.71990826869805
2024-10-21 12:29:01.477138444+00:00,2024-10-21 12:29:01.477138444+00:00,10,2,38,C,B,0,233.86,50,130,167554,13264991,AAPL,-50,-50,-44.53226300030945
2024-10-21 12:29:01.477149422+00:00,2024-10-21 12:29:01.477149422+00:00,10,2,38,A,B,0,233.86,100,130,166245,13264992,AAPL,100,100,-42.095198805475256
2024-10-21 12:29:01.477199123+00:00,2024-10-21 12:29:01.477199123+00:00,10,2,38,C,B,3,233.74,200,130,165985,13264994,AAPL,0,-2031,-312.8046206306293
2024-10-21 12:29:01.541027344+00:00,2024-10-21 12:29:01.541027344+00:00,10,2,38,A,B,4,233.66,400,130,166372,13265322,AAPL,0,400,12.482205772214147
2024-10-21 12:29:01.544694740+00:00,2024-10-21 12:29:01.544694740+00:00,10,2,38,A,A,0,233.99,200,130,166504,13265329,AAPL,200,200,-40.470489342252456
2024-10-21 12:29:01.602571884+00:00,2024-10-21 12:29:01.602571884+00:00,10,2,38,C,A,0,233.99,200,130,165853,13265457,AAPL,-200,-200,-46.96932719514365
2024-10-21 12:29:01.602608635+00:00,2024-10-21 12:29:01.602608635+00:00,10,2,38,A,A,0,233.94,400,130,166445,13265458,AAPL,400,400,-37.22107041580687
2024-10-21 12:29:01.646117074+00:00,2024-10-21 12:29:01.646117074+00:00,10,2,38,C,A,0,233.94,400,130,166440,13265552,AAPL,400,1693,100.933146176888
2024-10-21 12:29:01.646130641+00:00,2024-10-21 12:29:01.646130641+00:00,10,2,38,A,A,0,233.95,200,130,166352,13265553,AAPL,200,1493,97.68372725044243
2024-10-21 12:29:01.700637009+00:00,2024-10-21 12:29:01.700637009+00:00,10,2,38,A,B,3,233.71,200,130,166396,13265636,AAPL,0,2031,225.36480409323318
2024-10-21 12:29:01.702431410+00:00,2024-10-21 12:29:01.702431410+00:00,10,2,38,C,A,0,233.95,200,130,166148,13265638,AAPL,200,1493,97.68372725044243
2024-10-21 12:29:01.702443831+00:00,2024-10-21 12:29:01.702443831+00:00,10,2,38,A,A,0,233.99,200,130,167004,13265639,AAPL,200,1493,97.68372725044243
2024-10-21 12:29:01.828859341+00:00,2024-10-21 12:29:01.828859341+00:00,10,2,38,A,B,3,233.71,200,130,166354,13265781,AAPL,0,200,-2.186045699934712
2024-10-21 12:29:01.883788028+00:00,2024-10-21 12:29:01.883788028+00:00,10,2,38,C,B,3,233.71,200,130,166077,13265824,AAPL,0,-200,-85.25377083746139
2024-10-21 12:29:01.883801296+00:00,2024-10-21 12:29:01.883801296+00:00,10,2,38,A,B,3,233.76,400,130,166322,13265825,AAPL,0,400,39.34781686882863
2024-10-21 12:29:04.074375510+00:00,2024-10-21 12:29:04.074375510+00:00,10,2,38,A,B,1,233.81,200,130,166522,13268362,AAPL,0,-2031,-340.6928027944062
2024-10-21 12:29:04.429500359+00:00,2024-10-21 12:29:04.429500359+00:00,10,2,38,T,A,0,233.86,3,130,167335,13268523,AAPL,0,0,-43.71990826869805
2024-10-21 12:29:04.429500359+00:00,2024-10-21 12:29:04.429500359+00:00,10,2,38,C,B,0,233.86,3,130,167335,13268523,AAPL,-3,-3,-43.76864955259474
2024-10-21 12:29:04.493551721+00:00,2024-10-21 12:29:04.493551721+00:00,10,2,38,C,B,1,233.81,200,130,166104,13268610,AAPL,0,-200,-57.36558867368446
2024-10-21 12:29:04.493564498+00:00,2024-10-21 12:29:04.493564498+00:00,10,2,38,A,B,3,233.78,200,130,166455,13268611,AAPL,0,2031,225.36480409323318
2024-10-21 12:29:04.660423222+00:00,2024-10-21 12:29:04.660423222+00:00,10,2,38,C,B,3,233.78,200,130,165981,13268807,AAPL,0,-2031,-312.8046206306293
2024-10-21 12:29:04.660436269+00:00,2024-10-21 12:29:04.660436269+00:00,10,2,38,A,B,4,233.66,400,130,166460,13268808,AAPL,0,400,12.482205772214147
2024-10-21 12:29:04.679139876+00:00,2024-10-21 12:29:04.679139876+00:00,10,2,38,A,A,0,233.99,200,130,166367,13268819,AAPL,200,200,-40.470489342252456
2024-10-21 12:29:04.736790546+00:00,2024-10-21 12:29:04.736790546+00:00,10,2,38,C,A,0,233.99,200,130,165906,13268859,AAPL,-200,-200,-46.96932719514365
2024-10-21 12:29:04.736803679+00:00,2024-10-21 12:29:04.736803679+00:00,10,2,38,A,A,0,233.94,200,130,166184,13268860,AAPL,200,200,-40.470489342252456
2024-10-21 12:29:04.942410445+00:00,2024-10-21 12:29:04.942410445+00:00,10,2,38,C,A,0,233.94,200,130,166148,13269072,AAPL,200,1493,97.68372725044243
2024-10-21 12:29:04.942423141+00:00,2024-10-21 12:29:04.942423141+00:00,10,2,38,A,A,0,233.99,200,130,166276,13269073,AAPL,200,1493,97.68372725044243
2024-10-21 12:29:04.996963888+00:00,2024-10-21 12:29:04.996963888+00:00,10,2,38,A,B,3,233.76,400,130,166925,13269127,AAPL,0,2231,266.8986666619965
2024-10-21 12:29:07.476155585+00:00,2024-10-21 12:29:07.476155585+00:00,10,2,38,T,A,0,233.86,30,130,167683,13271447,AAPL,0,0,-43.71990826869805
2024-10-21 12:29:07.476155585+00:00,2024-10-21 12:29:07.476155585+00:00,10,2,38,C,B,0,233.86,30,130,167683,13271447,AAPL,-30,-30,-44.20732110766489
2024-10-21 12:29:07.543812287+00:00,2024-10-21 12:29:07.543812287+00:00,10,2,38,C,B,3,233.76,400,130,166244,13271500,AAPL,0,-2231,-354.3384831993926
2024-10-21 12:29:07.572921012+00:00,2024-10-21 12:29:07.572921012+00:00,10,2,38,C,A,2,234.07,7,130,166444,13271562,AAPL,0,1276,93.27442548957298
2024-10-21 12:29:07.582875842+00:00,2024-10-21 12:29:07.582875842+00:00,10,2,38,A,B,3,233.74,200,130,166431,13271567,AAPL,0,2031,225.36480409323318
2024-10-21 12:29:07.714932040+00:00,2024-10-21 12:29:07.714932040+00:00,10,2,38,A,B,3,233.76,200,130,167020,13271618,AAPL,0,200,-2.186045699934712
2024-10-21 12:29:08.288226889+00:00,2024-10-21 12:29:08.288226889+00:00,10,2,38,A,B,3,233.77,200,130,166256,13272141,AAPL,0,200,-2.186045699934712
2024-10-21 12:29:08.936973408+00:00,2024-10-21 12:29:08.936973408+00:00,10,2,38,C,A,0,233.99,200,130,166054,13272432,AAPL,200,1546,133.8422072847135
2024-10-21 12:29:08.936985355+00:00,2024-10-21 12:29:08.936985355+00:00,10,2,38,A,A,1,234.01,200,130,166267,13272433,AAPL,0,1529,143.0785859288305
2024-10-21 12:29:08.991905949+00:00,2024-10-21 12:29:08.991905949+00:00,10,2,38,A,B,3,233.78,200,130,166398,13272483,AAPL,0,200,-2.186045699934712
2024-10-21 12:29:09.054055599+00:00,2024-10-21 12:29:09.054055599+00:00,10,2,38,A,A,0,234.0,200,130,166561,13272549,AAPL,200,1729,146.32800485527608
2024-10-21 12:29:09.096609749+00:00,2024-10-21 12:29:09.096609749+00:00,10,2,38,T,A,0,233.86,17,0,170439,13272571,AAPL,0,0,-43.71990826869805
2024-10-21 12:29:09.096609749+00:00,2024-10-21 12:29:09.096609749+00:00,10,2,38,T,A,0,233.86,100,0,170439,13272572,AAPL,-17,-17,-43.99610887744593
2024-10-21 12:29:09.096609749+00:00,2024-10-21 12:29:09.096609749+00:00,10,2,38,T,N,0,233.86,683,130,170439,13272573,AAPL,-100,-2238,-325.8200725663743
2024-10-21 12:29:09.096622742+00:00,2024-10-21 12:29:09.096622742+00:00,10,2,38,A,B,0,233.86,100,130,168706,13272574,AAPL,100,2238,238.38025602897818
2024-10-21 12:29:09.096634813+00:00,2024-10-21 12:29:09.096634813+00:00,10,2,38,A,A,0,233.92,100,130,168594,13272575,AAPL,100,1646,145.86317822647712
2024-10-21 12:29:09.096639241+00:00,2024-10-21 12:29:09.096639241+00:00,10,2,38,A,A,1,233.93,135,130,167055,13272576,AAPL,0,1621,124.99383109988352
2024-10-21 12:29:09.096640225+00:00,2024-10-21 12:29:09.096640225+00:00,10,2,38,A,A,2,233.97,100,130,167830,13272577,AAPL,0,1523,141.20511314938597
2024-10-21 12:29:09.096649377+00:00,2024-10-21 12:29:09.096649377+00:00,10,2,38,A,A,2,233.97,100,130,166280,13272579,AAPL,0,200,-22.28317366208405
2024-10-21 12:29:09.096651465+00:00,2024-10-21 12:29:09.096651465+00:00,10,2,38,C,A,1,233.93,135,130,165942,13272580,AAPL,0,1858,171.8526820293658
2024-10-21 12:29:09.096659107+00:00,2024-10-21 12:29:09.096659107+00:00,10,2,38,A,A,1,233.93,27,130,166293,13272581,AAPL,0,1750,164.48401461067317
2024-10-21 12:29:09.096672869+00:00,2024-10-21 12:29:09.096672869+00:00,10,2,38,A,A,3,233.98,27,130,166249,13272582,AAPL,0,1345,83.43854336286716
2024-10-21 12:29:09.096683301+00:00,2024-10-21 12:29:09.096683301+00:00,10,2,38,C,A,0,233.92,100,130,165821,13272583,AAPL,100,1772,119.06052159068413
2024-10-21 12:29:09.096693428+00:00,2024-10-21 12:29:09.096693428+00:00,10,2,38,C,B,3,233.78,200,130,165955,13272584,AAPL,0,-2031,-312.8046206306293
2024-10-21 12:29:09.096705312+00:00,2024-10-21 12:29:09.096705312+00:00,10,2,38,C,A,1,233.97,100,130,167237,13272586,AAPL,0,-100,-50.54274847119126
2024-10-21 12:29:09.096706998+00:00,2024-10-21 12:29:09.096706998+00:00,10,2,38,C,A,1,233.97,100,130,166529,13272587,AAPL,0,-100,-50.54274847119126
2024-10-21 12:29:09.097036830+00:00,2024-10-21 12:29:09.097036830+00:00,10,2,38,C,A,1,233.97,100,130,165989,13272589,AAPL,0,1550,140.2035452204651
2024-10-21 12:29:09.197808423+00:00,2024-10-21 12:29:09.197808423+00:00,10,2,38,C,A,1,233.98,27,130,165865,13272635,AAPL,0,1513,117.62516368119087
2024-10-21 12:29:09.197865189+00:00,2024-10-21 12:29:09.197865189+00:00,10,2,38,A,B,3,233.77,200,130,166189,13272636,AAPL,0,2031,225.36480409323318
2024-10-21 12:29:09.349517861+00:00,2024-10-21 12:29:09.349517861+00:00,10,2,38,C,A,0,233.93,27,130,165917,13272742,AAPL,27,1573,144.6771403183245
2024-10-21 12:29:09.575899057+00:00,2024-10-21 12:29:09.575899057+00:00,10,2,38,A,A,0,233.97,7,130,166571,13272947,AAPL,7,1553,144.35219842567992
2024-10-21 12:29:11.490444580+00:00,2024-10-21 12:29:11.490444580+00:00,10,2,38,A,B,3,233.78,200,130,166335,13273947,AAPL,0,200,-2.186045699934712
2024-10-21 12:29:12.051081325+00:00,2024-10-21 12:29:12.051081325+00:00,10,2,38,C,A,1,234.0,200,130,166189,13274358,AAPL,0,-200,-57.36558867368446
2024-10-21 12:29:12.051094374+00:00,2024-10-21 12:29:12.051094374+00:00,10,2,38,A,A,2,234.02,200,130,166234,13274359,AAPL,0,1469,113.9608743849555
2024-10-21 12:29:12.054384594+00:00,2024-10-21 12:29:12.054384594+00:00,10,2,38,C,A,2,234.02,200,130,166220,13274363,AAPL,0,1469,113.9608743849555
2024-10-21 12:29:12.054397299+00:00,2024-10-21 12:29:12.054397299+00:00,10,2,38,A,A,2,234.06,200,130,166271,13274364,AAPL,0,1469,113.9608743849555
2024-10-21 12:29:12.061278295+00:00,2024-10-21 12:29:12.061278295+00:00,10,2,38,A,A,2,234.06,200,130,167043,13274376,AAPL,0,200,-22.28317366208405
2024-10-21 12:29:12.188742107+00:00,2024-10-21 12:29:12.188742107+00:00,10,2,38,A,B,3,233.78,200,130,166115,13274537,AAPL,0,200,-2.186045699934712
2024-10-21 12:29:14.061139742+00:00,2024-10-21 12:29:14.061139742+00:00,10,2,38,C,A,0,233.97,7,130,166490,13276931,AAPL,7,1693,136.67122148841895
2024-10-21 12:29:16.067040933+00:00,2024-10-21 12:29:16.067040933+00:00,10,2,38,A,A,2,234.07,7,130,166578,13278868,AAPL,0,1276,93.27442548957298
2024-10-21 12:29:26.242855402+00:00,2024-10-21 12:29:26.242855402+00:00,10,2,38,C,B,3,233.78,200,130,166442,13287675,AAPL,0,-200,-85.25377083746139
2024-10-21 12:29:26.242868183+00:00,2024-10-21 12:29:26.242868183+00:00,10,2,38,A,B,3,233.79,400,130,166519,13287676,AAPL,0,400,39.34781686882863
2024-10-21 12:29:26.365233464+00:00,2024-10-21 12:29:26.365233464+00:00,10,2,38,C,B,3,233.79,200,130,166889,13287960,AAPL,0,-200,-85.25377083746139
2024-10-21 12:29:49.448744098+00:00,2024-10-21 12:29:49.448744098+00:00,10,2,38,T,N,0,233.87,500,0,170389,13303883,AAPL,0,0,-43.71990826869805
2024-10-21 12:29:49.448744098+00:00,2024-10-21 12:29:49.448744098+00:00,10,2,38,T,N,0,233.87,50,0,170389,13303884,AAPL,0,0,-43.71990826869805
2024-10-21 12:29:49.448744098+00:00,2024-10-21 12:29:49.448744098+00:00,10,2,38,T,N,0,233.87,100,130,170389,13303885,AAPL,0,0,-43.71990826869805
2024-10-21 12:29:49.450300162+00:00,2024-10-21 12:29:49.450300162+00:00,10,2,38,T,A,0,233.86,100,130,167347,13303886,AAPL,0,0,-43.71990826869805
2024-10-21 12:29:49.450300162+00:00,2024-10-21 12:29:49.450300162+00:00,10,2,38,C,B,0,233.86,100,130,167347,13303886,AAPL,-100,-2238,-325.8200725663743
2024-10-21 12:29:49.450311621+00:00,2024-10-21 12:29:49.450311621+00:00,10,2,38,A,B,0,233.86,100,130,167114,13303887,AAPL,100,2238,238.38025602897818
2024-10-21 12:29:49.450314673+00:00,2024-10-21 12:29:49.450314673+00:00,10,2,38,T,A,0,233.86,100,0,168031,13303888,AAPL,0,0,-43.71990826869805
2024-10-21 12:29:49.450314673+00:00,2024-10-21 12:29:49.450314673+00:00,10,2,38,T,N,0,233.86,17,130,168031,13303889,AAPL,-100,-2238,-325.8200725663743
2024-10-21 12:29:49.450321900+00:00,2024-10-21 12:29:49.450321900+00:00,10,2,38,A,A,0,233.92,100,130,166187,13303890,AAPL,100,1730,132.53425165975213
2024-10-21 12:29:49.450325841+00:00,2024-10-21 12:29:49.450325841+00:00,10,2,38,A,A,1,233.93,54,130,168756,13303892,AAPL,0,1179,76.35500341511498
2024-10-21 12:29:49.450334304+00:00,2024-10-21 12:29:49.450334304+00:00,10,2,38,A,A,2,233.97,100,130,166369,13303894,AAPL,0,200,-22.28317366208405
2024-10-21 12:29:49.450337787+00:00,2024-10-21 12:29:49.450337787+00:00,10,2,38,A,A,1,233.93,19,130,165889,13303895,AAPL,0,19,-42.423568630224345
2024-10-21 12:29:49.450341436+00:00,2024-10-21 12:29:49.450341436+00:00,10,2,38,C,A,1,233.93,54,130,166287,13303896,AAPL,0,-54,-47.40424197804438
2024-10-21 12:29:49.450344611+00:00,2024-10-21 12:29:49.450344611+00:00,10,2,38,C,A,0,233.92,100,130,165796,13303897,AAPL,100,1444,97.02845341407917
2024-10-21 12:29:49.450349606+00:00,2024-10-21 12:29:49.450349606+00:00,10,2,38,A,A,2,233.98,19,130,166476,13303898,AAPL,0,1044,63.98879219008998
2024-10-21 12:29:49.450351627+00:00,2024-10-21 12:29:49.450351627+00:00,10,2,38,C,A,1,233.97,100,130,165718,13303899,AAPL,0,-100,-50.54274847119126
2024-10-21 12:29:49.450355047+00:00,2024-10-21 12:29:49.450355047+00:00,10,2,38,C,A,1,233.97,100,130,165959,13303900,AAPL,0,-100,-50.54274847119126
2024-10-21 12:29:49.450394230+00:00,2024-10-21 12:29:49.450394230+00:00,10,2,38,C,B,2,233.79,200,130,166397,13303902,AAPL,0,-2141,-403.8235099339342
2024-10-21 12:29:49.450652186+00:00,2024-10-21 12:29:49.450652186+00:00,10,2,38,C,A,1,233.97,100,130,166004,13303903,AAPL,0,1144,70.81163239258319
2024-10-21 12:29:49.452270874+00:00,2024-10-21 12:29:49.452270874+00:00,10,2,38,C,A,4,234.07,7,130,166576,13303906,AAPL,0,1108,48.325362044605214
2024-10-21 12:29:49.553764632+00:00,2024-10-21 12:29:49.553764632+00:00,10,2,38,C,A,1,233.98,19,130,165887,13304055,AAPL,0,1642,171.60869217653334
2024-10-21 12:29:49.553823391+00:00,2024-10-21 12:29:49.553823391+00:00,10,2,38,A,B,2,233.79,200,130,166136,13304056,AAPL,0,2141,316.38369339653815
2024-10-21 12:29:49.703766083+00:00,2024-10-21 12:29:49.703766083+00:00,10,2,38,C,A,0,233.93,19,130,166376,13304148,AAPL,19,1705,136.8661866240057
2024-10-21 12:29:50.524022649+00:00,2024-10-21 12:29:50.524022649+00:00,10,2,38,C,B,2,233.79,200,130,166186,13304862,AAPL,0,-2141,-403.8235099339342
2024-10-21 12:29:50.524034831+00:00,2024-10-21 12:29:50.524034831+00:00,10,2,38,A,B,2,233.78,200,130,166766,13304863,AAPL,0,2141,316.38369339653815
2024-10-21 12:29:51.461550015+00:00,2024-10-21 12:29:51.461550015+00:00,10,2,38,A,A,0,233.97,7,130,166487,13307787,AAPL,7,1693,136.67122148841895
2024-10-21 12:29:54.581050838+00:00,2024-10-21 12:29:54.581050838+00:00,10,2,38,C,A,2,234.06,200,130,166214,13309491,AAPL,0,-200,-65.15664287531204
2024-10-21 12:29:54.581064740+00:00,2024-10-21 12:29:54.581064740+00:00,10,2,38,A,A,2,234.02,400,130,166777,13309492,AAPL,0,400,-0.84643905547005
2024-10-21 12:29:54.639369336+00:00,2024-10-21 12:29:54.639369336+00:00,10,2,38,A,A,1,233.98,200,130,166848,13309521,AAPL,0,217,-28.252105422149455
2024-10-21 12:29:55.410313755+00:00,2024-10-21 12:29:55.410313755+00:00,10,2,38,A,A,0,233.96,200,130,166700,13310140,AAPL,200,207,-39.992890528077936
2024-10-21 12:30:01.594370016+00:00,2024-10-21 12:30:01.594370016+00:00,10,2,38,C,B,2,233.78,200,130,166013,13329349,AAPL,0,-2141,-403.8235099339342
2024-10-21 12:30:01.675073949+00:00,2024-10-21 12:30:01.675073949+00:00,10,2,38,A,B,2,233.77,200,130,167019,13329475,AAPL,0,2141,316.38369339653815
2024-10-21 12:30:01.702282387+00:00,2024-10-21 12:30:01.702282387+00:00,10,2,38,C,B,2,233.77,200,130,166344,13329489,AAPL,0,-2141,-403.8235099339342
2024-10-21 12:30:01.702295886+00:00,2024-10-21 12:30:01.702295886+00:00,10,2,38,A,B,2,233.73,400,130,166523,13329490,AAPL,0,2341,337.82042800315213
2024-10-21 12:30:01.702628858+00:00,2024-10-21 12:30:01.702628858+00:00,10,2,38,A,A,0,233.96,200,130,166436,13329491,AAPL,200,200,-40.470489342252456
2024-10-21 12:30:09.716255586+00:00,2024-10-21 12:30:09.716255586+00:00,10,2,38,A,B,2,233.77,200,130,166687,13350054,AAPL,0,200,-22.28317366208405
2024-10-21 12:30:10.321520576+00:00,2024-10-21 12:30:10.321520576+00:00,10,2,38,A,B,2,233.78,200,130,166299,13350463,AAPL,0,200,-22.28317366208405
2024-10-21 12:30:10.800024827+00:00,2024-10-21 12:30:10.800024827+00:00,10,2,38,A,A,0,233.88,2,130,166090,13351078,AAPL,2,1632,117.02702398778442
2024-10-21 12:30:10.800051476+00:00,2024-10-21 12:30:10.800051476+00:00,10,2,38,C,B,2,233.78,200,130,167032,13351080,AAPL,0,-2141,-403.8235099339342
2024-10-21 12:30:10.801218083+00:00,2024-10-21 12:30:10.801218083+00:00,10,2,38,T,A,0,233.81,1,0,169194,13351086,AAPL,0,0,-43.71990826869805
2024-10-21 12:30:10.801218083+00:00,2024-10-21 12:30:10.801218083+00:00,10,2,38,T,A,0,233.81,1,130,169194,13351087,AAPL,-1,-1,-43.736155363330276
2024-10-21 12:30:10.801218083+00:00,2024-10-21 12:30:10.801218083+00:00,10,2,38,C,B,0,233.81,1,130,169194,13351087,AAPL,-1,-2057,-272.9864993063847
2024-10-21 12:30:10.801242022+00:00,2024-10-21 12:30:10.801242022+00:00,10,2,38,A,A,0,233.86,100,130,166144,13351089,AAPL,100,1627,95.81873556603539
2024-10-21 12:30:10.801249125+00:00,2024-10-21 12:30:10.801249125+00:00,10,2,38,A,A,0,233.85,14,130,166261,13351090,AAPL,14,1141,94.98634544386275
2024-10-21 12:30:10.801255194+00:00,2024-10-21 12:30:10.801255194+00:00,10,2,38,A,A,1,233.86,100,130,166299,13351091,AAPL,0,100,-36.897068066204845
2024-10-21 12:30:10.801256016+00:00,2024-10-21 12:30:10.801256016+00:00,10,2,38,A,A,2,233.87,21,130,167590,13351092,AAPL,0,948,59.96426318680703
2024-10-21 12:30:10.801285169+00:00,2024-10-21 12:30:10.801285169+00:00,10,2,38,C,A,1,233.86,100,130,167837,13351093,AAPL,0,-100,-50.54274847119126
2024-10-21 12:30:10.801293865+00:00,2024-10-21 12:30:10.801293865+00:00,10,2,38,C,A,1,233.86,100,130,165939,13351094,AAPL,0,1048,66.78710338930024
2024-10-21 12:30:10.801518640+00:00,2024-10-21 12:30:10.801518640+00:00,10,2,38,A,A,3,233.89,100,130,166280,13351095,AAPL,0,1025,78.06499871180658
2024-10-21 12:30:10.801839030+00:00,2024-10-21 12:30:10.801839030+00:00,10,2,38,A,A,0,233.83,4,130,166162,13351096,AAPL,4,1065,66.15807635533525
2024-10-21 12:30:10.801849830+00:00,2024-10-21 12:30:10.801849830+00:00,10,2,38,T,A,0,233.8,5,0,168677,13351097,AAPL,0,0,-43.71990826869805
2024-10-21 12:30:10.801849830+00:00,2024-10-21 12:30:10.801849830+00:00,10,2,38,T,A,0,233.8,100,130,168677,13351098,AAPL,-5,-5,-43.80114374185919
2024-10-21 12:30:10.801849830+00:00,2024-10-21 12:30:10.801849830+00:00,10,2,38,C,B,0,233.8,100,130,168677,13351098,AAPL,-100,-2161,-264.9570364846757
2024-10-21 12:30:10.801875239+00:00,2024-10-21 12:30:10.801875239+00:00,10,2,38,A,A,0,233.82,100,130,166825,13351100,AAPL,200,865,26.727982702399096
2024-10-21 12:30:10.801885691+00:00,2024-10-21 12:30:10.801885691+00:00,10,2,38,A,A,0,233.82,100,130,166135,13351101,AAPL,100,100,-42.095198805475256
2024-10-21 12:30:10.801887002+00:00,2024-10-21 12:30:10.801887002+00:00,10,2,38,A,A,0,233.82,100,130,169339,13351102,AAPL,100,100,-42.095198805475256
2024-10-21 12:30:10.801896921+00:00,2024-10-21 12:30:10.801896921+00:00,10,2,38,C,A,0,233.82,100,130,166035,13351103,AAPL,-100,-100,-45.34461773192085
2024-10-21 12:30:10.801910649+00:00,2024-10-21 12:30:10.801910649+00:00,10,2,38,C,A,5,233.89,100,130,166047,13351104,AAPL,0,624,17.063012605466096
2024-10-21 12:30:10.801912958+00:00,2024-10-21 12:30:10.801912958+00:00,10,2,38,C,A,0,233.82,100,130,165928,13351105,AAPL,-100,-100,-45.34461773192085
2024-10-21 12:30:10.801948090+00:00,2024-10-21 12:30:10.801948090+00:00,10,2,38,C,A,0,233.82,100,130,165921,13351106,AAPL,-100,-100,-45.34461773192085
2024-10-21 12:30:10.802147907+00:00,2024-10-21 12:30:10.802147907+00:00,10,2,38,C,A,0,233.82,100,130,165996,13351107,AAPL,100,1065,56.46142671255735
2024-10-21 12:30:10.802168655+00:00,2024-10-21 12:30:10.802168655+00:00,10,2,38,C,A,1,233.85,14,130,166752,13351108,AAPL,0,962,60.91946081515607
2024-10-21 12:30:10.803071076+00:00,2024-10-21 12:30:10.803071076+00:00,10,2,38,C,A,4,233.97,7,130,166287,13351112,AAPL,0,625,4.653953432925536
2024-10-21 12:30:10.804124159+00:00,2024-10-21 12:30:10.804124159+00:00,10,2,38,C,A,2,233.88,2,130,166491,13351118,AAPL,0,1520,133.01250737922086
2024-10-21 12:30:10.805929875+00:00,2024-10-21 12:30:10.805929875+00:00,10,2,38,C,A,0,233.83,4,130,166092,13351123,AAPL,4,1648,133.32413731159613
2024-10-21 12:30:10.872155138+00:00,2024-10-21 12:30:10.872155138+00:00,10,2,38,A,B,2,233.62,200,130,166738,13351674,AAPL,0,1060,115.3479789877193
2024-10-21 12:30:10.897934717+00:00,2024-10-21 12:30:10.897934717+00:00,10,2,38,A,B,2,233.62,200,130,166368,13351708,AAPL,0,200,-22.28317366208405
2024-10-21 12:30:10.903766597+00:00,2024-10-21 12:30:10.903766597+00:00,10,2,38,C,A,0,233.87,21,130,166231,13351712,AAPL,21,1707,121.9788120171533
2024-10-21 12:30:10.925970633+00:00,2024-10-21 12:30:10.925970633+00:00,10,2,38,A,A,0,233.91,400,130,172746,13351770,AAPL,400,400,-37.22107041580687
2024-10-21 12:30:11.987463739+00:00,2024-10-21 12:30:11.987463739+00:00,10,2,38,C,B,2,233.62,200,130,166291,13353675,AAPL,0,-200,-65.15664287531204
2024-10-21 12:30:11.987474545+00:00,2024-10-21 12:30:11.987474545+00:00,10,2,38,C,B,2,233.62,200,130,166283,13353676,AAPL,0,-1060,-202.78779552511543
2024-10-21 12:30:11.987486150+00:00,2024-10-21 12:30:11.987486150+00:00,10,2,38,A,B,2,233.6,200,130,166553,13353677,AAPL,0,1060,115.3479789877193
2024-10-21 12:30:12.806183466+00:00,2024-10-21 12:30:12.806183466+00:00,10,2,38,A,A,1,233.97,7,130,166377,13354393,AAPL,0,1293,94.82386103407822
2024-10-21 12:30:13.320141102+00:00,2024-10-21 12:30:13.320141102+00:00,10,2,38,A,B,2,233.61,200,130,166679,13354988,AAPL,0,200,-22.28317366208405
2024-10-21 12:30:13.926860673+00:00,2024-10-21 12:30:13.926860673+00:00,10,2,38,A,B,1,233.68,200,130,166538,13356286,AAPL,0,201,-29.96704419067857
2024-10-21 12:30:33.768570061+00:00,2024-10-21 12:30:33.768570061+00:00,10,2,38,C,B,1,233.68,200,130,166367,13375759,AAPL,0,-1061,-195.1039249965209
2024-10-21 12:30:33.768615671+00:00,2024-10-21 12:30:33.768615671+00:00,10,2,38,A,A,0,233.86,2,130,167635,13375763,AAPL,2,1632,117.02702398778442
2024-10-21 12:30:33.772724890+00:00,2024-10-21 12:30:33.772724890+00:00,10,2,38,C,A,0,233.86,2,130,166149,13375767,AAPL,2,1632,117.02702398778442
2024-10-21 12:30:33.841886930+00:00,2024-10-21 12:30:33.841886930+00:00,10,2,38,A,B,3,233.53,400,130,166495,13375851,AAPL,0,400,39.34781686882863
2024-10-21 12:30:33.993763813+00:00,2024-10-21 12:30:33.993763813+00:00,10,2,38,A,B,3,233.57,200,130,166967,13375889,AAPL,0,555,30.572103963741217
2024-10-21 12:30:34.613890939+00:00,2024-10-21 12:30:34.613890939+00:00,10,2,38,A,B,3,233.57,200,130,166455,13376208,AAPL,0,200,-2.186045699934712
2024-10-21 12:30:34.668094071+00:00,2024-10-21 12:30:34.668094071+00:00,10,2,38,C,B,3,233.57,200,130,166132,13376228,AAPL,0,-200,-85.25377083746139
2024-10-21 12:30:34.668106643+00:00,2024-10-21 12:30:34.668106643+00:00,10,2,38,A,B,2,233.61,200,130,166456,13376229,AAPL,0,705,82.58982932404338
2024-10-21 12:30:35.853859462+00:00,2024-10-21 12:30:35.853859462+00:00,10,2,38,C,A,1,233.97,7,130,166306,13377241,AAPL,0,1293,94.82386103407822
2024-10-21 12:30:36.897088633+00:00,2024-10-21 12:30:36.897088633+00:00,10,2,38,A,B,2,233.63,200,130,166325,13378495,AAPL,0,200,-22.28317366208405
2024-10-21 12:30:37.857289497+00:00,2024-10-21 12:30:37.857289497+00:00,10,2,38,A,A,0,233.91,7,130,166349,13379698,AAPL,7,7,-43.60617860627246
2024-10-21 12:30:37.932904919+00:00,2024-10-21 12:30:37.932904919+00:00,10,2,38,C,A,0,233.91,400,130,166298,13379830,AAPL,-400,-400,-50.218746121589234
2024-10-21 12:30:37.932917819+00:00,2024-10-21 12:30:37.932917819+00:00,10,2,38,A,A,1,233.93,200,130,166409,13379831,AAPL,0,1486,107.9919426248901
2024-10-21 12:30:40.401633392+00:00,2024-10-21 12:30:40.401633392+00:00,10,2,38,A,B,2,233.64,200,130,166398,13382028,AAPL,0,200,-22.28317366208405
2024-10-21 12:30:40.472627145+00:00,2024-10-21 12:30:40.472627145+00:00,10,2,38,A,A,1,233.93,200,130,166420,13382215,AAPL,0,200,-30.074227863711645
2024-10-21 12:30:40.523757097+00:00,2024-10-21 12:30:40.523757097+00:00,10,2,38,C,A,1,233.93,200,130,165993,13382285,AAPL,0,-200,-57.36558867368446
2024-10-21 12:30:40.523770024+00:00,2024-10-21 12:30:40.523770024+00:00,10,2,38,A,A,0,233.87,200,130,166542,13382286,AAPL,200,207,-39.992890528077936
2024-10-21 12:30:40.959299618+00:00,2024-10-21 12:30:40.959299618+00:00,10,2,38,C,A,0,233.87,200,130,166031,13382848,AAPL,200,1493,98.0732799605238
2024-10-21 12:30:40.959311816+00:00,2024-10-21 12:30:40.959311816+00:00,10,2,38,A,A,1,234.0,200,130,166350,13382849,AAPL,0,200,-30.074227863711645
2024-10-21 12:30:40.959659070+00:00,2024-10-21 12:30:40.959659070+00:00,10,2,38,A,A,1,234.0,200,130,166153,13382851,AAPL,0,200,-30.074227863711645
2024-10-21 12:30:41.011299851+00:00,2024-10-21 12:30:41.011299851+00:00,10,2,38,C,A,1,234.0,200,130,166770,13382912,AAPL,0,-200,-57.36558867368446
2024-10-21 12:30:41.011312427+00:00,2024-10-21 12:30:41.011312427+00:00,10,2,38,A,A,1,233.93,400,130,166302,13382913,AAPL,0,1686,121.63762302987651
2024-10-21 12:30:42.852800519+00:00,2024-10-21 12:30:42.852800519+00:00,10,2,38,A,B,2,233.65,200,130,166468,13385315,AAPL,0,200,-22.28317366208405
2024-10-21 12:30:42.911106065+00:00,2024-10-21 12:30:42.911106065+00:00,10,2,38,C,B,2,233.65,200,130,166071,13385545,AAPL,0,-1060,-202.78779552511543
2024-10-21 12:30:42.911118704+00:00,2024-10-21 12:30:42.911118704+00:00,10,2,38,A,B,2,233.63,200,130,166647,13385546,AAPL,0,1060,115.3479789877193
2024-10-21 12:30:43.077759194+00:00,2024-10-21 12:30:43.077759194+00:00,10,2,38,A,A,0,233.81,100,130,167409,13386086,AAPL,100,1730,133.92866076794098
2024-10-21 12:30:43.077845659+00:00,2024-10-21 12:30:43.077845659+00:00,10,2,38,A,A,0,233.79,2,130,166116,13386087,AAPL,2,1627,140.40376013614383
2024-10-21 12:30:43.077853974+00:00,2024-10-21 12:30:43.077853974+00:00,10,2,38,A,A,2,233.82,27,130,166154,13386088,AAPL,0,1052,64.22017483992138
2024-10-21 12:30:43.077880864+00:00,2024-10-21 12:30:43.077880864+00:00,10,2,38,C,B,2,233.63,200,130,165943,13386089,AAPL,0,-1060,-202.78779552511543
2024-10-21 12:30:43.078169970+00:00,2024-10-21 12:30:43.078169970+00:00,10,2,38,C,A,1,233.81,100,130,165962,13386090,AAPL,0,1152,71.04301504241458
2024-10-21 12:30:43.081947674+00:00,2024-10-21 12:30:43.081947674+00:00,10,2,38,C,A,1,233.82,27,130,166005,13386104,AAPL,0,1552,135.39059259905937
2024-10-21 12:30:43.081952786+00:00,2024-10-21 12:30:43.081952786+00:00,10,2,38,C,A,0,233.79,2,130,165852,13386105,AAPL,2,1632,132.3364454939826
2024-10-21 12:30:43.145229452+00:00,2024-10-21 12:30:43.145229452+00:00,10,2,38,A,B,2,233.6,400,130,166300,13386208,AAPL,0,1260,136.7847135943333
2024-10-21 12:30:51.064507066+00:00,2024-10-21 12:30:51.064507066+00:00,10,2,38,A,A,0,233.9,200,130,167199,13392451,AAPL,200,207,-39.992890528077936
2024-10-21 12:30:51.126612912+00:00,2024-10-21 12:30:51.126612912+00:00,10,2,38,C,A,1,233.91,7,130,192642,13392493,AAPL,0,1293,94.82386103407822
2024-10-21 12:30:53.132658845+00:00,2024-10-21 12:30:53.132658845+00:00,10,2,38,A,A,0,233.89,7,130,166265,13394395,AAPL,7,1493,108.10567228731571
2024-10-21 12:30:53.158946223+00:00,2024-10-21 12:30:53.158946223+00:00,10,2,38,C,A,1,233.9,200,130,166343,13394422,AAPL,0,1486,107.9919426248901
2024-10-21 12:30:53.158960124+00:00,2024-10-21 12:30:53.158960124+00:00,10,2,38,A,A,1,233.94,400,130,166532,13394423,AAPL,0,1686,121.63762302987651
2024-10-21 12:30:54.724993656+00:00,2024-10-21 12:30:54.724993656+00:00,10,2,38,A,B,2,233.61,400,130,166878,13395667,AAPL,0,400,-0.84643905547005
2024-10-21 12:30:57.249970057+00:00,2024-10-21 12:30:57.249970057+00:00,10,2,38,A,A,1,233.91,200,130,166542,13398703,AAPL,0,200,-30.074227863711645
2024-10-21 12:30:59.735648884+00:00,2024-10-21 12:30:59.735648884+00:00,10,2,38,A,A,1,233.9,200,130,166800,13401350,AAPL,0,200,-30.074227863711645
2024-10-21 12:31:00.041878233+00:00,2024-10-21 12:31:00.041878233+00:00,10,2,38,A,A,0,233.88,200,130,166589,13402076,AAPL,200,207,-39.992890528077936
2024-10-21 12:31:00.098753103+00:00,2024-10-21 12:31:00.098753103+00:00,10,2,38,C,A,1,233.89,7,130,166124,13402444,AAPL,0,1293,94.82386103407822
2024-10-21 12:31:00.156687698+00:00,2024-10-21 12:31:00.156687698+00:00,10,2,38,C,A,0,233.88,200,130,166125,13402657,AAPL,200,1546,133.8422072847135
2024-10-21 12:31:00.156700602+00:00,2024-10-21 12:31:00.156700602+00:00,10,2,38,A,A,0,233.9,200,130,166133,13402658,AAPL,200,1546,133.8422072847135
2024-10-21 12:31:00.172626181+00:00,2024-10-21 12:31:00.172626181+00:00,10,2,38,C,A,0,233.9,200,130,166008,13402690,AAPL,200,1546,133.8422072847135
2024-10-21 12:31:00.172638682+00:00,2024-10-21 12:31:00.172638682+00:00,10,2,38,A,A,0,233.94,400,130,166434,13402691,AAPL,400,1746,137.0916262111591
2024-10-21 12:31:00.400232797+00:00,2024-10-21 12:31:00.400232797+00:00,10,2,38,A,A,0,233.92,200,130,166320,13403529,AAPL,200,200,-40.470489342252456
2024-10-21 12:31:00.880934995+00:00,2024-10-21 12:31:00.880934995+00:00,10,2,38,C,A,0,233.92,200,130,166507,13404357,AAPL,200,1546,133.8422072847135
2024-10-21 12:31:00.880948262+00:00,2024-10-21 12:31:00.880948262+00:00,10,2,38,A,A,0,233.94,400,130,166188,13404358,AAPL,400,1746,137.0916262111591
2024-10-21 12:31:01.118555295+00:00,2024-10-21 12:31:01.118555295+00:00,10,2,38,A,A,0,233.93,200,130,166384,13404633,AAPL,200,200,-40.470489342252456
2024-10-21 12:31:01.146597464+00:00,2024-10-21 12:31:01.146597464+00:00,10,2,38,A,A,0,233.9,200,130,166452,13404693,AAPL,200,200,-40.470489342252456
2024-10-21 12:31:01.698782682+00:00,2024-10-21 12:31:01.698782682+00:00,10,2,38,A,B,0,233.76,10,130,167253,13405476,AAPL,10,2361,214.74983869601118
2024-10-21 12:31:02.104600327+00:00,2024-10-21 12:31:02.104600327+00:00,10,2,38,A,A,0,233.89,7,130,166420,13405925,AAPL,7,1493,108.10567228731571
2024-10-21 12:31:02.286559844+00:00,2024-10-21 12:31:02.286559844+00:00,10,2,38,C,A,1,233.9,200,130,166280,13406135,AAPL,0,1486,107.9919426248901
2024-10-21 12:31:02.286572345+00:00,2024-10-21 12:31:02.286572345+00:00,10,2,38,A,A,1,233.92,200,130,166271,13406136,AAPL,0,1486,107.9919426248901
2024-10-21 12:31:02.297066314+00:00,2024-10-21 12:31:02.297066314+00:00,10,2,38,C,A,1,233.92,200,130,165779,13406143,AAPL,0,1486,107.9919426248901
2024-10-21 12:31:02.297079450+00:00,2024-10-21 12:31:02.297079450+00:00,10,2,38,A,A,1,233.94,400,130,166408,13406144,AAPL,0,1686,121.63762302987651
2024-10-21 12:31:02.320854035+00:00,2024-10-21 12:31:02.320854035+00:00,10,2,38,A,B,3,233.65,200,130,166709,13406162,AAPL,0,200,-2.186045699934712
2024-10-21 12:31:03.261814629+00:00,2024-10-21 12:31:03.261814629+00:00,10,2,38,A,B,3,233.65,200,130,327284,13406966,AAPL,0,200,-2.186045699934712
2024-10-21 12:31:03.312554281+00:00,2024-10-21 12:31:03.312554281+00:00,10,2,38,A,B,2,233.68,200,130,2215188,13407030,AAPL,0,201,-22.075504349240234
2024-10-21 12:31:05.971386477+00:00,2024-10-21 12:31:05.971386477+00:00,10,2,38,A,A,1,233.93,400,130,166297,13409309,AAPL,0,400,-16.428547458725237
2024-10-21 12:31:10.467431005+00:00,2024-10-21 12:31:10.467431005+00:00,10,2,38,A,A,0,233.81,55,130,166149,13412654,AAPL,55,1685,133.19754150949072
2024-10-21 12:31:10.467497398+00:00,2024-10-21 12:31:10.467497398+00:00,10,2,38,T,A,0,233.76,10,130,167281,13412655,AAPL,0,0,-43.71990826869805
2024-10-21 12:31:10.467497398+00:00,2024-10-21 12:31:10.467497398+00:00,10,2,38,C,B,0,233.76,10,130,167281,13412655,AAPL,-10,-2161,-240.6591503423054
2024-10-21 12:31:10.467519660+00:00,2024-10-21 12:31:10.467519660+00:00,10,2,38,A,A,0,233.8,100,130,166889,13412656,AAPL,100,1680,138.92569731898027
2024-10-21 12:31:10.467521772+00:00,2024-10-21 12:31:10.467521772+00:00,10,2,38,A,A,0,233.79,7,130,166887,13412657,AAPL,7,1187,74.15788754976613
2024-10-21 12:31:10.467536010+00:00,2024-10-21 12:31:10.467536010+00:00,10,2,38,A,A,1,233.8,77,130,166761,13412661,AAPL,0,77,-38.466321312778284
2024-10-21 12:31:10.467551632+00:00,2024-10-21 12:31:10.467551632+00:00,10,2,38,C,A,1,233.8,100,130,168800,13412662,AAPL,0,-100,-50.54274847119126
2024-10-21 12:31:10.467575929+00:00,2024-10-21 12:31:10.467575929+00:00,10,2,38,C,B,1,233.68,200,130,166742,13412663,AAPL,0,-1061,-195.1039249965209
2024-10-21 12:31:10.471173647+00:00,2024-10-21 12:31:10.471173647+00:00,10,2,38,C,A,3,233.89,7,130,166281,13412675,AAPL,0,1025,61.32621566802849
2024-10-21 12:31:10.471527171+00:00,2024-10-21 12:31:10.471527171+00:00,10,2,38,C,A,2,233.81,55,130,165908,13412676,AAPL,0,1573,138.69324204997352
2024-10-21 12:31:10.525425470+00:00,2024-10-21 12:31:10.525425470+00:00,10,2,38,A,B,1,233.67,200,130,167250,13412733,AAPL,0,1061,107.66410845912479
2024-10-21 12:31:10.538626301+00:00,2024-10-21 12:31:10.538626301+00:00,10,2,38,C,B,1,233.67,200,130,166443,13412756,AAPL,0,-1061,-195.1039249965209
2024-10-21 12:31:10.538638966+00:00,2024-10-21 12:31:10.538638966+00:00,10,2,38,A,B,2,233.64,400,130,166698,13412757,AAPL,0,1260,136.7847135943333
2024-10-21 12:31:10.567605274+00:00,2024-10-21 12:31:10.567605274+00:00,10,2,38,C,A,0,233.79,7,130,166217,13412834,AAPL,7,1707,137.19366910888903
2024-10-21 12:31:10.567631078+00:00,2024-10-21 12:31:10.567631078+00:00,10,2,38,C,A,0,233.8,77,130,165960,13412835,AAPL,77,1763,122.88864931655804
2024-10-21 12:31:12.174575957+00:00,2024-10-21 12:31:12.174575957+00:00,10,2,38,A,B,2,233.65,400,130,166438,13414627,AAPL,0,400,-0.84643905547005
2024-10-21 12:31:12.184589806+00:00,2024-10-21 12:31:12.184589806+00:00,10,2,38,A,B,1,233.66,400,130,166247,13414673,AAPL,0,-860,-196.9331693217566
2024-10-21 12:31:12.475429772+00:00,2024-10-21 12:31:12.475429772+00:00,10,2,38,A,A,0,233.89,7,130,166697,13415225,AAPL,7,1693,121.75135269230208
2024-10-21 12:31:12.508130141+00:00,2024-10-21 12:31:12.508130141+00:00,10,2,38,C,B,1,233.66,400,130,166053,13415248,AAPL,0,-400,-71.01126907867086
2024-10-21 12:31:12.508143118+00:00,2024-10-21 12:31:12.508143118+00:00,10,2,38,A,B,2,233.6,400,130,166465,13415249,AAPL,0,1260,136.7847135943333
2024-10-21 12:31:12.564024144+00:00,2024-10-21 12:31:12.564024144+00:00,10,2,38,A,B,2,233.63,200,130,166364,13415268,AAPL,0,200,-22.28317366208405
2024-10-21 12:31:13.593602346+00:00,2024-10-21 12:31:13.593602346+00:00,10,2,38,A,B,1,233.66,200,130,166548,13415924,AAPL,0,-860,-189.142115120129
2024-10-21 12:31:15.015468720+00:00,2024-10-21 12:31:15.015468720+00:00,10,2,38,C,B,1,233.66,200,130,166648,13416688,AAPL,0,-200,-57.36558867368446
2024-10-21 12:31:15.015480988+00:00,2024-10-21 12:31:15.015480988+00:00,10,2,38,A,B,2,233.63,200,130,166844,13416689,AAPL,0,1060,115.3479789877193
2024-10-21 12:31:16.945691674+00:00,2024-10-21 12:31:16.945691674+00:00,10,2,38,A,A,0,233.86,10,130,166380,13419085,AAPL,10,1640,132.46642225104048
2024-10-21 12:31:18.603058995+00:00,2024-10-21 12:31:18.603058995+00:00,10,2,38,C,A,2,233.93,400,130,166174,13420831,AAPL,0,1623,131.82635249054368
2024-10-21 12:31:18.603071495+00:00,2024-10-21 12:31:18.603071495+00:00,10,2,38,A,A,2,233.95,400,130,166256,13420832,AAPL,0,1623,131.82635249054368
2024-10-21 12:31:18.660460803+00:00,2024-10-21 12:31:18.660460803+00:00,10,2,38,A,B,2,233.64,200,130,166884,13421076,AAPL,0,200,-22.28317366208405
2024-10-21 12:31:18.669906311+00:00,2024-10-21 12:31:18.669906311+00:00,10,2,38,C,B,2,233.64,200,130,165959,13421139,AAPL,0,-1060,-202.78779552511543
2024-10-21 12:31:18.669917997+00:00,2024-10-21 12:31:18.669917997+00:00,10,2,38,A,B,2,233.61,400,130,166480,13421140,AAPL,0,1260,136.7847135943333
2024-10-21 12:31:19.089550857+00:00,2024-10-21 12:31:19.089550857+00:00,10,2,38,A,A,0,233.86,10,130,166517,13421861,AAPL,10,10,-43.55743732237577
2024-10-21 12:31:20.603309467+00:00,2024-10-21 12:31:20.603309467+00:00,10,2,38,C,A,1,233.89,7,130,166321,13423385,AAPL,0,1630,132.30395130471817
2024-10-21 12:31:22.606580635+00:00,2024-10-21 12:31:22.606580635+00:00,10,2,38,A,A,2,233.97,7,130,166505,13425539,AAPL,0,1230,89.70316898854716
2024-10-21 12:31:27.506013569+00:00,2024-10-21 12:31:27.506013569+00:00,10,2,38,A,A,1,233.9,200,130,166743,13430294,AAPL,0,200,-30.074227863711645
2024-10-21 12:31:31.003647553+00:00,2024-10-21 12:31:31.003647553+00:00,10,2,38,A,A,0,233.77,5,130,166316,13433591,AAPL,5,1350,74.06663820580853
2024-10-21 12:31:31.007751363+00:00,2024-10-21 12:31:31.007751363+00:00,10,2,38,C,A,0,233.77,5,130,165887,13433594,AAPL,5,1350,74.06663820580853
2024-10-21 12:31:33.219286515+00:00,2024-10-21 12:31:33.219286515+00:00,10,2,38,C,A,1,233.9,200,130,166093,13435891,AAPL,0,1430,103.34884939353356
2024-10-21 12:31:33.219299014+00:00,2024-10-21 12:31:33.219299014+00:00,10,2,38,A,A,1,233.93,200,130,166316,13435892,AAPL,0,1430,103.34884939353356
2024-10-21 12:31:33.219384692+00:00,2024-10-21 12:31:33.219384692+00:00,10,2,38,C,A,1,233.93,200,130,166104,13435893,AAPL,0,1430,103.34884939353356
2024-10-21 12:31:33.219396602+00:00,2024-10-21 12:31:33.219396602+00:00,10,2,38,A,A,1,233.95,400,130,166109,13435894,AAPL,0,1630,116.99452979851998
2024-10-21 12:31:33.283679402+00:00,2024-10-21 12:31:33.283679402+00:00,10,2,38,A,A,1,233.91,200,130,166461,13435939,AAPL,0,200,-30.074227863711645
2024-10-21 12:31:36.129038634+00:00,2024-10-21 12:31:36.129038634+00:00,10,2,38,C,A,2,233.97,7,130,166065,13438502,AAPL,0,1230,89.70316898854716
2024-10-21 12:31:38.015553779+00:00,2024-10-21 12:31:38.015553779+00:00,10,2,38,C,B,2,233.61,200,130,166724,13439793,AAPL,0,-200,-65.15664287531204
2024-10-21 12:31:38.131960021+00:00,2024-10-21 12:31:38.131960021+00:00,10,2,38,A,A,2,233.97,7,130,166411,13439823,AAPL,0,1230,89.70316898854716
2024-10-21 12:31:39.147851742+00:00,2024-10-21 12:31:39.147851742+00:00,10,2,38,A,B,2,233.61,200,130,166424,13440517,AAPL,0,200,-22.28317366208405
2024-10-21 12:31:39.834158320+00:00,2024-10-21 12:31:39.834158320+00:00,10,2,38,C,B,2,233.61,200,130,166955,13441045,AAPL,0,-200,-65.15664287531204
2024-10-21 12:31:39.834169303+00:00,2024-10-21 12:31:39.834169303+00:00,10,2,38,C,B,2,233.61,200,130,166022,13441046,AAPL,0,-1060,-202.78779552511543
2024-10-21 12:31:39.834181341+00:00,2024-10-21 12:31:39.834181341+00:00,10,2,38,A,B,2,233.59,200,130,166625,13441047,AAPL,0,1060,115.3479789877193
2024-10-21 12:31:40.907996076+00:00,2024-10-21 12:31:40.907996076+00:00,10,2,38,A,B,2,233.59,200,130,166986,13442396,AAPL,0,200,-22.28317366208405
2024-10-21 12:31:40.962639115+00:00,2024-10-21 12:31:40.962639115+00:00,10,2,38,C,B,2,233.59,200,130,165968,13442418,AAPL,0,-200,-65.15664287531204
2024-10-21 12:31:40.962651822+00:00,2024-10-21 12:31:40.962651822+00:00,10,2,38,A,B,2,233.61,400,130,166792,13442419,AAPL,0,400,-0.84643905547005
2024-10-21 12:31:41.070734248+00:00,2024-10-21 12:31:41.070734248+00:00,10,2,38,A,B,2,233.65,200,130,166509,13442470,AAPL,0,200,-22.28317366208405
2024-10-21 12:31:45.869832455+00:00,2024-10-21 12:31:45.869832455+00:00,10,2,38,A,B,0,233.76,15,130,167420,13446443,AAPL,15,2166,173.29721160040899
2024-10-21 12:31:45.873939488+00:00,2024-10-21 12:31:45.873939488+00:00,10,2,38,C,B,0,233.76,15,130,166241,13446446,AAPL,-15,-2166,-260.7370281378051
2024-10-21 12:31:45.941769646+00:00,2024-10-21 12:31:45.941769646+00:00,10,2,38,C,B,2,233.65,200,130,166154,13446467,AAPL,0,-1060,-202.78779552511543
2024-10-21 12:31:45.941781796+00:00,2024-10-21 12:31:45.941781796+00:00,10,2,38,A,B,2,233.61,400,130,166341,13446468,AAPL,0,1260,136.7847135943333
2024-10-21 12:31:48.996666200+00:00,2024-10-21 12:31:48.996666200+00:00,10,2,38,A,B,0,233.7,200,130,167157,13448959,AAPL,200,-1060,-220.97511120528384
2024-10-21 12:31:49.143737320+00:00,2024-10-21 12:31:49.143737320+00:00,10,2,38,C,A,2,233.97,7,130,166291,13449037,AAPL,0,1230,89.70316898854716
2024-10-21 12:31:51.146504844+00:00,2024-10-21 12:31:51.146504844+00:00,10,2,38,A,A,2,233.97,7,130,166561,13451541,AAPL,0,1230,89.70316898854716
2024-10-21 12:31:52.622166042+00:00,2024-10-21 12:31:52.622166042+00:00,10,2,38,A,A,1,233.9,200,130,166430,13453377,AAPL,0,200,-30.074227863711645
2024-10-21 12:31:55.540346724+00:00,2024-10-21 12:31:55.540346724+00:00,10,2,38,A,B,0,233.7,7,130,166412,13457388,AAPL,7,7,-43.60617860627246
2024-10-21 12:32:04.030002963+00:00,2024-10-21 12:32:04.030002963+00:00,10,2,38,C,A,2,233.97,7,130,166450,13466439,AAPL,0,1230,89.70316898854716
2024-10-21 12:32:05.348083+00:00,2024-10-21 12:32:05.348083+00:00,10,2,38,C,B,0,233.7,200,130,166023,13468073,AAPL,-200,-200,-46.96932719514365
2024-10-21 12:32:05.348095069+00:00,2024-10-21 12:32:05.348095069+00:00,10,2,38,A,B,2,233.61,400,130,166415,13468074,AAPL,0,1260,136.7847135943333
2024-10-21 12:32:05.979188085+00:00,2024-10-21 12:32:05.979188085+00:00,10,2,38,A,B,0,233.8,40,130,166650,13468626,AAPL,40,2398,215.71485034915256
2024-10-21 12:32:06.032805816+00:00,2024-10-21 12:32:06.032805816+00:00,10,2,38,A,A,7,234.32,7,130,166440,13468663,AAPL,0,612,6.425746124623427
2024-10-21 12:32:07.542071110+00:00,2024-10-21 12:32:07.542071110+00:00,10,2,38,C,A,1,233.9,200,130,165927,13470422,AAPL,0,1430,108.60996520439173
2024-10-21 12:32:07.542083244+00:00,2024-10-21 12:32:07.542083244+00:00,10,2,38,A,A,1,233.92,200,130,166360,13470423,AAPL,0,1430,108.60996520439173
2024-10-21 12:32:07.598649034+00:00,2024-10-21 12:32:07.598649034+00:00,10,2,38,A,B,3,233.62,400,130,166657,13470579,AAPL,0,400,39.34781686882863
2024-10-21 12:32:07.665482103+00:00,2024-10-21 12:32:07.665482103+00:00,10,2,38,A,A,1,233.91,200,130,166347,13470737,AAPL,0,200,-30.074227863711645
2024-10-21 12:32:08.403235695+00:00,2024-10-21 12:32:08.403235695+00:00,10,2,38,A,B,2,233.66,200,130,166832,13471380,AAPL,0,-950,-198.6091835775195
2024-10-21 12:32:11.088924820+00:00,2024-10-21 12:32:11.088924820+00:00,10,2,38,C,A,0,233.86,10,130,166158,13473926,AAPL,-10,-10,-43.882379215020336
2024-10-21 12:32:11.127329051+00:00,2024-10-21 12:32:11.127329051+00:00,10,2,38,A,B,2,233.67,200,130,166315,13473989,AAPL,0,951,71.18278042866856
2024-10-21 12:32:11.560345813+00:00,2024-10-21 12:32:11.560345813+00:00,10,2,38,A,B,2,233.67,200,130,166420,13474559,AAPL,0,200,-22.28317366208405
2024-10-21 12:32:11.562209891+00:00,2024-10-21 12:32:11.562209891+00:00,10,2,38,C,A,1,233.91,200,130,166093,13474560,AAPL,0,1430,108.60996520439173
2024-10-21 12:32:11.562224326+00:00,2024-10-21 12:32:11.562224326+00:00,10,2,38,A,A,1,233.96,400,130,166372,13474561,AAPL,0,1630,122.25564560937815
2024-10-21 12:32:11.610968597+00:00,2024-10-21 12:32:11.610968597+00:00,10,2,38,C,B,2,233.67,200,130,165951,13474618,AAPL,0,-200,-65.15664287531204
2024-10-21 12:32:11.610981426+00:00,2024-10-21 12:32:11.610981426+00:00,10,2,38,A,B,1,233.71,200,130,166493,13474620,AAPL,0,1407,99.29646548720385
2024-10-21 12:32:11.648070870+00:00,2024-10-21 12:32:11.648070870+00:00,10,2,38,A,A,1,233.94,200,130,166425,13474689,AAPL,0,200,-30.074227863711645
2024-10-21 12:32:14.797225568+00:00,2024-10-21 12:32:14.797225568+00:00,10,2,38,C,A,0,233.86,10,130,166380,13478065,AAPL,10,1440,108.77243615071399
2024-10-21 12:32:14.798092831+00:00,2024-10-21 12:32:14.798092831+00:00,10,2,38,A,A,0,233.82,10,130,166153,13478070,AAPL,10,1440,108.77243615071399
2024-10-21 12:32:18.141468975+00:00,2024-10-21 12:32:18.141468975+00:00,10,2,38,T,A,0,233.8,40,130,168646,13481121,AAPL,0,0,-43.71990826869805
2024-10-21 12:32:18.141468975+00:00,2024-10-21 12:32:18.141468975+00:00,10,2,38,C,B,0,233.8,40,130,168646,13481121,AAPL,-40,-2198,-280.8521199006417
2024-10-21 12:32:18.141491360+00:00,2024-10-21 12:32:18.141491360+00:00,10,2,38,A,A,0,233.81,100,130,166482,13481122,AAPL,100,1435,93.05384877638768
2024-10-21 12:32:18.141532732+00:00,2024-10-21 12:32:18.141532732+00:00,10,2,38,C,A,0,233.81,100,130,166838,13481123,AAPL,100,1435,93.05384877638768
2024-10-21 12:32:18.141539068+00:00,2024-10-21 12:32:18.141539068+00:00,10,2,38,C,B,0,233.71,200,130,165877,13481124,AAPL,-200,-2268,-267.05934476207307
2024-10-21 12:32:18.152822419+00:00,2024-10-21 12:32:18.152822419+00:00,10,2,38,A,A,0,233.81,2,130,166002,13481140,AAPL,2,1337,91.46163350242935
2024-10-21 12:32:18.152831190+00:00,2024-10-21 12:32:18.152831190+00:00,10,2,38,A,A,0,233.8,100,130,167092,13481141,AAPL,100,937,65.12796609163276
2024-10-21 12:32:18.153255214+00:00,2024-10-21 12:32:18.153255214+00:00,10,2,38,C,A,0,233.8,100,130,165945,13481143,AAPL,100,937,65.12796609163276
2024-10-21 12:32:18.153370459+00:00,2024-10-21 12:32:18.153370459+00:00,10,2,38,C,A,0,233.81,2,130,166206,13481144,AAPL,2,1337,91.46163350242935
2024-10-21 12:32:18.161685578+00:00,2024-10-21 12:32:18.161685578+00:00,10,2,38,C,A,7,234.32,7,130,166358,13481150,AAPL,0,612,6.425746124623427
2024-10-21 12:32:18.224017456+00:00,2024-10-21 12:32:18.224017456+00:00,10,2,38,A,B,2,233.62,400,130,166655,13481183,AAPL,0,1260,136.7847135943333
2024-10-21 12:32:18.224122852+00:00,2024-10-21 12:32:18.224122852+00:00,10,2,38,A,A,1,233.94,200,130,166233,13481184,AAPL,0,200,-30.074227863711645
2024-10-21 12:32:18.276169768+00:00,2024-10-21 12:32:18.276169768+00:00,10,2,38,C,A,1,233.94,200,130,166550,13481217,AAPL,0,-200,-57.36558867368446
2024-10-21 12:32:18.276183899+00:00,2024-10-21 12:32:18.276183899+00:00,10,2,38,A,A,1,233.91,200,130,166931,13481218,AAPL,0,200,-30.074227863711645
2024-10-21 12:32:20.168408031+00:00,2024-10-21 12:32:20.168408031+00:00,10,2,38,A,A,7,234.3,7,130,167050,13482471,AAPL,0,612,6.425746124623427
2024-10-21 12:32:23.901384194+00:00,2024-10-21 12:32:23.901384194+00:00,10,2,38,A,A,1,233.91,200,130,166729,13485795,AAPL,0,200,-30.074227863711645
2024-10-21 12:32:27.277441455+00:00,2024-10-21 12:32:27.277441455+00:00,10,2,38,A,B,0,233.74,35,130,166507,13488000,AAPL,35,2393,215.63361487599138
2024-10-21 12:32:27.281535445+00:00,2024-10-21 12:32:27.281535445+00:00,10,2,38,C,B,0,233.74,35,130,165835,13488011,AAPL,-35,-2393,-303.07343141338754
2024-10-21 12:32:27.945642504+00:00,2024-10-21 12:32:27.945642504+00:00,10,2,38,C,B,2,233.62,200,130,166335,13488656,AAPL,0,-200,-65.15664287531204
2024-10-21 12:32:35.504980540+00:00,2024-10-21 12:32:35.504980540+00:00,10,2,38,A,B,0,233.76,106,130,166270,13495134,AAPL,106,2264,175.25329602611623
2024-10-21 12:32:35.505060728+00:00,2024-10-21 12:32:35.505060728+00:00,10,2,38,T,B,0,233.82,10,130,167648,13495137,AAPL,0,0,-43.71990826869805
2024-10-21 12:32:35.505060728+00:00,2024-10-21 12:32:35.505060728+00:00,10,2,38,C,A,0,233.82,10,130,167648,13495137,AAPL,10,1640,122.41811655570041
2024-10-21 12:32:35.505082570+00:00,2024-10-21 12:32:35.505082570+00:00,10,2,38,A,B,0,233.78,100,130,166444,13495138,AAPL,100,2354,212.13961785432278
2024-10-21 12:32:35.505087722+00:00,2024-10-21 12:32:35.505087722+00:00,10,2,38,A,B,0,233.79,5,130,166858,13495140,AAPL,5,2249,313.1545775471814
2024-10-21 12:32:35.505097774+00:00,2024-10-21 12:32:35.505097774+00:00,10,2,38,A,B,1,233.78,100,130,166208,13495141,AAPL,0,100,-36.897068066204845
2024-10-21 12:32:35.505110083+00:00,2024-10-21 12:32:35.505110083+00:00,10,2,38,A,B,2,233.77,97,130,166233,13495142,AAPL,0,2226,221.4404333149902
2024-10-21 12:32:35.505118236+00:00,2024-10-21 12:32:35.505118236+00:00,10,2,38,C,A,0,233.91,200,130,165589,13495143,AAPL,-200,-200,-46.96932719514365
2024-10-21 12:32:35.505132160+00:00,2024-10-21 12:32:35.505132160+00:00,10,2,38,C,B,1,233.78,100,130,166888,13495144,AAPL,0,-100,-50.54274847119126
2024-10-21 12:32:35.505139710+00:00,2024-10-21 12:32:35.505139710+00:00,10,2,38,C,B,1,233.78,100,130,165671,13495145,AAPL,0,-2326,-315.7030900548795
2024-10-21 12:32:35.509073618+00:00,2024-10-21 12:32:35.509073618+00:00,10,2,38,C,B,2,233.76,106,130,166369,13495161,AAPL,0,-2144,-393.69031840892313
2024-10-21 12:32:35.605165948+00:00,2024-10-21 12:32:35.605165948+00:00,10,2,38,C,B,0,233.79,5,130,165884,13495731,AAPL,-5,-2250,-297.4219047834329
2024-10-21 12:32:35.605194517+00:00,2024-10-21 12:32:35.605194517+00:00,10,2,38,C,B,0,233.77,97,130,166005,13495732,AAPL,-97,-2255,-262.54688871182236
2024-10-21 12:32:37.670347240+00:00,2024-10-21 12:32:37.670347240+00:00,10,2,38,A,B,2,233.62,200,130,166616,13497731,AAPL,0,200,-22.28317366208405
2024-10-21 12:32:38.041341719+00:00,2024-10-21 12:32:38.041341719+00:00,10,2,38,A,A,0,233.91,200,130,166127,13498518,AAPL,200,200,-40.470489342252456
2024-10-21 12:32:38.100855625+00:00,2024-10-21 12:32:38.100855625+00:00,10,2,38,C,A,0,233.91,200,130,165945,13498654,AAPL,-200,-200,-46.96932719514365
2024-10-21 12:32:38.100868142+00:00,2024-10-21 12:32:38.100868142+00:00,10,2,38,A,A,0,233.9,400,130,166237,13498655,AAPL,400,400,-37.22107041580687
2024-10-21 12:32:48.253052117+00:00,2024-10-21 12:32:48.253052117+00:00,10,2,38,C,B,2,233.62,200,130,166100,13508734,AAPL,0,-200,-65.15664287531204
2024-10-21 12:32:48.253063227+00:00,2024-10-21 12:32:48.253063227+00:00,10,2,38,C,B,2,233.62,200,130,166387,13508735,AAPL,0,-1060,-202.78779552511543
2024-10-21 12:32:48.253074967+00:00,2024-10-21 12:32:48.253074967+00:00,10,2,38,A,B,2,233.6,400,130,166593,13508736,AAPL,0,1260,136.7847135943333
2024-10-21 12:32:48.306721177+00:00,2024-10-21 12:32:48.306721177+00:00,10,2,38,A,A,0,233.89,400,130,166180,13508952,AAPL,400,400,-37.22107041580687
2024-10-21 12:32:55.953734385+00:00,2024-10-21 12:32:55.953734385+00:00,10,2,38,A,B,2,233.64,200,130,166509,13515293,AAPL,0,200,-22.28317366208405
2024-10-21 12:33:01.303215240+00:00,2024-10-21 12:33:01.303215240+00:00,10,2,38,A,A,0,233.84,5,130,166391,13521554,AAPL,5,1635,122.33688108253928
2024-10-21 12:33:05.793522393+00:00,2024-10-21 12:33:05.793522393+00:00,10,2,38,A,A,0,233.84,24,130,166383,13524828,AAPL,24,24,-43.32997799752458
2024-10-21 12:33:05.794507041+00:00,2024-10-21 12:33:05.794507041+00:00,10,2,38,C,A,7,234.3,7,130,166138,13524831,AAPL,0,612,6.425746124623427
2024-10-21 12:33:06.321056918+00:00,2024-10-21 12:33:06.321056918+00:00,10,2,38,A,B,0,233.76,14,130,166319,13525485,AAPL,14,2172,173.75856331995126
2024-10-21 12:33:06.321081410+00:00,2024-10-21 12:33:06.321081410+00:00,10,2,38,A,B,0,233.78,36,130,167550,13525487,AAPL,36,2198,204.82279081156648
2024-10-21 12:33:06.321117671+00:00,2024-10-21 12:33:06.321117671+00:00,10,2,38,T,N,0,233.83,29,130,167022,13525492,AAPL,0,0,-43.71990826869805
2024-10-21 12:33:06.325151716+00:00,2024-10-21 12:33:06.325151716+00:00,10,2,38,C,B,1,233.76,14,130,165938,13525511,AAPL,0,-2162,-291.6777119422024
2024-10-21 12:33:06.325187400+00:00,2024-10-21 12:33:06.325187400+00:00,10,2,38,C,B,0,233.78,36,130,165996,13525512,AAPL,-36,-2194,-261.5558159392564
2024-10-21 12:33:07.427626768+00:00,2024-10-21 12:33:07.427626768+00:00,10,2,38,C,A,0,233.84,24,130,166223,13527091,AAPL,-24,-24,-44.109838539871525
2024-10-21 12:33:07.801879861+00:00,2024-10-21 12:33:07.801879861+00:00,10,2,38,A,A,7,234.31,7,130,166239,13527410,AAPL,0,612,6.425746124623427
2024-10-21 12:33:09.053244732+00:00,2024-10-21 12:33:09.053244732+00:00,10,2,38,A,A,0,233.82,24,130,166295,13528078,AAPL,24,1554,112.91466218082772
2024-10-21 12:33:09.156252110+00:00,2024-10-21 12:33:09.156252110+00:00,10,2,38,T,B,0,233.82,1,130,167605,13528171,AAPL,0,0,-43.71990826869805
2024-10-21 12:33:09.156252110+00:00,2024-10-21 12:33:09.156252110+00:00,10,2,38,C,A,0,233.82,1,130,167605,13528171,AAPL,-1,-1,-43.736155363330276
2024-10-21 12:33:12.169745303+00:00,2024-10-21 12:33:12.169745303+00:00,10,2,38,C,A,8,234.31,7,130,166303,13529825,AAPL,0,507,-13.730797759171736
2024-10-21 12:33:14.175223557+00:00,2024-10-21 12:33:14.175223557+00:00,10,2,38,A,A,8,234.3,7,130,166662,13530741,AAPL,0,507,-13.730797759171736
2024-10-21 12:33:14.283552259+00:00,2024-10-21 12:33:14.283552259+00:00,10,2,38,C,A,1,233.84,5,130,166298,13530784,AAPL,0,1530,112.52473190965424
2024-10-21 12:33:15.381509806+00:00,2024-10-21 12:33:15.381509806+00:00,10,2,38,C,A,1,233.89,200,130,166506,13531808,AAPL,0,-200,-57.36558867368446
2024-10-21 12:33:15.434611774+00:00,2024-10-21 12:33:15.434611774+00:00,10,2,38,A,B,2,233.65,200,130,166402,13531917,AAPL,0,200,-22.28317366208405
2024-10-21 12:33:21.206576211+00:00,2024-10-21 12:33:21.206576211+00:00,10,2,38,A,A,1,233.85,32,130,166302,13537508,AAPL,0,1357,92.93016415771339
2024-10-21 12:33:21.206611882+00:00,2024-10-21 12:33:21.206611882+00:00,10,2,38,C,B,2,233.65,200,130,166634,13537509,AAPL,0,-1060,-202.78779552511543
2024-10-21 12:33:21.210681542+00:00,2024-10-21 12:33:21.210681542+00:00,10,2,38,C,A,1,233.85,32,130,166016,13537514,AAPL,0,1357,92.93016415771339
2024-10-21 12:33:21.285249933+00:00,2024-10-21 12:33:21.285249933+00:00,10,2,38,A,B,2,233.6,400,130,166380,13537538,AAPL,0,1260,136.7847135943333
2024-10-21 12:33:22.875006113+00:00,2024-10-21 12:33:22.875006113+00:00,10,2,38,C,A,7,234.3,7,130,166096,13538739,AAPL,0,612,6.425746124623427
2024-10-21 12:33:24.340747933+00:00,2024-10-21 12:33:24.340747933+00:00,10,2,38,A,B,2,233.64,200,130,166619,13539543,AAPL,0,200,-22.28317366208405
2024-10-21 12:33:24.880805430+00:00,2024-10-21 12:33:24.880805430+00:00,10,2,38,A,A,2,233.98,7,130,166247,13539855,AAPL,0,1230,89.70316898854716
2024-10-21 12:33:26.285422898+00:00,2024-10-21 12:33:26.285422898+00:00,10,2,38,C,B,2,233.64,200,130,165885,13540562,AAPL,0,-1060,-202.78779552511543
2024-10-21 12:33:26.285434922+00:00,2024-10-21 12:33:26.285434922+00:00,10,2,38,A,B,2,233.6,400,130,166413,13540563,AAPL,0,1260,136.7847135943333
2024-10-21 12:33:26.288517312+00:00,2024-10-21 12:33:26.288517312+00:00,10,2,38,A,A,1,233.89,200,130,166344,13540564,AAPL,0,200,-30.074227863711645
2024-10-21 12:33:28.839620575+00:00,2024-10-21 12:33:28.839620575+00:00,10,2,38,C,A,1,233.89,200,130,166739,13542107,AAPL,0,-200,-57.36558867368446
2024-10-21 12:33:28.839633521+00:00,2024-10-21 12:33:28.839633521+00:00,10,2,38,A,A,1,233.88,400,130,166698,13542108,AAPL,0,400,-16.428547458725237
2024-10-21 12:33:29.340151844+00:00,2024-10-21 12:33:29.340151844+00:00,10,2,38,A,B,2,233.63,200,130,166793,13542527,AAPL,0,200,-22.28317366208405
2024-10-21 12:33:36.906518675+00:00,2024-10-21 12:33:36.906518675+00:00,10,2,38,C,A,1,233.88,200,130,166403,13547756,AAPL,0,-200,-57.36558867368446
2024-10-21 12:33:39.988033229+00:00,2024-10-21 12:33:39.988033229+00:00,10,2,38,A,B,0,233.75,5,130,166323,13550081,AAPL,5,2163,173.6123394682612
2024-10-21 12:33:41.899233441+00:00,2024-10-21 12:33:41.899233441+00:00,10,2,38,A,B,3,233.64,200,130,166836,13551266,AAPL,0,200,-2.186045699934712
2024-10-21 12:33:48.686584626+00:00,2024-10-21 12:33:48.686584626+00:00,10,2,38,A,B,0,233.77,100,130,165947,13557698,AAPL,100,2253,205.24854924980468
2024-10-21 12:33:48.686646314+00:00,2024-10-21 12:33:48.686646314+00:00,10,2,38,A,B,0,233.77,15,130,166385,13557700,AAPL,15,15,-43.47620184921463
2024-10-21 12:33:48.687003945+00:00,2024-10-21 12:33:48.687003945+00:00,10,2,38,C,B,0,233.77,100,130,165827,13557702,AAPL,-100,-100,-45.34461773192085
2024-10-21 12:33:48.690751022+00:00,2024-10-21 12:33:48.690751022+00:00,10,2,38,C,B,0,233.77,15,130,165943,13557706,AAPL,-15,-2168,-291.30736274346145
2024-10-21 12:33:49.477179785+00:00,2024-10-21 12:33:49.477179785+00:00,10,2,38,T,B,0,233.82,2,130,167342,13558736,AAPL,0,0,-43.71990826869805
2024-10-21 12:33:49.477179785+00:00,2024-10-21 12:33:49.477179785+00:00,10,2,38,C,A,0,233.82,2,130,167342,13558736,AAPL,-2,-2,-43.75240245796251
2024-10-21 12:33:49.544831228+00:00,2024-10-21 12:33:49.544831228+00:00,10,2,38,A,B,3,233.64,200,130,166890,13558796,AAPL,0,200,-2.186045699934712
2024-10-21 12:33:49.544930382+00:00,2024-10-21 12:33:49.544930382+00:00,10,2,38,C,A,1,233.88,200,130,166120,13558797,AAPL,0,1430,103.34884939353356
2024-10-21 12:33:49.544942069+00:00,2024-10-21 12:33:49.544942069+00:00,10,2,38,A,A,1,233.94,400,130,166444,13558798,AAPL,0,1630,116.99452979851998
2024-10-21 12:33:49.602010461+00:00,2024-10-21 12:33:49.602010461+00:00,10,2,38,C,B,3,233.64,200,130,165978,13558844,AAPL,0,-200,-85.25377083746139
2024-10-21 12:33:49.602023386+00:00,2024-10-21 12:33:49.602023386+00:00,10,2,38,A,B,2,233.68,200,130,166560,13558845,AAPL,0,201,-22.075504349240234
2024-10-21 12:33:50.024262364+00:00,2024-10-21 12:33:50.024262364+00:00,10,2,38,A,A,1,233.89,400,130,166407,13559142,AAPL,0,400,-16.428547458725237
2024-10-21 12:33:51.861072481+00:00,2024-10-21 12:33:51.861072481+00:00,10,2,38,A,B,2,233.69,200,130,166433,13560923,AAPL,0,200,-22.28317366208405
2024-10-21 12:33:52.769482629+00:00,2024-10-21 12:33:52.769482629+00:00,10,2,38,C,B,2,233.69,200,130,165932,13561912,AAPL,0,-951,-158.62259696606466
2024-10-21 12:33:52.769493295+00:00,2024-10-21 12:33:52.769493295+00:00,10,2,38,A,B,2,233.67,400,130,166020,13561913,AAPL,0,1151,92.61951503528256
2024-10-21 12:33:52.993927871+00:00,2024-10-21 12:33:52.993927871+00:00,10,2,38,C,B,0,233.75,5,130,165979,13562170,AAPL,-5,-2363,-262.4922482899328
2024-10-21 12:33:53.065065422+00:00,2024-10-21 12:33:53.065065422+00:00,10,2,38,C,B,1,233.67,200,130,166362,13562204,AAPL,0,-200,-57.36558867368446
2024-10-21 12:33:56.944168416+00:00,2024-10-21 12:33:56.944168416+00:00,10,2,38,C,B,7,233.4,10,130,166595,13565132,AAPL,0,-10,-44.45388154409959
2024-10-21 12:33:59.088811005+00:00,2024-10-21 12:33:59.088811005+00:00,10,2,38,C,B,1,233.67,200,130,166252,13567080,AAPL,0,-1051,-194.36995172111935
2024-10-21 12:33:59.088823750+00:00,2024-10-21 12:33:59.088823750+00:00,10,2,38,A,B,2,233.65,200,130,166406,13567081,AAPL,0,1050,114.61400571231779
2024-10-21 12:34:02.149897491+00:00,2024-10-21 12:34:02.149897491+00:00,10,2,38,A,B,0,233.78,100,130,166269,13571571,AAPL,100,2248,174.28657469849824
2024-10-21 12:34:02.149928619+00:00,2024-10-21 12:34:02.149928619+00:00,10,2,38,T,B,0,233.82,21,130,167824,13571572,AAPL,0,0,-43.71990826869805
2024-10-21 12:34:02.149928619+00:00,2024-10-21 12:34:02.149928619+00:00,10,2,38,C,A,0,233.82,21,130,167824,13571572,AAPL,21,1651,117.33571878579673
2024-10-21 12:34:02.149950355+00:00,2024-10-21 12:34:02.149950355+00:00,10,2,38,A,B,0,233.79,100,130,166797,13571573,AAPL,100,2338,211.14263457462027
2024-10-21 12:34:02.149954232+00:00,2024-10-21 12:34:02.149954232+00:00,10,2,38,A,B,0,233.8,1,130,165992,13571574,AAPL,1,2239,312.44648713045405
2024-10-21 12:34:02.149963811+00:00,2024-10-21 12:34:02.149963811+00:00,10,2,38,A,B,1,233.79,100,130,167307,13571576,AAPL,0,100,-36.897068066204845
2024-10-21 12:34:02.149968531+00:00,2024-10-21 12:34:02.149968531+00:00,10,2,38,C,B,1,233.79,100,130,166640,13571577,AAPL,0,-100,-50.54274847119126
2024-10-21 12:34:02.149995072+00:00,2024-10-21 12:34:02.149995072+00:00,10,2,38,C,B,1,233.79,100,130,166805,13571578,AAPL,0,-2238,-399.87005657321794
2024-10-21 12:34:02.150289648+00:00,2024-10-21 12:34:02.150289648+00:00,10,2,38,C,B,1,233.78,100,130,165919,13571579,AAPL,0,-2238,-296.9577416487936
2024-10-21 12:34:02.224326757+00:00,2024-10-21 12:34:02.224326757+00:00,10,2,38,C,A,0,233.89,200,130,167042,13571625,AAPL,-200,-200,-46.96932719514365
2024-10-21 12:34:02.250035378+00:00,2024-10-21 12:34:02.250035378+00:00,10,2,38,C,B,0,233.8,1,130,166207,13571640,AAPL,-1,-2149,-260.11792886730376
2024-10-21 12:34:02.433938165+00:00,2024-10-21 12:34:02.433938165+00:00,10,2,38,A,B,1,233.66,200,130,166517,13572434,AAPL,0,-850,-188.40814184472745
2024-10-21 12:34:04.221298672+00:00,2024-10-21 12:34:04.221298672+00:00,10,2,38,C,A,0,233.89,200,130,165922,13574762,AAPL,200,1493,98.0732799605238
2024-10-21 12:34:04.221593520+00:00,2024-10-21 12:34:04.221593520+00:00,10,2,38,A,B,0,233.78,100,130,166135,13574764,AAPL,100,2358,198.69758009266664
2024-10-21 12:34:04.221921450+00:00,2024-10-21 12:34:04.221921450+00:00,10,2,38,C,B,0,233.78,100,130,165822,13574767,AAPL,-100,-2358,-286.13739663006277
2024-10-21 12:34:04.223075802+00:00,2024-10-21 12:34:04.223075802+00:00,10,2,38,C,A,0,233.98,7,130,166520,13574770,AAPL,7,1353,130.7065180206935
2024-10-21 12:34:04.325592369+00:00,2024-10-21 12:34:04.325592369+00:00,10,2,38,A,A,0,233.9,200,130,166182,13575196,AAPL,200,1546,133.8422072847135
2024-10-21 12:34:06.238355905+00:00,2024-10-21 12:34:06.238355905+00:00,10,2,38,A,A,1,233.99,7,130,166572,13578395,AAPL,0,1293,94.82386103407822
2024-10-21 12:34:11.389652181+00:00,2024-10-21 12:34:11.389652181+00:00,10,2,38,C,A,1,233.99,7,130,166480,13582794,AAPL,0,1293,94.82386103407822
2024-10-21 12:34:13.393399417+00:00,2024-10-21 12:34:13.393399417+00:00,10,2,38,A,A,1,233.92,7,130,166988,13584267,AAPL,0,1293,94.82386103407822
2024-10-21 12:34:13.740065207+00:00,2024-10-21 12:34:13.740065207+00:00,10,2,38,A,A,0,233.89,200,130,166292,13585118,AAPL,200,200,-40.470489342252456
2024-10-21 12:34:14.476131192+00:00,2024-10-21 12:34:14.476131192+00:00,10,2,38,C,B,1,233.66,200,130,165852,13586519,AAPL,0,-200,-57.36558867368446
2024-10-21 12:34:14.476143802+00:00,2024-10-21 12:34:14.476143802+00:00,10,2,38,A,B,2,233.65,200,130,167059,13586520,AAPL,0,1050,114.61400571231779
2024-10-21 12:34:18.143679631+00:00,2024-10-21 12:34:18.143679631+00:00,10,2,38,A,A,0,233.88,200,130,166233,13590359,AAPL,200,200,-40.470489342252456
2024-10-21 12:34:21.570266497+00:00,2024-10-21 12:34:21.570266497+00:00,10,2,38,C,B,2,233.65,200,130,166039,13593501,AAPL,0,-1050,-202.05382224971387
2024-10-21 12:34:21.570278537+00:00,2024-10-21 12:34:21.570278537+00:00,10,2,38,A,B,2,233.63,200,130,166225,13593502,AAPL,0,1050,114.61400571231779
2024-10-21 12:34:24.634338724+00:00,2024-10-21 12:34:24.634338724+00:00,10,2,38,C,A,0,233.88,200,130,166448,13597163,AAPL,200,1493,98.0732799605238
2024-10-21 12:34:24.734729841+00:00,2024-10-21 12:34:24.734729841+00:00,10,2,38,A,A,0,233.88,200,130,166920,13597219,AAPL,200,1493,98.0732799605238
2024-10-21 12:34:26.051200518+00:00,2024-10-21 12:34:26.051200518+00:00,10,2,38,C,A,1,233.92,7,130,166643,13598381,AAPL,0,1293,94.82386103407822
2024-10-21 12:34:28.056511802+00:00,2024-10-21 12:34:28.056511802+00:00,10,2,38,A,A,1,233.9,7,130,166277,13599962,AAPL,0,1293,94.82386103407822
2024-10-21 12:34:31.566351603+00:00,2024-10-21 12:34:31.566351603+00:00,10,2,38,C,A,1,233.9,7,130,166467,13602648,AAPL,0,1293,94.82386103407822
2024-10-21 12:34:33.571362114+00:00,2024-10-21 12:34:33.571362114+00:00,10,2,38,A,A,1,233.89,7,130,166418,13605151,AAPL,0,1293,94.82386103407822
2024-10-21 12:34:33.720440799+00:00,2024-10-21 12:34:33.720440799+00:00,10,2,38,A,A,0,233.87,200,130,166416,13605371,AAPL,200,200,-40.470489342252456
2024-10-21 12:34:33.730448933+00:00,2024-10-21 12:34:33.730448933+00:00,10,2,38,A,A,0,233.86,200,130,166316,13605417,AAPL,200,200,-40.470489342252456
2024-10-21 12:34:33.745274141+00:00,2024-10-21 12:34:33.745274141+00:00,10,2,38,C,A,0,233.86,200,130,166148,13605429,AAPL,200,1493,98.0732799605238
2024-10-21 12:34:33.745287278+00:00,2024-10-21 12:34:33.745287278+00:00,10,2,38,A,A,1,233.92,400,130,167086,13605430,AAPL,0,1686,121.63762302987651
2024-10-21 12:34:33.747590481+00:00,2024-10-21 12:34:33.747590481+00:00,10,2,38,C,A,1,233.92,200,130,166701,13605453,AAPL,0,-200,-57.36558867368446
2024-10-21 12:34:33.751727739+00:00,2024-10-21 12:34:33.751727739+00:00,10,2,38,A,A,1,233.92,200,130,166205,13605456,AAPL,0,200,-30.074227863711645
2024-10-21 12:34:35.757406077+00:00,2024-10-21 12:34:35.757406077+00:00,10,2,38,C,A,0,233.89,7,130,166357,13607117,AAPL,7,1693,121.75135269230208
2024-10-21 12:34:37.761184677+00:00,2024-10-21 12:34:37.761184677+00:00,10,2,38,A,A,0,233.91,7,130,166260,13609173,AAPL,7,1693,121.75135269230208
2024-10-21 12:34:37.968027551+00:00,2024-10-21 12:34:37.968027551+00:00,10,2,38,C,A,1,233.92,200,130,165971,13609386,AAPL,0,-200,-57.36558867368446
2024-10-21 12:34:37.968040798+00:00,2024-10-21 12:34:37.968040798+00:00,10,2,38,A,A,0,233.88,200,130,166246,13609387,AAPL,200,207,-39.992890528077936
2024-10-21 12:34:38.475738499+00:00,2024-10-21 12:34:38.475738499+00:00,10,2,38,C,A,0,233.88,200,130,165977,13609621,AAPL,200,1493,98.0732799605238
2024-10-21 12:34:38.475751280+00:00,2024-10-21 12:34:38.475751280+00:00,10,2,38,A,A,1,233.92,400,130,166123,13609622,AAPL,0,1686,121.63762302987651
2024-10-21 12:34:38.943836159+00:00,2024-10-21 12:34:38.943836159+00:00,10,2,38,A,A,0,233.88,200,130,166543,13610073,AAPL,200,207,-39.992890528077936
2024-10-21 12:34:38.961431383+00:00,2024-10-21 12:34:38.961431383+00:00,10,2,38,C,A,0,233.88,200,130,165929,13610098,AAPL,200,1493,98.0732799605238
2024-10-21 12:34:38.961442941+00:00,2024-10-21 12:34:38.961442941+00:00,10,2,38,A,A,1,233.92,400,130,166007,13610099,AAPL,0,1686,121.63762302987651
2024-10-21 12:34:39.359232731+00:00,2024-10-21 12:34:39.359232731+00:00,10,2,38,A,A,0,233.88,200,130,166454,13610661,AAPL,200,207,-39.992890528077936
2024-10-21 12:34:39.445076887+00:00,2024-10-21 12:34:39.445076887+00:00,10,2,38,C,A,0,233.88,200,130,165818,13610741,AAPL,200,1493,98.0732799605238
2024-10-21 12:34:39.445089261+00:00,2024-10-21 12:34:39.445089261+00:00,10,2,38,A,A,1,233.92,400,130,166181,13610742,AAPL,0,1686,121.63762302987651
2024-10-21 12:34:39.534348093+00:00,2024-10-21 12:34:39.534348093+00:00,10,2,38,A,A,0,233.88,200,130,166781,13610790,AAPL,200,207,-39.992890528077936
2024-10-21 12:34:39.805848072+00:00,2024-10-21 12:34:39.805848072+00:00,10,2,38,C,A,0,233.88,200,130,174580,13611209,AAPL,200,1493,98.0732799605238
2024-10-21 12:34:39.805861078+00:00,2024-10-21 12:34:39.805861078+00:00,10,2,38,A,A,1,233.92,400,130,166411,13611210,AAPL,0,1686,121.63762302987651
2024-10-21 12:34:40.424950427+00:00,2024-10-21 12:34:40.424950427+00:00,10,2,38,A,B,0,233.76,5,130,166197,13611840,AAPL,5,2153,172.74310070843657
2024-10-21 12:34:40.429056129+00:00,2024-10-21 12:34:40.429056129+00:00,10,2,38,C,B,0,233.76,5,130,166229,13611841,AAPL,-5,-2153,-260.1829172458327
2024-10-21 12:34:42.760362354+00:00,2024-10-21 12:34:42.760362354+00:00,10,2,38,C,A,0,233.91,7,130,166072,13613472,AAPL,7,1693,121.75135269230208
2024-10-21 12:34:44.765845817+00:00,2024-10-21 12:34:44.765845817+00:00,10,2,38,A,A,0,233.9,7,130,166307,13616047,AAPL,7,1693,121.75135269230208
2024-10-21 12:34:46.916797916+00:00,2024-10-21 12:34:46.916797916+00:00,10,2,38,T,N,0,233.79,20,130,167276,13619034,AAPL,0,0,-43.71990826869805
2024-10-21 12:34:51.436613204+00:00,2024-10-21 12:34:51.436613204+00:00,10,2,38,A,B,0,233.77,35,130,166394,13623209,AAPL,35,2183,173.23051354740343
2024-10-21 12:34:51.440710504+00:00,2024-10-21 12:34:51.440710504+00:00,10,2,38,C,B,0,233.77,35,130,166030,13623221,AAPL,-35,-2183,-260.67033008479956
2024-10-21 12:34:54.821268272+00:00,2024-10-21 12:34:54.821268272+00:00,10,2,38,C,A,0,233.9,7,130,166194,13626469,AAPL,7,1693,121.75135269230208
2024-10-21 12:34:56.823934089+00:00,2024-10-21 12:34:56.823934089+00:00,10,2,38,A,A,0,233.91,7,130,166603,13628109,AAPL,7,1693,121.75135269230208
2024-10-21 12:34:56.914006729+00:00,2024-10-21 12:34:56.914006729+00:00,10,2,38,C,A,1,233.92,400,130,165998,13628222,AAPL,0,1686,121.63762302987651
2024-10-21 12:34:56.914018909+00:00,2024-10-21 12:34:56.914018909+00:00,10,2,38,A,A,1,233.94,400,130,165820,13628226,AAPL,0,1686,121.63762302987651
2024-10-21 12:34:56.970301620+00:00,2024-10-21 12:34:56.970301620+00:00,10,2,38,A,B,2,233.64,200,130,166593,13628327,AAPL,0,200,-22.28317366208405
2024-10-21 12:35:01.086704786+00:00,2024-10-21 12:35:01.086704786+00:00,10,2,38,A,A,1,233.93,400,130,166152,13633885,AAPL,0,400,-16.428547458725237
2024-10-21 12:35:04.824035688+00:00,2024-10-21 12:35:04.824035688+00:00,10,2,38,C,A,0,233.91,7,130,166170,13637926,AAPL,7,1693,121.75135269230208
2024-10-21 12:35:06.832364220+00:00,2024-10-21 12:35:06.832364220+00:00,10,2,38,A,A,0,233.9,7,130,166667,13639550,AAPL,7,1693,121.75135269230208
2024-10-21 12:35:10.273312188+00:00,2024-10-21 12:35:10.273312188+00:00,10,2,38,A,B,0,233.75,80,130,166315,13643044,AAPL,80,2228,173.96163280585367
2024-10-21 12:35:11.596759827+00:00,2024-10-21 12:35:11.596759827+00:00,10,2,38,A,B,3,233.65,200,130,166577,13644201,AAPL,0,200,-2.186045699934712
2024-10-21 12:35:11.866382042+00:00,2024-10-21 12:35:11.866382042+00:00,10,2,38,C,A,0,233.9,7,130,166432,13644657,AAPL,7,1693,121.75135269230208
2024-10-21 12:35:12.594795091+00:00,2024-10-21 12:35:12.594795091+00:00,10,2,38,A,B,3,233.65,200,130,166977,13645202,AAPL,0,200,-2.186045699934712
2024-10-21 12:35:12.649791928+00:00,2024-10-21 12:35:12.649791928+00:00,10,2,38,C,B,3,233.65,200,130,166290,13645229,AAPL,0,-200,-85.25377083746139
2024-10-21 12:35:12.649804588+00:00,2024-10-21 12:35:12.649804588+00:00,10,2,38,A,B,2,233.66,400,130,166752,13645230,AAPL,0,-540,-134.76934764231748
2024-10-21 12:35:13.882085380+00:00,2024-10-21 12:35:13.882085380+00:00,10,2,38,A,A,0,233.91,7,130,166428,13646994,AAPL,7,1693,121.75135269230208
2024-10-21 12:35:18.869298325+00:00,2024-10-21 12:35:18.869298325+00:00,10,2,38,C,A,0,233.91,7,130,166386,13651246,AAPL,7,1693,121.75135269230208
2024-10-21 12:35:20.880663008+00:00,2024-10-21 12:35:20.880663008+00:00,10,2,38,A,A,0,233.86,7,130,166748,13652616,AAPL,7,1693,121.75135269230208
2024-10-21 12:35:22.590424361+00:00,2024-10-21 12:35:22.590424361+00:00,10,2,38,C,A,1,233.93,400,130,166276,13654420,AAPL,0,1686,121.63762302987651
2024-10-21 12:35:22.590436801+00:00,2024-10-21 12:35:22.590436801+00:00,10,2,38,A,A,1,233.95,400,130,166654,13654421,AAPL,0,1686,121.63762302987651
2024-10-21 12:35:22.645812212+00:00,2024-10-21 12:35:22.645812212+00:00,10,2,38,A,B,2,233.67,400,130,166423,13654531,AAPL,0,1141,91.75027627545788
2024-10-21 12:35:23.823304028+00:00,2024-10-21 12:35:23.823304028+00:00,10,2,38,A,A,1,233.94,400,130,166464,13655667,AAPL,0,400,-16.428547458725237
2024-10-21 12:35:23.988201548+00:00,2024-10-21 12:35:23.988201548+00:00,10,2,38,T,N,0,233.84,7,130,168097,13655823,AAPL,0,0,-43.71990826869805
2024-10-21 12:35:24.238426890+00:00,2024-10-21 12:35:24.238426890+00:00,10,2,38,T,B,0,233.86,7,130,167730,13655977,AAPL,0,0,-43.71990826869805
2024-10-21 12:35:24.238426890+00:00,2024-10-21 12:35:24.238426890+00:00,10,2,38,C,A,0,233.86,7,130,167730,13655977,AAPL,7,1693,121.75135269230208
2024-10-21 12:35:24.238452385+00:00,2024-10-21 12:35:24.238452385+00:00,10,2,38,A,B,0,233.8,34,130,167791,13655979,AAPL,34,2452,338.03350930776674
2024-10-21 12:35:24.238461987+00:00,2024-10-21 12:35:24.238461987+00:00,10,2,38,A,B,1,233.78,100,130,167029,13655980,AAPL,0,100,-36.897068066204845
2024-10-21 12:35:24.238465281+00:00,2024-10-21 12:35:24.238465281+00:00,10,2,38,C,B,1,233.78,100,130,166410,13655981,AAPL,0,-100,-50.54274847119126
2024-10-21 12:35:24.238471795+00:00,2024-10-21 12:35:24.238471795+00:00,10,2,38,A,B,0,233.8,100,130,166158,13655982,AAPL,100,100,-42.095198805475256
2024-10-21 12:35:24.238485568+00:00,2024-10-21 12:35:24.238485568+00:00,10,2,38,A,B,2,233.77,100,130,166099,13655983,AAPL,0,2403,255.13317988658397
2024-10-21 12:35:24.238506128+00:00,2024-10-21 12:35:24.238506128+00:00,10,2,38,C,B,1,233.78,100,130,166754,13655984,AAPL,0,-2503,-349.39583662647334
2024-10-21 12:35:24.238844974+00:00,2024-10-21 12:35:24.238844974+00:00,10,2,38,C,A,0,233.94,400,130,166205,13655985,AAPL,400,1746,137.0916262111591
2024-10-21 12:35:24.325803839+00:00,2024-10-21 12:35:24.325803839+00:00,10,2,38,A,A,0,233.94,200,130,166584,13656090,AAPL,200,1546,133.8422072847135
2024-10-21 12:35:24.325823716+00:00,2024-10-21 12:35:24.325823716+00:00,10,2,38,C,B,0,233.8,34,130,166265,13656091,AAPL,-34,-34,-44.272309486193805
2024-10-21 12:35:24.343765036+00:00,2024-10-21 12:35:24.343765036+00:00,10,2,38,C,B,1,233.77,100,130,166262,13656103,AAPL,0,-2418,-424.92092462766715
2024-10-21 12:35:24.343821064+00:00,2024-10-21 12:35:24.343821064+00:00,10,2,38,A,A,0,233.94,200,130,166440,13656104,AAPL,200,200,-40.470489342252456
2024-10-21 12:35:24.493765488+00:00,2024-10-21 12:35:24.493765488+00:00,10,2,38,C,B,0,233.8,100,130,166126,13656328,AAPL,-100,-2518,-352.1173871608468
2024-10-21 12:35:39.266829390+00:00,2024-10-21 12:35:39.266829390+00:00,10,2,38,A,B,0,233.77,100,130,166312,13667279,AAPL,100,2518,264.67757062345066
2024-10-21 12:35:39.267322775+00:00,2024-10-21 12:35:39.267322775+00:00,10,2,38,C,B,0,233.77,100,130,165817,13667280,AAPL,-100,-2518,-352.1173871608468
2024-10-21 12:35:46.324153630+00:00,2024-10-21 12:35:46.324153630+00:00,10,2,38,C,B,2,233.67,400,130,166517,13675607,AAPL,0,-1141,-179.19009281285395
2024-10-21 12:35:46.324167263+00:00,2024-10-21 12:35:46.324167263+00:00,10,2,38,A,B,3,233.65,200,130,166388,13675608,AAPL,0,940,90.20300031814939
2024-10-21 12:35:46.381553985+00:00,2024-10-21 12:35:46.381553985+00:00,10,2,38,C,A,0,233.94,200,130,166030,13675714,AAPL,-200,-200,-46.96932719514365
2024-10-21 12:35:46.464926027+00:00,2024-10-21 12:35:46.464926027+00:00,10,2,38,A,A,0,233.94,200,130,166220,13675840,AAPL,200,200,-40.470489342252456
2024-10-21 12:35:48.967546449+00:00,2024-10-21 12:35:48.967546449+00:00,10,2,38,C,B,3,233.65,200,130,166049,13677823,AAPL,0,-940,-177.64281685554548
2024-10-21 12:35:48.967567635+00:00,2024-10-21 12:35:48.967567635+00:00,10,2,38,A,B,3,233.6,400,130,166686,13677824,AAPL,0,1140,131.73686288691272
2024-10-21 12:35:50.412145028+00:00,2024-10-21 12:35:50.412145028+00:00,10,2,38,A,B,2,233.66,400,130,166301,13679289,AAPL,0,-740,-176.3032102110808
2024-10-21 12:35:54.451388501+00:00,2024-10-21 12:35:54.451388501+00:00,10,2,38,C,A,0,233.94,200,130,166056,13682523,AAPL,-200,-200,-46.96932719514365
2024-10-21 12:35:54.451399487+00:00,2024-10-21 12:35:54.451399487+00:00,10,2,38,C,A,0,233.94,200,130,166032,13682524,AAPL,200,1546,133.8422072847135
2024-10-21 12:35:54.451579862+00:00,2024-10-21 12:35:54.451579862+00:00,10,2,38,A,B,0,233.81,4,130,166969,13682526,AAPL,4,2432,266.83848609119553
2024-10-21 12:35:54.451584967+00:00,2024-10-21 12:35:54.451584967+00:00,10,2,38,A,B,1,233.78,100,130,165966,13682527,AAPL,0,2518,367.4126791983289
2024-10-21 12:35:54.451914911+00:00,2024-10-21 12:35:54.451914911+00:00,10,2,38,C,B,1,233.78,100,130,165836,13682532,AAPL,0,-2518,-454.85249573572503
2024-10-21 12:35:54.490013783+00:00,2024-10-21 12:35:54.490013783+00:00,10,2,38,C,B,0,233.81,4,130,165841,13682580,AAPL,-4,-2432,-354.27830262859163
2024-10-21 12:35:54.565074677+00:00,2024-10-21 12:35:54.565074677+00:00,10,2,38,A,A,0,233.94,200,130,166570,13682718,AAPL,200,1546,133.8422072847135
2024-10-21 12:35:56.157378125+00:00,2024-10-21 12:35:56.157378125+00:00,10,2,38,C,A,0,233.94,200,130,166354,13684140,AAPL,200,1546,133.8422072847135
2024-10-21 12:35:56.203098030+00:00,2024-10-21 12:35:56.203098030+00:00,10,2,38,A,A,0,233.94,200,130,166375,13684156,AAPL,200,1546,133.8422072847135
2024-10-21 12:35:59.076399251+00:00,2024-10-21 12:35:59.076399251+00:00,10,2,38,C,A,0,233.94,200,130,166089,13686673,AAPL,200,1546,133.8422072847135
2024-10-21 12:35:59.076412669+00:00,2024-10-21 12:35:59.076412669+00:00,10,2,38,A,A,0,233.99,200,130,166607,13686674,AAPL,200,1546,133.8422072847135
2024-10-21 12:35:59.437757339+00:00,2024-10-21 12:35:59.437757339+00:00,10,2,38,A,B,2,233.68,200,130,166462,13687121,AAPL,0,941,70.31354166884387
2024-10-21 12:35:59.494791441+00:00,2024-10-21 12:35:59.494791441+00:00,10,2,38,A,B,1,233.7,200,130,166637,13687199,AAPL,0,-741,-144.10767780125354
2024-10-21 12:36:00.843631726+00:00,2024-10-21 12:36:00.843631726+00:00,10,2,38,A,B,1,233.71,200,130,166284,13689410,AAPL,0,2148,191.89318081813178
2024-10-21 12:36:02.353651432+00:00,2024-10-21 12:36:02.353651432+00:00,10,2,38,C,B,1,233.71,200,130,165880,13691159,AAPL,0,-2148,-279.33299735552794
2024-10-21 12:36:02.353665960+00:00,2024-10-21 12:36:02.353665960+00:00,10,2,38,A,B,2,233.68,200,130,166256,13691160,AAPL,0,941,70.31354166884387
2024-10-21 12:36:07.530496723+00:00,2024-10-21 12:36:07.530496723+00:00,10,2,38,C,A,0,233.99,200,130,166185,13697752,AAPL,200,1546,133.8422072847135
2024-10-21 12:36:07.530508969+00:00,2024-10-21 12:36:07.530508969+00:00,10,2,38,A,A,1,234.01,400,130,166469,13697754,AAPL,0,1729,156.7242663338169
2024-10-21 12:36:07.585080931+00:00,2024-10-21 12:36:07.585080931+00:00,10,2,38,A,B,2,233.69,200,130,166581,13697863,AAPL,0,200,-22.28317366208405
2024-10-21 12:36:09.508691863+00:00,2024-10-21 12:36:09.508691863+00:00,10,2,38,A,A,0,234.0,400,130,166650,13699668,AAPL,400,2129,163.22310418670804
2024-10-21 12:36:10.549225606+00:00,2024-10-21 12:36:10.549225606+00:00,10,2,38,A,A,0,233.89,4,130,166365,13701848,AAPL,4,1750,157.94913754676963
2024-10-21 12:36:43.158440811+00:00,2024-10-21 12:36:43.158440811+00:00,10,2,38,A,B,1,233.71,200,130,166993,13745493,AAPL,0,1407,99.29646548720385
2024-10-21 12:36:43.375021837+00:00,2024-10-21 12:36:43.375021837+00:00,10,2,38,C,B,1,233.71,200,130,166261,13745786,AAPL,0,-2148,-279.33299735552794
2024-10-21 12:36:43.375035050+00:00,2024-10-21 12:36:43.375035050+00:00,10,2,38,A,B,2,233.68,200,130,166477,13745787,AAPL,0,941,70.31354166884387
2024-10-21 12:36:50.819889336+00:00,2024-10-21 12:36:50.819889336+00:00,10,2,38,A,B,2,233.69,200,130,166517,13754467,AAPL,0,200,-22.28317366208405
2024-10-21 12:36:53.683336201+00:00,2024-10-21 12:36:53.683336201+00:00,10,2,38,A,B,0,233.87,100,130,166417,13757245,AAPL,100,2318,223.1437080546873
2024-10-21 12:36:54.097617679+00:00,2024-10-21 12:36:54.097617679+00:00,10,2,38,C,B,3,233.69,200,130,166935,13757887,AAPL,0,-931,-174.12984961595058
2024-10-21 12:36:54.097630082+00:00,2024-10-21 12:36:54.097630082+00:00,10,2,38,A,B,3,233.67,400,130,166354,13757888,AAPL,0,1131,128.2238956473178
2024-10-21 12:36:54.153856242+00:00,2024-10-21 12:36:54.153856242+00:00,10,2,38,A,A,1,233.95,200,130,166974,13757933,AAPL,0,1486,107.9919426248901
2024-10-21 12:36:56.765119762+00:00,2024-10-21 12:36:56.765119762+00:00,10,2,38,C,A,1,233.95,200,130,166445,13761191,AAPL,0,1486,107.9919426248901
2024-10-21 12:36:56.765132861+00:00,2024-10-21 12:36:56.765132861+00:00,10,2,38,A,A,1,233.98,200,130,166325,13761192,AAPL,0,1486,107.9919426248901
2024-10-21 12:36:56.819654707+00:00,2024-10-21 12:36:56.819654707+00:00,10,2,38,A,B,1,233.75,200,130,166789,13761264,AAPL,0,-931,-202.01803177972752
2024-10-21 12:36:57.476523790+00:00,2024-10-21 12:36:57.476523790+00:00,10,2,38,A,A,1,233.97,200,130,166357,13761903,AAPL,0,200,-30.074227863711645
2024-10-21 12:36:58.378164795+00:00,2024-10-21 12:36:58.378164795+00:00,10,2,38,A,B,1,233.8,1,130,166223,13762590,AAPL,0,2219,325.89268796356237
2024-10-21 12:36:58.406534723+00:00,2024-10-21 12:36:58.406534723+00:00,10,2,38,C,B,2,233.75,200,130,165940,13762607,AAPL,0,-200,-65.15664287531204
2024-10-21 12:36:58.406546557+00:00,2024-10-21 12:36:58.406546557+00:00,10,2,38,A,B,4,233.66,400,130,166260,13762608,AAPL,0,400,12.482205772214147
2024-10-21 12:36:58.464922853+00:00,2024-10-21 12:36:58.464922853+00:00,10,2,38,A,A,1,233.95,200,130,166439,13762643,AAPL,0,200,-30.074227863711645
2024-10-21 12:37:00.372093470+00:00,2024-10-21 12:37:00.372093470+00:00,10,2,38,A,A,1,233.94,200,130,166428,13768646,AAPL,0,200,-30.074227863711645
2024-10-21 12:37:00.454146766+00:00,2024-10-21 12:37:00.454146766+00:00,10,2,38,A,B,4,233.67,200,130,167422,13768861,AAPL,0,831,43.325656422189354
2024-10-21 12:37:00.536164034+00:00,2024-10-21 12:37:00.536164034+00:00,10,2,38,A,B,3,233.7,200,130,166451,13769000,AAPL,0,-631,-89.23161039082211
2024-10-21 12:37:01.064935080+00:00,2024-10-21 12:37:01.064935080+00:00,10,2,38,T,A,0,233.87,50,130,167845,13770182,AAPL,0,0,-43.71990826869805
2024-10-21 12:37:01.064935080+00:00,2024-10-21 12:37:01.064935080+00:00,10,2,38,C,B,0,233.87,50,130,167845,13770182,AAPL,-50,-50,-44.53226300030945
2024-10-21 12:37:01.064997491+00:00,2024-10-21 12:37:01.064997491+00:00,10,2,38,C,B,3,233.7,200,130,167743,13770206,AAPL,0,-200,-85.25377083746139
2024-10-21 12:37:01.065010830+00:00,2024-10-21 12:37:01.065010830+00:00,10,2,38,T,A,0,233.87,50,130,169308,13770207,AAPL,0,0,-43.71990826869805
2024-10-21 12:37:01.065010830+00:00,2024-10-21 12:37:01.065010830+00:00,10,2,38,C,B,0,233.87,50,130,169308,13770207,AAPL,-50,-2069,-392.7081246259559
2024-10-21 12:37:01.065032811+00:00,2024-10-21 12:37:01.065032811+00:00,10,2,38,A,A,0,233.88,100,130,167148,13770208,AAPL,100,1527,112.28724095525217
2024-10-21 12:37:01.065044515+00:00,2024-10-21 12:37:01.065044515+00:00,10,2,38,C,A,0,233.88,100,130,165727,13770209,AAPL,100,1527,112.28724095525217
2024-10-21 12:37:01.065398746+00:00,2024-10-21 12:37:01.065398746+00:00,10,2,38,A,A,0,233.88,128,130,166344,13770256,AAPL,128,1555,112.74215960495455
2024-10-21 12:37:01.134392616+00:00,2024-10-21 12:37:01.134392616+00:00,10,2,38,A,B,3,233.66,400,130,167572,13771245,AAPL,0,400,39.34781686882863
2024-10-21 12:37:01.201495261+00:00,2024-10-21 12:37:01.201495261+00:00,10,2,38,C,B,3,233.66,400,130,166036,13771559,AAPL,0,-400,-126.78763340622474
2024-10-21 12:37:01.201507987+00:00,2024-10-21 12:37:01.201507987+00:00,10,2,38,A,B,4,233.63,200,130,166311,13771561,AAPL,0,930,73.11672224514496
2024-10-21 12:37:01.461864865+00:00,2024-10-21 12:37:01.461864865+00:00,10,2,38,A,B,3,233.66,200,130,166662,13772097,AAPL,0,-730,-119.02267621377771
2024-10-21 12:37:01.498580512+00:00,2024-10-21 12:37:01.498580512+00:00,10,2,38,A,A,0,233.87,2,130,166938,13772138,AAPL,2,1452,100.45874180497941
2024-10-21 12:37:02.076277129+00:00,2024-10-21 12:37:02.076277129+00:00,10,2,38,A,B,3,233.66,200,130,166290,13772702,AAPL,0,200,-2.186045699934712
2024-10-21 12:37:02.131181816+00:00,2024-10-21 12:37:02.131181816+00:00,10,2,38,C,B,3,233.66,200,130,166008,13772780,AAPL,0,-200,-85.25377083746139
2024-10-21 12:37:02.131194998+00:00,2024-10-21 12:37:02.131194998+00:00,10,2,38,A,B,2,233.71,400,130,166200,13772781,AAPL,0,2338,338.6865003255059
2024-10-21 12:37:05.074380125+00:00,2024-10-21 12:37:05.074380125+00:00,10,2,38,A,A,0,233.86,2,130,166343,13775786,AAPL,2,954,46.4906118505882
2024-10-21 12:37:09.471991076+00:00,2024-10-21 12:37:09.471991076+00:00,10,2,38,A,A,1,233.87,14,130,166316,13779963,AAPL,0,14,-42.764710640349
2024-10-21 12:37:09.476084016+00:00,2024-10-21 12:37:09.476084016+00:00,10,2,38,C,A,1,233.87,14,130,165950,13779967,AAPL,0,-14,-44.6751058970471
2024-10-21 12:37:09.756862909+00:00,2024-10-21 12:37:09.756862909+00:00,10,2,38,C,B,2,233.71,400,130,166168,13780883,AAPL,0,-2338,-426.126316862902
2024-10-21 12:37:09.756876626+00:00,2024-10-21 12:37:09.756876626+00:00,10,2,38,A,B,3,233.66,400,130,166224,13780884,AAPL,0,400,39.34781686882863
2024-10-21 12:37:10.616114227+00:00,2024-10-21 12:37:10.616114227+00:00,10,2,38,A,B,2,233.71,400,130,167252,13782526,AAPL,0,2338,338.6865003255059
2024-10-21 12:37:17.205123764+00:00,2024-10-21 12:37:17.205123764+00:00,10,2,38,C,B,2,233.71,400,130,166182,13792266,AAPL,0,-2338,-426.126316862902
2024-10-21 12:37:17.205136424+00:00,2024-10-21 12:37:17.205136424+00:00,10,2,38,A,B,3,233.66,400,130,166203,13792267,AAPL,0,400,39.34781686882863
2024-10-21 12:37:19.163732276+00:00,2024-10-21 12:37:19.163732276+00:00,10,2,38,C,A,4,233.94,200,130,166182,13794825,AAPL,0,818,31.771473457665667
2024-10-21 12:37:19.163745804+00:00,2024-10-21 12:37:19.163745804+00:00,10,2,38,A,A,4,233.97,200,130,166515,13794826,AAPL,0,818,31.771473457665667
2024-10-21 12:37:19.224217636+00:00,2024-10-21 12:37:19.224217636+00:00,10,2,38,A,A,4,233.94,200,130,166763,13794897,AAPL,0,200,-15.618851248241953
2024-10-21 12:37:24.436550463+00:00,2024-10-21 12:37:24.436550463+00:00,10,2,38,A,B,2,233.71,400,130,166927,13803390,AAPL,0,2338,338.6865003255059
2024-10-21 12:37:25.366548710+00:00,2024-10-21 12:37:25.366548710+00:00,10,2,38,C,B,2,233.71,400,130,165932,13804504,AAPL,0,-2338,-426.126316862902
2024-10-21 12:37:25.366561737+00:00,2024-10-21 12:37:25.366561737+00:00,10,2,38,A,B,3,233.66,400,130,166626,13804505,AAPL,0,400,39.34781686882863
2024-10-21 12:37:27.922279446+00:00,2024-10-21 12:37:27.922279446+00:00,10,2,38,A,B,2,233.71,400,130,166184,13806790,AAPL,0,2338,338.6865003255059
2024-10-21 12:37:36.585363105+00:00,2024-10-21 12:37:36.585363105+00:00,10,2,38,C,B,2,233.71,400,130,165968,13815636,AAPL,0,-2338,-426.126316862902
2024-10-21 12:37:36.585375675+00:00,2024-10-21 12:37:36.585375675+00:00,10,2,38,A,B,3,233.66,400,130,166253,13815637,AAPL,0,400,39.34781686882863
2024-10-21 12:37:36.952501284+00:00,2024-10-21 12:37:36.952501284+00:00,10,2,38,A,B,2,233.71,400,130,166278,13816372,AAPL,0,2338,338.6865003255059
2024-10-21 12:37:38.907567221+00:00,2024-10-21 12:37:38.907567221+00:00,10,2,38,A,A,4,233.93,200,130,166455,13819902,AAPL,0,200,-15.618851248241953
2024-10-21 12:37:39.163653557+00:00,2024-10-21 12:37:39.163653557+00:00,10,2,38,A,B,2,233.73,200,130,166192,13820674,AAPL,0,200,-22.28317366208405
2024-10-21 12:37:39.594538033+00:00,2024-10-21 12:37:39.594538033+00:00,10,2,38,A,A,4,233.92,200,130,166423,13821169,AAPL,0,200,-15.618851248241953
2024-10-21 12:37:42.591822605+00:00,2024-10-21 12:37:42.591822605+00:00,10,2,38,C,B,2,233.73,200,130,166557,13826478,AAPL,0,-2138,-404.68958225628796
2024-10-21 12:37:42.591835289+00:00,2024-10-21 12:37:42.591835289+00:00,10,2,38,A,B,2,233.7,400,130,166155,13826479,AAPL,0,400,-0.84643905547005
2024-10-21 12:37:47.411231127+00:00,2024-10-21 12:37:47.411231127+00:00,10,2,38,A,B,0,233.84,1,130,166393,13832467,AAPL,1,2420,387.5399255891073
2024-10-21 12:37:48.676986240+00:00,2024-10-21 12:37:48.676986240+00:00,10,2,38,A,A,0,233.85,24,130,166268,13837420,AAPL,24,878,56.97710439651623
2024-10-21 12:37:48.750455978+00:00,2024-10-21 12:37:48.750455978+00:00,10,2,38,C,A,5,233.92,200,130,166227,13839071,AAPL,0,718,29.09265679080909
2024-10-21 12:37:48.750469059+00:00,2024-10-21 12:37:48.750469059+00:00,10,2,38,A,A,5,233.96,200,130,166256,13839072,AAPL,0,718,29.09265679080909
2024-10-21 12:37:48.859269056+00:00,2024-10-21 12:37:48.859269056+00:00,10,2,38,A,A,5,233.93,200,130,167303,13839370,AAPL,0,200,-14.707780388598184
2024-10-21 12:37:49.104334459+00:00,2024-10-21 12:37:49.104334459+00:00,10,2,38,C,A,5,233.93,200,130,166143,13839687,AAPL,0,718,29.09265679080909
2024-10-21 12:37:49.104346675+00:00,2024-10-21 12:37:49.104346675+00:00,10,2,38,A,A,5,233.96,200,130,166528,13839688,AAPL,0,718,29.09265679080909
2024-10-21 12:37:49.160516949+00:00,2024-10-21 12:37:49.160516949+00:00,10,2,38,A,B,2,233.75,400,130,166444,13839742,AAPL,0,0,-83.91416419299672
2024-10-21 12:37:50.467783433+00:00,2024-10-21 12:37:50.467783433+00:00,10,2,38,C,B,2,233.75,400,130,166248,13840879,AAPL,0,-400,-86.59337748192605
2024-10-21 12:37:50.467796686+00:00,2024-10-21 12:37:50.467796686+00:00,10,2,38,A,B,3,233.7,400,130,166350,13840880,AAPL,0,400,39.34781686882863
2024-10-21 12:37:50.525418175+00:00,2024-10-21 12:37:50.525418175+00:00,10,2,38,A,A,5,233.93,200,130,167273,13840945,AAPL,0,200,-14.707780388598184
2024-10-21 12:37:51.258156258+00:00,2024-10-21 12:37:51.258156258+00:00,10,2,38,C,A,5,233.93,200,130,166202,13842020,AAPL,0,718,29.09265679080909
2024-10-21 12:37:51.258169160+00:00,2024-10-21 12:37:51.258169160+00:00,10,2,38,A,A,5,233.96,200,130,166512,13842021,AAPL,0,718,29.09265679080909
2024-10-21 12:37:51.310797013+00:00,2024-10-21 12:37:51.310797013+00:00,10,2,38,A,B,2,233.75,400,130,166487,13842075,AAPL,0,0,-83.91416419299672
2024-10-21 12:37:54.120490249+00:00,2024-10-21 12:37:54.120490249+00:00,10,2,38,A,B,2,233.76,400,130,166729,13846753,AAPL,0,2318,244.30149276091913
2024-10-21 12:37:54.459888299+00:00,2024-10-21 12:37:54.459888299+00:00,10,2,38,A,A,5,233.94,200,130,166794,13847249,AAPL,0,200,-14.707780388598184
2024-10-21 12:37:57.227102986+00:00,2024-10-21 12:37:57.227102986+00:00,10,2,38,A,A,5,233.93,200,130,166370,13849986,AAPL,0,200,-14.707780388598184
2024-10-21 12:38:00.262765699+00:00,2024-10-21 12:38:00.262765699+00:00,10,2,38,C,B,2,233.76,400,130,166803,13854120,AAPL,0,-2318,-331.7413092983153
2024-10-21 12:38:00.262778489+00:00,2024-10-21 12:38:00.262778489+00:00,10,2,38,A,B,3,233.74,400,130,166300,13854121,AAPL,0,2238,267.8822036577125
2024-10-21 12:38:00.316954864+00:00,2024-10-21 12:38:00.316954864+00:00,10,2,38,A,B,2,233.75,400,130,166454,13854229,AAPL,0,-1838,-312.4485509818806
2024-10-21 12:38:00.336429148+00:00,2024-10-21 12:38:00.336429148+00:00,10,2,38,C,A,5,233.93,200,130,166142,13854321,AAPL,0,718,29.09265679080909
2024-10-21 12:38:00.336442519+00:00,2024-10-21 12:38:00.336442519+00:00,10,2,38,A,A,5,233.96,200,130,166477,13854322,AAPL,0,718,29.09265679080909
2024-10-21 12:38:00.442444353+00:00,2024-10-21 12:38:00.442444353+00:00,10,2,38,A,A,5,233.93,200,130,166422,13854617,AAPL,0,200,-14.707780388598184
2024-10-21 12:38:00.603243988+00:00,2024-10-21 12:38:00.603243988+00:00,10,2,38,A,A,5,233.92,200,130,166141,13854998,AAPL,0,200,-14.707780388598184
2024-10-21 12:38:01.201736475+00:00,2024-10-21 12:38:01.201736475+00:00,10,2,38,T,A,0,233.84,1,130,167701,13855768,AAPL,0,0,-43.71990826869805
2024-10-21 12:38:01.201736475+00:00,2024-10-21 12:38:01.201736475+00:00,10,2,38,C,B,0,233.84,1,130,167701,13855768,AAPL,-1,-2420,-434.7854862022048
2024-10-21 12:38:01.269398755+00:00,2024-10-21 12:38:01.269398755+00:00,10,2,38,C,B,1,233.75,400,130,166103,13856251,AAPL,0,-400,-71.01126907867086
2024-10-21 12:38:01.269411943+00:00,2024-10-21 12:38:01.269411943+00:00,10,2,38,A,B,3,233.69,400,130,166096,13856252,AAPL,0,1131,128.2238956473178
2024-10-21 12:38:01.547036937+00:00,2024-10-21 12:38:01.547036937+00:00,10,2,38,C,B,1,233.75,80,130,166637,13856833,AAPL,0,-2418,-350.492677697624
2024-10-21 12:38:02.096094950+00:00,2024-10-21 12:38:02.096094950+00:00,10,2,38,C,B,2,233.69,200,130,166687,13857642,AAPL,0,-200,-65.15664287531204
2024-10-21 12:38:02.402017086+00:00,2024-10-21 12:38:02.402017086+00:00,10,2,38,A,B,2,233.69,200,130,166209,13858176,AAPL,0,200,-22.28317366208405
2024-10-21 12:38:02.465417465+00:00,2024-10-21 12:38:02.465417465+00:00,10,2,38,C,B,2,233.69,200,130,165803,13858347,AAPL,0,-200,-65.15664287531204
2024-10-21 12:38:02.465429218+00:00,2024-10-21 12:38:02.465429218+00:00,10,2,38,A,B,1,233.7,400,130,166120,13858348,AAPL,0,-541,-130.46199739626715
2024-10-21 12:38:13.050394683+00:00,2024-10-21 12:38:13.050394683+00:00,10,2,38,A,A,0,233.84,4,130,166707,13869141,AAPL,4,881,29.826464186476255
2024-10-21 12:38:13.124071363+00:00,2024-10-21 12:38:13.124071363+00:00,10,2,38,C,A,6,233.92,200,130,166169,13869209,AAPL,0,717,8.929369136901297
2024-10-21 12:38:13.124084446+00:00,2024-10-21 12:38:13.124084446+00:00,10,2,38,A,A,6,233.95,200,130,167174,13869210,AAPL,0,717,8.929369136901297
2024-10-21 12:38:18.490902611+00:00,2024-10-21 12:38:18.490902611+00:00,10,2,38,C,B,1,233.7,400,130,165915,13875267,AAPL,0,-400,-71.01126907867086
2024-10-21 12:38:18.490913936+00:00,2024-10-21 12:38:18.490913936+00:00,10,2,38,A,B,2,233.69,200,130,166192,13875269,AAPL,0,941,70.31354166884387
2024-10-21 12:38:20.985998839+00:00,2024-10-21 12:38:20.985998839+00:00,10,2,38,T,A,0,233.8,1,130,168045,13877196,AAPL,0,0,-43.71990826869805
2024-10-21 12:38:20.985998839+00:00,2024-10-21 12:38:20.985998839+00:00,10,2,38,C,B,0,233.8,1,130,168045,13877196,AAPL,-1,-2149,-240.1212865449652
2024-10-21 12:38:20.986025309+00:00,2024-10-21 12:38:20.986025309+00:00,10,2,38,A,A,0,233.82,1,130,166625,13877199,AAPL,1,482,0.8231641119872334
2024-10-21 12:38:20.986183368+00:00,2024-10-21 12:38:20.986183368+00:00,10,2,38,C,B,1,233.69,200,130,166665,13877204,AAPL,0,-1051,-194.36995172111935
2024-10-21 12:38:20.986209570+00:00,2024-10-21 12:38:20.986209570+00:00,10,2,38,A,A,1,233.83,100,130,166224,13877205,AAPL,0,481,0.055125508391356805
2024-10-21 12:38:20.986221127+00:00,2024-10-21 12:38:20.986221127+00:00,10,2,38,A,A,1,233.83,2,130,166532,13877206,AAPL,0,2,-43.583451464648185
2024-10-21 12:38:20.986359911+00:00,2024-10-21 12:38:20.986359911+00:00,10,2,38,A,A,1,233.83,128,130,166311,13877211,AAPL,0,128,-34.98667280950675
2024-10-21 12:38:20.986378447+00:00,2024-10-21 12:38:20.986378447+00:00,10,2,38,C,A,7,233.89,4,130,166117,13877212,AAPL,0,221,-25.042601887203727
2024-10-21 12:38:20.986396044+00:00,2024-10-21 12:38:20.986396044+00:00,10,2,38,A,A,0,233.82,4,130,166169,13877213,AAPL,4,4,-43.65491989016914
2024-10-21 12:38:20.986433209+00:00,2024-10-21 12:38:20.986433209+00:00,10,2,38,C,A,6,233.88,128,130,166164,13877215,AAPL,0,445,-9.395651049723096
2024-10-21 12:38:20.986615985+00:00,2024-10-21 12:38:20.986615985+00:00,10,2,38,C,A,1,233.83,100,130,165777,13877216,AAPL,0,-100,-50.54274847119126
2024-10-21 12:38:20.986887376+00:00,2024-10-21 12:38:20.986887376+00:00,10,2,38,A,A,0,233.81,128,130,166650,13877217,AAPL,128,612,-0.6469889980850834
2024-10-21 12:38:20.986924542+00:00,2024-10-21 12:38:20.986924542+00:00,10,2,38,C,A,6,233.87,2,130,166136,13877218,AAPL,0,319,-21.49456198806502
2024-10-21 12:38:20.990315989+00:00,2024-10-21 12:38:20.990315989+00:00,10,2,38,C,A,2,233.83,2,130,166221,13877221,AAPL,0,-2,-43.93427561476419
2024-10-21 12:38:21.053639879+00:00,2024-10-21 12:38:21.053639879+00:00,10,2,38,A,B,1,233.69,400,130,166001,13877320,AAPL,0,1251,120.57581558870969
2024-10-21 12:38:21.057112403+00:00,2024-10-21 12:38:21.057112403+00:00,10,2,38,C,B,1,233.69,400,130,165893,13877332,AAPL,0,-1251,-208.01563212610577
2024-10-21 12:38:21.064804647+00:00,2024-10-21 12:38:21.064804647+00:00,10,2,38,A,B,2,233.58,400,130,166263,13877342,AAPL,0,400,-0.84643905547005
2024-10-21 12:38:21.064830997+00:00,2024-10-21 12:38:21.064830997+00:00,10,2,38,A,A,6,233.95,200,130,166260,13877343,AAPL,0,200,-24.51528773164737
2024-10-21 12:38:21.086105964+00:00,2024-10-21 12:38:21.086105964+00:00,10,2,38,C,A,1,233.82,1,130,166018,13877368,AAPL,0,-1,-43.788136670722984
2024-10-21 12:38:21.116614965+00:00,2024-10-21 12:38:21.116614965+00:00,10,2,38,C,A,6,233.95,200,130,166169,13877396,AAPL,0,-200,-62.924528805748736
2024-10-21 12:38:21.116627916+00:00,2024-10-21 12:38:21.116627916+00:00,10,2,38,A,A,6,233.94,400,130,167141,13877397,AAPL,0,400,-5.3106671945966895
2024-10-21 12:38:21.127620498+00:00,2024-10-21 12:38:21.127620498+00:00,10,2,38,A,A,6,233.87,400,130,166264,13877432,AAPL,0,400,-5.3106671945966895
2024-10-21 12:38:21.712864469+00:00,2024-10-21 12:38:21.712864469+00:00,10,2,38,C,B,2,233.58,200,130,166687,13877804,AAPL,0,-200,-65.15664287531204
2024-10-21 12:38:21.828276411+00:00,2024-10-21 12:38:21.828276411+00:00,10,2,38,A,B,2,233.58,200,130,166551,13877853,AAPL,0,200,-22.28317366208405
2024-10-21 12:38:22.256456628+00:00,2024-10-21 12:38:22.256456628+00:00,10,2,38,C,B,2,233.58,200,130,165891,13878076,AAPL,0,-200,-65.15664287531204
2024-10-21 12:38:22.256482691+00:00,2024-10-21 12:38:22.256482691+00:00,10,2,38,A,B,2,233.61,200,130,166410,13878077,AAPL,0,1050,114.61400571231779
2024-10-21 12:38:23.254687557+00:00,2024-10-21 12:38:23.254687557+00:00,10,2,38,T,N,0,233.8,50,130,167150,13878550,AAPL,0,0,-43.71990826869805
2024-10-21 12:38:24.119784545+00:00,2024-10-21 12:38:24.119784545+00:00,10,2,38,A,B,2,233.64,200,130,166470,13879331,AAPL,0,200,-22.28317366208405
2024-10-21 12:38:24.411319477+00:00,2024-10-21 12:38:24.411319477+00:00,10,2,38,C,B,2,233.64,200,130,166046,13879543,AAPL,0,-1050,-202.05382224971387
2024-10-21 12:38:24.411330476+00:00,2024-10-21 12:38:24.411330476+00:00,10,2,38,A,B,2,233.61,200,130,166525,13879544,AAPL,0,1050,114.61400571231779
2024-10-21 12:38:27.465707438+00:00,2024-10-21 12:38:27.465707438+00:00,10,2,38,A,B,2,233.64,200,130,166586,13881659,AAPL,0,200,-22.28317366208405
2024-10-21 12:38:27.556753199+00:00,2024-10-21 12:38:27.556753199+00:00,10,2,38,C,B,2,233.64,200,130,165882,13881796,AAPL,0,-1050,-202.05382224971387
2024-10-21 12:38:27.556765455+00:00,2024-10-21 12:38:27.556765455+00:00,10,2,38,A,B,2,233.63,200,130,166407,13881797,AAPL,0,1050,114.61400571231779
2024-10-21 12:38:27.614000492+00:00,2024-10-21 12:38:27.614000492+00:00,10,2,38,C,B,2,233.63,200,130,165956,13881896,AAPL,0,-1050,-202.05382224971387
2024-10-21 12:38:27.614012681+00:00,2024-10-21 12:38:27.614012681+00:00,10,2,38,A,B,2,233.6,200,130,166805,13881897,AAPL,0,1050,114.61400571231779
2024-10-21 12:38:27.623739112+00:00,2024-10-21 12:38:27.623739112+00:00,10,2,38,A,A,5,233.86,400,130,166469,13881964,AAPL,0,1317,86.15824543415171
2024-10-21 12:38:28.193154770+00:00,2024-10-21 12:38:28.193154770+00:00,10,2,38,A,A,4,233.85,400,130,167024,13882605,AAPL,0,0,-45.542049987985585
2024-10-21 12:38:28.732222683+00:00,2024-10-21 12:38:28.732222683+00:00,10,2,38,A,A,0,233.8,40,130,166309,13884151,AAPL,40,1247,88.37805303206318
2024-10-21 12:38:28.732261256+00:00,2024-10-21 12:38:28.732261256+00:00,10,2,38,C,A,6,233.86,2,130,166463,13884152,AAPL,0,519,-10.083205194778879
2024-10-21 12:38:30.670563949+00:00,2024-10-21 12:38:30.670563949+00:00,10,2,38,A,B,1,233.67,200,130,166734,13886023,AAPL,0,201,-29.96704419067857
2024-10-21 12:38:30.672097186+00:00,2024-10-21 12:38:30.672097186+00:00,10,2,38,C,A,5,233.85,400,130,166410,13886024,AAPL,0,-400,-101.74416402889779
2024-10-21 12:38:30.672110180+00:00,2024-10-21 12:38:30.672110180+00:00,10,2,38,A,A,6,233.86,200,130,166935,13886025,AAPL,0,717,8.929369136901297
2024-10-21 12:38:30.672237085+00:00,2024-10-21 12:38:30.672237085+00:00,10,2,38,C,A,6,233.86,200,130,166129,13886026,AAPL,0,717,8.929369136901297
2024-10-21 12:38:30.672248660+00:00,2024-10-21 12:38:30.672248660+00:00,10,2,38,A,A,6,233.91,400,130,166575,13886027,AAPL,0,917,28.133989673951977
2024-10-21 12:38:31.614004753+00:00,2024-10-21 12:38:31.614004753+00:00,10,2,38,A,A,6,233.86,400,130,166361,13886711,AAPL,0,400,-5.3106671945966895
2024-10-21 12:38:32.037724092+00:00,2024-10-21 12:38:32.037724092+00:00,10,2,38,A,B,1,233.68,200,130,166331,13887091,AAPL,0,200,-30.074227863711645
2024-10-21 12:38:33.019264575+00:00,2024-10-21 12:38:33.019264575+00:00,10,2,38,C,B,1,233.68,200,130,166260,13888211,AAPL,0,-1051,-194.36995172111935
2024-10-21 12:38:33.019275921+00:00,2024-10-21 12:38:33.019275921+00:00,10,2,38,A,B,2,233.61,200,130,166156,13888212,AAPL,0,1050,114.61400571231779
2024-10-21 12:38:33.943719177+00:00,2024-10-21 12:38:33.943719177+00:00,10,2,38,T,B,0,233.8,20,130,167551,13889581,AAPL,0,0,-43.71990826869805
2024-10-21 12:38:33.943719177+00:00,2024-10-21 12:38:33.943719177+00:00,10,2,38,C,A,0,233.8,20,130,167551,13889581,AAPL,-20,-20,-44.04485016134261
2024-10-21 12:38:33.943747947+00:00,2024-10-21 12:38:33.943747947+00:00,10,2,38,T,B,0,233.8,20,130,168442,13889582,AAPL,0,0,-43.71990826869805
2024-10-21 12:38:33.943747947+00:00,2024-10-21 12:38:33.943747947+00:00,10,2,38,C,A,0,233.8,20,130,168442,13889582,AAPL,20,1225,68.24605024794978
2024-10-21 12:38:33.943769475+00:00,2024-10-21 12:38:33.943769475+00:00,10,2,38,A,B,0,233.72,100,130,167651,13889583,AAPL,100,2248,174.28657469849824
2024-10-21 12:38:33.943773105+00:00,2024-10-21 12:38:33.943773105+00:00,10,2,38,A,B,0,233.75,22,130,166667,13889584,AAPL,22,2260,209.8753611933065
2024-10-21 12:38:33.943783290+00:00,2024-10-21 12:38:33.943783290+00:00,10,2,38,A,B,1,233.72,100,130,166104,13889585,AAPL,0,100,-36.897068066204845
2024-10-21 12:38:33.943793216+00:00,2024-10-21 12:38:33.943793216+00:00,10,2,38,A,B,0,233.75,33,130,166139,13889586,AAPL,33,33,-43.18375414583453
2024-10-21 12:38:33.943807790+00:00,2024-10-21 12:38:33.943807790+00:00,10,2,38,A,B,1,233.72,33,130,167163,13889587,AAPL,0,33,-41.4683710018753
2024-10-21 12:38:33.943810905+00:00,2024-10-21 12:38:33.943810905+00:00,10,2,38,C,B,1,233.72,100,130,166074,13889589,AAPL,0,818,51.281944468415745
2024-10-21 12:38:33.943823630+00:00,2024-10-21 12:38:33.943823630+00:00,10,2,38,C,B,1,233.72,100,130,165919,13889590,AAPL,0,-100,-50.54274847119126
2024-10-21 12:38:33.944141857+00:00,2024-10-21 12:38:33.944141857+00:00,10,2,38,A,A,5,233.87,200,130,166426,13889591,AAPL,0,718,29.09265679080909
2024-10-21 12:38:33.944247536+00:00,2024-10-21 12:38:33.944247536+00:00,10,2,38,A,B,0,233.76,100,130,166273,13889592,AAPL,100,2226,303.80336531470704
2024-10-21 12:38:33.944267088+00:00,2024-10-21 12:38:33.944267088+00:00,10,2,38,C,A,5,233.87,200,130,165944,13889593,AAPL,0,718,29.09265679080909
2024-10-21 12:38:33.952228694+00:00,2024-10-21 12:38:33.952228694+00:00,10,2,38,C,B,0,233.76,100,130,166137,13889598,AAPL,-100,-2226,-391.24318185210313
2024-10-21 12:38:33.952250005+00:00,2024-10-21 12:38:33.952250005+00:00,10,2,38,C,B,0,233.75,22,130,166195,13889599,AAPL,-22,-22,-44.07734435060707
2024-10-21 12:38:33.989609591+00:00,2024-10-21 12:38:33.989609591+00:00,10,2,38,A,A,5,233.87,200,130,166307,13889637,AAPL,0,718,29.09265679080909
2024-10-21 12:38:34.050783040+00:00,2024-10-21 12:38:34.050783040+00:00,10,2,38,A,A,5,233.87,200,130,166438,13889714,AAPL,0,200,-14.707780388598184
2024-10-21 12:38:34.050814299+00:00,2024-10-21 12:38:34.050814299+00:00,10,2,38,C,B,1,233.72,33,130,165888,13889715,AAPL,0,-2171,-292.38643871312314
2024-10-21 12:38:34.203768072+00:00,2024-10-21 12:38:34.203768072+00:00,10,2,38,C,B,0,233.75,33,130,166305,13889905,AAPL,-33,-2181,-260.6378358955351
2024-10-21 12:38:34.505296009+00:00,2024-10-21 12:38:34.505296009+00:00,10,2,38,A,A,0,233.8,20,130,166523,13890213,AAPL,20,1225,68.24605024794978
2024-10-21 12:38:36.080592393+00:00,2024-10-21 12:38:36.080592393+00:00,10,2,38,A,B,1,233.68,200,130,166454,13892305,AAPL,0,201,-29.96704419067857
2024-10-21 12:38:36.293829552+00:00,2024-10-21 12:38:36.293829552+00:00,10,2,38,A,B,1,233.69,200,130,166345,13892567,AAPL,0,200,-30.074227863711645
2024-10-21 12:38:36.493352133+00:00,2024-10-21 12:38:36.493352133+00:00,10,2,38,C,A,6,233.87,200,130,166071,13892726,AAPL,0,-200,-62.924528805748736
2024-10-21 12:38:36.493362781+00:00,2024-10-21 12:38:36.493362781+00:00,10,2,38,C,A,6,233.87,200,130,165808,13892727,AAPL,0,717,8.929369136901297
2024-10-21 12:38:36.493424304+00:00,2024-10-21 12:38:36.493424304+00:00,10,2,38,A,B,0,233.77,2,130,166005,13892728,AAPL,2,2150,152.6977171022013
2024-10-21 12:38:36.493836095+00:00,2024-10-21 12:38:36.493836095+00:00,10,2,38,A,A,6,233.88,200,130,166357,13892729,AAPL,0,717,8.929369136901297
2024-10-21 12:38:36.497532688+00:00,2024-10-21 12:38:36.497532688+00:00,10,2,38,C,B,0,233.77,2,130,166197,13892730,AAPL,-2,-2150,-240.13753363959742
2024-10-21 12:38:36.552185914+00:00,2024-10-21 12:38:36.552185914+00:00,10,2,38,A,A,6,233.88,200,130,166141,13892798,AAPL,0,200,-24.51528773164737
2024-10-21 12:38:38.241994623+00:00,2024-10-21 12:38:38.241994623+00:00,10,2,38,C,B,1,233.69,200,130,166503,13895064,AAPL,0,-1051,-194.36995172111935
2024-10-21 12:38:38.242007311+00:00,2024-10-21 12:38:38.242007311+00:00,10,2,38,A,B,2,233.62,200,130,166199,13895065,AAPL,0,1050,114.61400571231779
2024-10-21 12:38:41.493738059+00:00,2024-10-21 12:38:41.493738059+00:00,10,2,38,A,B,2,233.63,200,130,166570,13897783,AAPL,0,200,-22.28317366208405
2024-10-21 12:38:41.521748296+00:00,2024-10-21 12:38:41.521748296+00:00,10,2,38,A,B,1,233.68,200,130,166363,13897833,AAPL,0,201,-29.96704419067857
2024-10-21 12:38:41.531759226+00:00,2024-10-21 12:38:41.531759226+00:00,10,2,38,C,A,6,233.88,200,130,166911,13897874,AAPL,0,-200,-62.924528805748736
2024-10-21 12:38:41.531773720+00:00,2024-10-21 12:38:41.531773720+00:00,10,2,38,A,A,6,233.87,400,128,167290,13897877,AAPL,0,400,-5.3106671945966895
2024-10-21 12:38:53.685919391+00:00,2024-10-21 12:38:53.685919391+00:00,10,2,38,A,A,0,233.79,12,130,166392,13910980,AAPL,12,837,29.972051405428825
2024-10-21 12:38:53.685955694+00:00,2024-10-21 12:38:53.685955694+00:00,10,2,38,C,A,6,233.85,24,130,166231,13910981,AAPL,0,541,-4.70258822095869
2024-10-21 12:38:54.308447960+00:00,2024-10-21 12:38:54.308447960+00:00,10,2,38,C,B,1,233.68,200,130,166208,13911497,AAPL,0,-1051,-194.36995172111935
2024-10-21 12:38:54.308461200+00:00,2024-10-21 12:38:54.308461200+00:00,10,2,38,A,B,2,233.61,200,130,166388,13911498,AAPL,0,1050,114.61400571231779
2024-10-21 12:38:54.572377396+00:00,2024-10-21 12:38:54.572377396+00:00,10,2,38,A,B,2,233.62,200,130,166412,13911804,AAPL,0,200,-22.28317366208405
2024-10-21 12:38:57.365590499+00:00,2024-10-21 12:38:57.365590499+00:00,10,2,38,A,B,2,233.65,200,130,166263,13916145,AAPL,0,200,-22.28317366208405
2024-10-21 12:39:00.408882228+00:00,2024-10-21 12:39:00.408882228+00:00,10,2,38,A,A,8,234.02,2,130,166087,13919861,AAPL,0,102,-37.66993184120331
2024-10-21 12:39:05.885844391+00:00,2024-10-21 12:39:05.885844391+00:00,10,2,38,T,B,0,233.79,8,130,166962,13927065,AAPL,0,0,-43.71990826869805
2024-10-21 12:39:05.885844391+00:00,2024-10-21 12:39:05.885844391+00:00,10,2,38,C,A,0,233.79,8,130,166962,13927065,AAPL,-8,-8,-43.849885025755874
2024-10-21 12:39:05.885875693+00:00,2024-10-21 12:39:05.885875693+00:00,10,2,38,T,B,0,233.79,4,130,168470,13927066,AAPL,0,0,-43.71990826869805
2024-10-21 12:39:05.885875693+00:00,2024-10-21 12:39:05.885875693+00:00,10,2,38,C,A,0,233.79,4,130,168470,13927066,AAPL,4,807,36.53172667041034
2024-10-21 12:39:05.885899748+00:00,2024-10-21 12:39:05.885899748+00:00,10,2,38,A,B,0,233.74,22,130,167482,13927068,AAPL,22,2260,209.8753611933065
2024-10-21 12:39:05.885911152+00:00,2024-10-21 12:39:05.885911152+00:00,10,2,38,A,B,1,233.72,100,130,166408,13927069,AAPL,0,100,-36.897068066204845
2024-10-21 12:39:05.885912895+00:00,2024-10-21 12:39:05.885912895+00:00,10,2,38,C,B,1,233.72,100,130,165837,13927070,AAPL,0,-100,-50.54274847119126
2024-10-21 12:39:05.885925030+00:00,2024-10-21 12:39:05.885925030+00:00,10,2,38,C,B,1,233.72,100,130,165981,13927071,AAPL,0,-2238,-296.9577416487936
2024-10-21 12:39:05.885938282+00:00,2024-10-21 12:39:05.885938282+00:00,10,2,38,A,B,0,233.74,69,130,167166,13927072,AAPL,69,69,-42.59885873907432
2024-10-21 12:39:05.885953008+00:00,2024-10-21 12:39:05.885953008+00:00,10,2,38,A,B,1,233.71,69,130,166121,13927073,AAPL,0,2207,207.40284464862455
2024-10-21 12:39:05.886355387+00:00,2024-10-21 12:39:05.886355387+00:00,10,2,38,A,B,0,233.76,100,130,166422,13927074,AAPL,100,2298,310.11820001679513
2024-10-21 12:39:05.886369948+00:00,2024-10-21 12:39:05.886369948+00:00,10,2,38,C,A,5,233.87,400,130,166163,13927075,AAPL,0,919,48.28043719259735
2024-10-21 12:39:05.886738012+00:00,2024-10-21 12:39:05.886738012+00:00,10,2,38,C,B,0,233.76,100,130,166047,13927076,AAPL,-100,-2298,-397.5580165541912
2024-10-21 12:39:05.886757600+00:00,2024-10-21 12:39:05.886757600+00:00,10,2,38,C,B,0,233.74,22,130,165747,13927077,AAPL,-22,-22,-44.07734435060707
2024-10-21 12:39:05.886783783+00:00,2024-10-21 12:39:05.886783783+00:00,10,2,38,A,A,5,233.88,200,130,166624,13927078,AAPL,0,719,19.268309312497482
2024-10-21 12:39:05.981525319+00:00,2024-10-21 12:39:05.981525319+00:00,10,2,38,A,A,5,233.88,200,130,166412,13927110,AAPL,0,200,-14.707780388598184
2024-10-21 12:39:05.993765456+00:00,2024-10-21 12:39:05.993765456+00:00,10,2,38,C,B,1,233.71,69,130,166166,13927125,AAPL,0,-2207,-294.8426611860207
2024-10-21 12:39:06.136295194+00:00,2024-10-21 12:39:06.136295194+00:00,10,2,38,C,B,0,233.74,69,130,165686,13927316,AAPL,-69,-2217,-261.2227313022953
2024-10-21 12:39:13.360887776+00:00,2024-10-21 12:39:13.360887776+00:00,10,2,38,C,A,5,233.88,200,130,166031,13938533,AAPL,0,-200,-72.73203614879793
2024-10-21 12:39:13.360899450+00:00,2024-10-21 12:39:13.360899450+00:00,10,2,38,A,A,5,233.87,400,130,166284,13938534,AAPL,0,400,14.304347491501684
2024-10-21 12:39:17.310474885+00:00,2024-10-21 12:39:17.310474885+00:00,10,2,38,C,B,2,233.65,200,130,166402,13943296,AAPL,0,-1050,-202.05382224971387
2024-10-21 12:39:17.310488922+00:00,2024-10-21 12:39:17.310488922+00:00,10,2,38,A,B,2,233.61,200,130,166570,13943297,AAPL,0,1050,114.61400571231779
2024-10-21 12:39:18.976780060+00:00,2024-10-21 12:39:18.976780060+00:00,10,2,38,A,B,2,233.62,200,130,166316,13945040,AAPL,0,200,-22.28317366208405
2024-10-21 12:39:20.364855444+00:00,2024-10-21 12:39:20.364855444+00:00,10,2,38,A,B,1,233.69,200,130,166697,13946354,AAPL,0,201,-29.96704419067857
2024-10-21 12:39:30.110092903+00:00,2024-10-21 12:39:30.110092903+00:00,10,2,38,C,B,1,233.69,200,130,166712,13955489,AAPL,0,-1051,-194.36995172111935
2024-10-21 12:39:30.110469895+00:00,2024-10-21 12:39:30.110469895+00:00,10,2,38,A,A,0,233.79,2,130,166257,13955490,AAPL,2,805,36.49923248114589
2024-10-21 12:39:30.217424858+00:00,2024-10-21 12:39:30.217424858+00:00,10,2,38,A,B,2,233.61,200,130,166158,13955575,AAPL,0,1050,114.61400571231779
2024-10-21 12:39:33.244552009+00:00,2024-10-21 12:39:33.244552009+00:00,10,2,38,A,B,2,233.64,200,130,166430,13959355,AAPL,0,200,-22.28317366208405
2024-10-21 12:39:34.610960601+00:00,2024-10-21 12:39:34.610960601+00:00,10,2,38,A,B,2,233.65,200,130,166411,13960684,AAPL,0,200,-22.28317366208405
2024-10-21 12:39:39.685061973+00:00,2024-10-21 12:39:39.685061973+00:00,10,2,38,C,B,2,233.65,200,130,166197,13967613,AAPL,0,-1050,-202.05382224971387
2024-10-21 12:39:39.685074623+00:00,2024-10-21 12:39:39.685074623+00:00,10,2,38,A,B,2,233.62,200,130,166526,13967614,AAPL,0,1050,114.61400571231779
2024-10-21 12:39:42.739238162+00:00,2024-10-21 12:39:42.739238162+00:00,10,2,38,A,B,1,233.69,200,130,167044,13971371,AAPL,0,201,-29.96704419067857
2024-10-21 12:40:00.394502718+00:00,2024-10-21 12:40:00.394502718+00:00,10,2,38,C,A,8,234.02,2,130,165921,13992279,AAPL,0,102,-37.66993184120331
2024-10-21 12:40:02.173786055+00:00,2024-10-21 12:40:02.173786055+00:00,10,2,38,C,A,6,233.87,400,130,166235,13995251,AAPL,0,917,28.133989673951977
2024-10-21 12:40:02.173798644+00:00,2024-10-21 12:40:02.173798644+00:00,10,2,38,A,A,6,233.89,400,130,166256,13995252,AAPL,0,917,28.133989673951977
2024-10-21 12:40:02.229591880+00:00,2024-10-21 12:40:02.229591880+00:00,10,2,38,A,B,0,233.7,200,130,166633,13995421,AAPL,200,-851,-191.12053279467375
2024-10-21 12:40:06.958241+00:00,2024-10-21 12:40:06.958241+00:00,10,2,38,A,A,1,233.8,6,130,166455,13999840,AAPL,0,6,-43.31053785654846
2024-10-21 12:40:16.999383849+00:00,2024-10-21 12:40:16.999383849+00:00,10,2,38,A,B,0,233.71,200,130,166274,14011531,AAPL,200,2258,178.88555494927542
2024-10-21 12:40:17.380243796+00:00,2024-10-21 12:40:17.380243796+00:00,10,2,38,A,A,0,233.77,2,130,166513,14012619,AAPL,2,811,42.04413124519196
2024-10-21 12:40:17.380284749+00:00,2024-10-21 12:40:17.380284749+00:00,10,2,38,C,A,6,233.84,4,130,166158,14012620,AAPL,0,521,-6.6230502746637585
2024-10-21 12:40:17.380598808+00:00,2024-10-21 12:40:17.380598808+00:00,10,2,38,C,A,5,233.83,128,130,166101,14012621,AAPL,0,1045,46.70175151721589
2024-10-21 12:40:17.408097402+00:00,2024-10-21 12:40:17.408097402+00:00,10,2,38,A,A,5,233.84,200,130,166491,14012684,AAPL,0,200,-14.707780388598184
2024-10-21 12:40:21.749588745+00:00,2024-10-21 12:40:21.749588745+00:00,10,2,38,C,B,0,233.71,200,130,166062,14017176,AAPL,-200,-2258,-266.32537148667154
2024-10-21 12:40:21.749600737+00:00,2024-10-21 12:40:21.749600737+00:00,10,2,38,A,B,1,233.69,200,130,166373,14017177,AAPL,0,1051,106.93013518372327
2024-10-21 12:40:21.804263239+00:00,2024-10-21 12:40:21.804263239+00:00,10,2,38,A,A,5,233.83,200,130,166420,14017325,AAPL,0,200,-14.707780388598184
2024-10-21 12:40:21.819271776+00:00,2024-10-21 12:40:21.819271776+00:00,10,2,38,C,A,5,233.83,200,130,166027,14017371,AAPL,0,718,29.09265679080909
2024-10-21 12:40:21.819284628+00:00,2024-10-21 12:40:21.819284628+00:00,10,2,38,A,A,5,233.85,200,130,166021,14017372,AAPL,0,718,29.09265679080909
2024-10-21 12:40:21.827634639+00:00,2024-10-21 12:40:21.827634639+00:00,10,2,38,C,A,5,233.85,200,130,165913,14017383,AAPL,0,718,29.09265679080909
2024-10-21 12:40:21.827646959+00:00,2024-10-21 12:40:21.827646959+00:00,10,2,38,A,A,5,233.89,400,130,166352,14017384,AAPL,0,918,58.104784670908955
2024-10-21 12:40:23.563340523+00:00,2024-10-21 12:40:23.563340523+00:00,10,2,38,T,B,0,233.77,2,130,167475,14019215,AAPL,0,0,-43.71990826869805
2024-10-21 12:40:23.563340523+00:00,2024-10-21 12:40:23.563340523+00:00,10,2,38,C,A,0,233.77,2,130,167475,14019215,AAPL,2,1080,88.20420434750075
2024-10-21 12:40:23.563363852+00:00,2024-10-21 12:40:23.563363852+00:00,10,2,38,A,B,0,233.72,100,130,166940,14019216,AAPL,100,2248,154.2899323761596
2024-10-21 12:40:23.563369579+00:00,2024-10-21 12:40:23.563369579+00:00,10,2,38,A,B,0,233.73,12,130,166271,14019217,AAPL,12,2250,223.07853176754992
2024-10-21 12:40:23.563375890+00:00,2024-10-21 12:40:23.563375890+00:00,10,2,38,A,B,1,233.72,100,130,167189,14019218,AAPL,0,100,-36.897068066204845
2024-10-21 12:40:23.563390255+00:00,2024-10-21 12:40:23.563390255+00:00,10,2,38,A,B,2,233.71,100,130,166092,14019219,AAPL,0,2138,304.70088432798315
2024-10-21 12:40:23.563405657+00:00,2024-10-21 12:40:23.563405657+00:00,10,2,38,C,B,1,233.72,100,130,166121,14019220,AAPL,0,-100,-50.54274847119126
2024-10-21 12:40:23.563407672+00:00,2024-10-21 12:40:23.563407672+00:00,10,2,38,C,B,1,233.72,100,130,165844,14019221,AAPL,0,-2238,-398.9635410678725
2024-10-21 12:40:23.663450037+00:00,2024-10-21 12:40:23.663450037+00:00,10,2,38,C,B,0,233.73,12,130,166033,14019296,AAPL,-12,-2250,-310.5183483049461
2024-10-21 12:40:23.663480945+00:00,2024-10-21 12:40:23.663480945+00:00,10,2,38,C,B,0,233.71,100,130,166020,14019297,AAPL,-100,-2248,-241.72974891355574
2024-10-21 12:40:26.244122626+00:00,2024-10-21 12:40:26.244122626+00:00,10,2,38,A,B,0,233.7,200,130,166369,14021853,AAPL,200,-851,-191.12053279467375
2024-10-21 12:40:29.022903358+00:00,2024-10-21 12:40:29.022903358+00:00,10,2,38,T,B,0,233.79,2,130,168125,14024230,AAPL,0,0,-43.71990826869805
2024-10-21 12:40:29.022903358+00:00,2024-10-21 12:40:29.022903358+00:00,10,2,38,C,A,0,233.79,2,130,168125,14024230,AAPL,2,1178,76.2291505196427
2024-10-21 12:40:29.022924599+00:00,2024-10-21 12:40:29.022924599+00:00,10,2,38,A,B,0,233.72,100,130,166389,14024233,AAPL,100,2358,190.90652589103905
2024-10-21 12:40:29.022930395+00:00,2024-10-21 12:40:29.022930395+00:00,10,2,38,A,B,0,233.74,22,130,167087,14024234,AAPL,22,2270,206.8645113041616
2024-10-21 12:40:29.022945958+00:00,2024-10-21 12:40:29.022945958+00:00,10,2,38,A,B,0,233.74,100,130,167852,14024237,AAPL,100,100,-42.095198805475256
2024-10-21 12:40:29.022960110+00:00,2024-10-21 12:40:29.022960110+00:00,10,2,38,A,B,2,233.71,100,130,166400,14024238,AAPL,0,2238,348.06526098434824
2024-10-21 12:40:29.022972653+00:00,2024-10-21 12:40:29.022972653+00:00,10,2,38,C,B,1,233.72,100,130,166417,14024240,AAPL,0,-2338,-442.32791772423764
2024-10-21 12:40:29.123013019+00:00,2024-10-21 12:40:29.123013019+00:00,10,2,38,C,B,0,233.74,22,130,166087,14024486,AAPL,-22,-22,-44.07734435060707
2024-10-21 12:40:29.123043558+00:00,2024-10-21 12:40:29.123043558+00:00,10,2,38,C,B,1,233.71,100,130,165975,14024487,AAPL,0,-2248,-293.94689175964874
2024-10-21 12:40:29.273765083+00:00,2024-10-21 12:40:29.273765083+00:00,10,2,38,C,B,0,233.74,100,130,166021,14024665,AAPL,-100,-2358,-278.3463424284352
2024-10-21 12:40:30.031246441+00:00,2024-10-21 12:40:30.031246441+00:00,10,2,38,C,A,0,233.8,6,130,166004,14025236,AAPL,-6,-6,-43.81739083649142
2024-10-21 12:40:37.175837697+00:00,2024-10-21 12:40:37.175837697+00:00,10,2,38,A,A,0,233.79,4,130,166272,14031170,AAPL,4,1174,75.85227429675756
2024-10-21 12:40:40.431312990+00:00,2024-10-21 12:40:40.431312990+00:00,10,2,38,A,B,0,233.77,5,130,166505,14034331,AAPL,5,2263,189.36305190097738
2024-10-21 12:40:41.079843018+00:00,2024-10-21 12:40:41.079843018+00:00,10,2,38,A,A,1,233.8,5,130,166349,14034768,AAPL,0,5,-43.37876625857339
2024-10-21 12:40:43.053712683+00:00,2024-10-21 12:40:43.053712683+00:00,10,2,38,C,A,4,233.89,400,130,166050,14037100,AAPL,0,1018,59.872530478121774
2024-10-21 12:40:43.053725029+00:00,2024-10-21 12:40:43.053725029+00:00,10,2,38,A,A,4,233.91,400,130,166199,14037101,AAPL,0,1018,59.872530478121774
2024-10-21 12:40:43.108858295+00:00,2024-10-21 12:40:43.108858295+00:00,10,2,38,A,B,1,233.71,200,130,167718,14037420,AAPL,0,2148,191.89318081813178
2024-10-21 12:40:43.193105037+00:00,2024-10-21 12:40:43.193105037+00:00,10,2,38,C,B,1,233.71,200,130,165993,14037825,AAPL,0,-2148,-279.33299735552794
2024-10-21 12:40:43.193118012+00:00,2024-10-21 12:40:43.193118012+00:00,10,2,38,A,B,3,233.62,200,130,166488,14037826,AAPL,0,940,90.20300031814939
2024-10-21 12:40:45.077306659+00:00,2024-10-21 12:40:45.077306659+00:00,10,2,38,A,A,4,233.9,400,130,166418,14040221,AAPL,0,400,12.482205772214147
2024-10-21 12:40:46.195504516+00:00,2024-10-21 12:40:46.195504516+00:00,10,2,38,A,B,3,233.62,200,130,166482,14040909,AAPL,0,200,-2.186045699934712
2024-10-21 12:40:46.250031571+00:00,2024-10-21 12:40:46.250031571+00:00,10,2,38,C,B,3,233.62,200,130,166563,14040934,AAPL,0,-200,-85.25377083746139
2024-10-21 12:40:46.250043946+00:00,2024-10-21 12:40:46.250043946+00:00,10,2,38,A,B,2,233.66,200,130,166274,14040935,AAPL,0,-740,-156.2060822489315
2024-10-21 12:40:48.678914166+00:00,2024-10-21 12:40:48.678914166+00:00,10,2,38,C,B,2,233.66,200,130,166141,14043848,AAPL,0,-200,-65.15664287531204
2024-10-21 12:40:48.678925835+00:00,2024-10-21 12:40:48.678925835+00:00,10,2,38,A,B,3,233.61,400,130,166477,14043849,AAPL,0,1140,131.73686288691272
2024-10-21 12:40:49.116948486+00:00,2024-10-21 12:40:49.116948486+00:00,10,2,38,C,B,3,233.61,200,130,166239,14044512,AAPL,0,-200,-85.25377083746139
2024-10-21 12:40:51.221298867+00:00,2024-10-21 12:40:51.221298867+00:00,10,2,38,A,B,3,233.62,200,130,166184,14046419,AAPL,0,200,-2.186045699934712
2024-10-21 12:40:51.681330922+00:00,2024-10-21 12:40:51.681330922+00:00,10,2,38,A,B,3,233.62,200,130,166122,14047013,AAPL,0,200,-2.186045699934712
2024-10-21 12:40:51.735734347+00:00,2024-10-21 12:40:51.735734347+00:00,10,2,38,C,B,3,233.62,200,130,165722,14047056,AAPL,0,-200,-85.25377083746139
2024-10-21 12:40:51.735746270+00:00,2024-10-21 12:40:51.735746270+00:00,10,2,38,A,B,2,233.66,200,130,166319,14047057,AAPL,0,-740,-156.2060822489315
2024-10-21 12:40:53.780616919+00:00,2024-10-21 12:40:53.780616919+00:00,10,2,38,C,B,2,233.66,200,130,166236,14049346,AAPL,0,-200,-65.15664287531204
2024-10-21 12:40:53.780629438+00:00,2024-10-21 12:40:53.780629438+00:00,10,2,38,A,B,3,233.62,200,130,166352,14049347,AAPL,0,940,90.20300031814939
2024-10-21 12:40:54.935490253+00:00,2024-10-21 12:40:54.935490253+00:00,10,2,38,A,B,3,233.62,200,130,166796,14051023,AAPL,0,200,-2.186045699934712
2024-10-21 12:40:56.836324617+00:00,2024-10-21 12:40:56.836324617+00:00,10,2,38,C,B,3,233.62,200,130,165884,14054134,AAPL,0,-200,-85.25377083746139
2024-10-21 12:40:56.836337009+00:00,2024-10-21 12:40:56.836337009+00:00,10,2,38,A,B,1,233.7,200,130,166537,14054135,AAPL,0,-740,-163.99713645055908
2024-10-21 12:41:00.787986040+00:00,2024-10-21 12:41:00.787986040+00:00,10,2,38,A,A,6,234.06,2,130,166282,14060860,AAPL,0,503,-1.359817629569575
2024-10-21 12:41:02.958639135+00:00,2024-10-21 12:41:02.958639135+00:00,10,2,38,T,B,0,233.79,4,130,167912,14064252,AAPL,0,0,-43.71990826869805
2024-10-21 12:41:02.958639135+00:00,2024-10-21 12:41:02.958639135+00:00,10,2,38,C,A,0,233.79,4,130,167912,14064252,AAPL,4,1081,73.62921310991156
2024-10-21 12:41:02.958662045+00:00,2024-10-21 12:41:02.958662045+00:00,10,2,38,A,B,0,233.78,100,130,169280,14064256,AAPL,100,2253,201.6500864931068
2024-10-21 12:41:02.958679653+00:00,2024-10-21 12:41:02.958679653+00:00,10,2,38,C,B,0,233.78,100,130,166292,14064259,AAPL,-100,-2253,-289.08990303050297
2024-10-21 12:41:02.959797070+00:00,2024-10-21 12:41:02.959797070+00:00,10,2,38,A,B,0,233.77,100,130,165980,14064337,AAPL,100,100,-42.095198805475256
2024-10-21 12:41:07.396314590+00:00,2024-10-21 12:41:07.396314590+00:00,10,2,38,A,A,3,233.89,400,130,166881,14070998,AAPL,0,400,39.34781686882863
2024-10-21 12:41:24.040771450+00:00,2024-10-21 12:41:24.040771450+00:00,10,2,38,C,B,1,233.7,200,130,166064,14090893,AAPL,0,-200,-57.36558867368446
2024-10-21 12:41:24.040783567+00:00,2024-10-21 12:41:24.040783567+00:00,10,2,38,A,B,2,233.68,200,130,166219,14090895,AAPL,0,941,70.31354166884387
2024-10-21 12:41:24.096538706+00:00,2024-10-21 12:41:24.096538706+00:00,10,2,38,A,A,3,233.88,400,130,166205,14091013,AAPL,0,400,39.34781686882863
2024-10-21 12:41:33.732685313+00:00,2024-10-21 12:41:33.732685313+00:00,10,2,38,A,A,3,233.87,400,130,166385,14101249,AAPL,0,400,39.34781686882863
2024-10-21 12:41:36.846722252+00:00,2024-10-21 12:41:36.846722252+00:00,10,2,38,A,B,2,233.69,200,130,166330,14106111,AAPL,0,200,-22.28317366208405
2024-10-21 12:41:37.867616118+00:00,2024-10-21 12:41:37.867616118+00:00,10,2,38,T,A,0,233.77,5,0,168879,14107722,AAPL,0,0,-43.71990826869805
2024-10-21 12:41:37.867616118+00:00,2024-10-21 12:41:37.867616118+00:00,10,2,38,T,A,0,233.77,100,130,168879,14107723,AAPL,-5,-5,-43.80114374185919
2024-10-21 12:41:37.867616118+00:00,2024-10-21 12:41:37.867616118+00:00,10,2,38,C,B,0,233.77,100,130,168879,14107723,AAPL,-100,-2248,-241.72974891355574
2024-10-21 12:41:37.867639685+00:00,2024-10-21 12:41:37.867639685+00:00,10,2,38,A,A,0,233.79,100,130,167690,14107724,AAPL,100,1177,75.18893419460544
2024-10-21 12:41:37.867644597+00:00,2024-10-21 12:41:37.867644597+00:00,10,2,38,A,A,0,233.79,100,130,166601,14107726,AAPL,104,104,-42.03021042694634
2024-10-21 12:41:37.867652188+00:00,2024-10-21 12:41:37.867652188+00:00,10,2,38,A,A,0,233.79,100,130,166134,14107727,AAPL,100,100,-42.095198805475256
2024-10-21 12:41:37.867653690+00:00,2024-10-21 12:41:37.867653690+00:00,10,2,38,A,A,0,233.79,100,130,166823,14107728,AAPL,100,100,-42.095198805475256
2024-10-21 12:41:37.867677809+00:00,2024-10-21 12:41:37.867677809+00:00,10,2,38,C,B,1,233.69,200,130,166820,14107729,AAPL,0,-1051,-194.36995172111935
2024-10-21 12:41:37.867682285+00:00,2024-10-21 12:41:37.867682285+00:00,10,2,38,C,A,0,233.79,100,130,166021,14107730,AAPL,-100,-100,-45.34461773192085
2024-10-21 12:41:37.867702926+00:00,2024-10-21 12:41:37.867702926+00:00,10,2,38,C,A,0,233.79,100,130,166026,14107731,AAPL,-100,-100,-45.34461773192085
2024-10-21 12:41:37.867737436+00:00,2024-10-21 12:41:37.867737436+00:00,10,2,38,C,A,0,233.79,100,130,166216,14107732,AAPL,-100,-100,-45.34461773192085
2024-10-21 12:41:37.867893701+00:00,2024-10-21 12:41:37.867893701+00:00,10,2,38,C,A,0,233.79,100,130,166179,14107733,AAPL,-100,-100,-45.34461773192085
2024-10-21 12:41:37.868002083+00:00,2024-10-21 12:41:37.868002083+00:00,10,2,38,A,A,0,233.79,128,130,166169,14107734,AAPL,128,128,-41.64028015577287
2024-10-21 12:41:37.870051229+00:00,2024-10-21 12:41:37.870051229+00:00,10,2,38,A,A,0,233.77,128,130,166452,14107735,AAPL,128,1336,89.18949938305796
2024-10-21 12:41:37.872277341+00:00,2024-10-21 12:41:37.872277341+00:00,10,2,38,C,A,5,233.87,400,130,165998,14107736,AAPL,0,919,48.28043719259735
2024-10-21 12:41:37.872417981+00:00,2024-10-21 12:41:37.872417981+00:00,10,2,38,T,B,0,233.77,128,130,167155,14107737,AAPL,0,0,-43.71990826869805
2024-10-21 12:41:37.872417981+00:00,2024-10-21 12:41:37.872417981+00:00,10,2,38,C,A,0,233.77,128,130,167155,14107737,AAPL,128,937,42.01527543069953
2024-10-21 12:41:37.872438670+00:00,2024-10-21 12:41:37.872438670+00:00,10,2,38,A,B,0,233.74,100,130,166359,14107738,AAPL,100,2158,177.26084548605263
2024-10-21 12:41:37.872439572+00:00,2024-10-21 12:41:37.872439572+00:00,10,2,38,C,A,0,233.79,4,130,167762,14107739,AAPL,-4,-4,-43.784896647226965
2024-10-21 12:41:37.872443112+00:00,2024-10-21 12:41:37.872443112+00:00,10,2,38,A,B,1,233.72,100,130,166121,14107740,AAPL,0,2048,185.0703406156386
2024-10-21 12:41:37.872449092+00:00,2024-10-21 12:41:37.872449092+00:00,10,2,38,A,B,2,233.71,48,130,166061,14107741,AAPL,0,1986,300.95784741786525
2024-10-21 12:41:37.872453115+00:00,2024-10-21 12:41:37.872453115+00:00,10,2,38,C,B,0,233.74,100,130,166255,14107743,AAPL,-100,-2186,-396.84521362097735
2024-10-21 12:41:37.872464745+00:00,2024-10-21 12:41:37.872464745+00:00,10,2,38,C,B,0,233.72,100,130,165842,14107744,AAPL,-100,-100,-45.34461773192085
2024-10-21 12:41:37.872736622+00:00,2024-10-21 12:41:37.872736622+00:00,10,2,38,C,B,0,233.72,100,130,166075,14107745,AAPL,-100,-2096,-270.586989710961
2024-10-21 12:41:37.948619585+00:00,2024-10-21 12:41:37.948619585+00:00,10,2,38,A,B,3,233.65,200,130,166445,14107825,AAPL,0,940,90.20300031814939
2024-10-21 12:41:37.957880869+00:00,2024-10-21 12:41:37.957880869+00:00,10,2,38,A,B,3,233.65,200,130,166257,14107827,AAPL,0,200,-2.186045699934712
2024-10-21 12:41:37.973766387+00:00,2024-10-21 12:41:37.973766387+00:00,10,2,38,C,B,0,233.71,48,130,166318,14107836,AAPL,-48,-2396,-302.41540488378183
2024-10-21 12:41:37.973822964+00:00,2024-10-21 12:41:37.973822964+00:00,10,2,38,A,A,4,233.88,400,130,166282,14107837,AAPL,0,920,57.30832728115111
2024-10-21 12:41:39.067873779+00:00,2024-10-21 12:41:39.067873779+00:00,10,2,38,C,B,2,233.65,200,130,165808,14109088,AAPL,0,-200,-65.15664287531204
2024-10-21 12:41:39.067885587+00:00,2024-10-21 12:41:39.067885587+00:00,10,2,38,C,B,2,233.65,200,130,166322,14109089,AAPL,0,-1050,-202.05382224971387
2024-10-21 12:41:39.067896733+00:00,2024-10-21 12:41:39.067896733+00:00,10,2,38,A,B,2,233.59,400,130,166061,14109090,AAPL,0,1250,136.0507403189318
2024-10-21 12:41:40.032433370+00:00,2024-10-21 12:41:40.032433370+00:00,10,2,38,A,A,4,233.83,200,130,166291,14109948,AAPL,0,200,-15.618851248241953
2024-10-21 12:41:44.073298694+00:00,2024-10-21 12:41:44.073298694+00:00,10,2,38,C,B,2,233.59,400,130,166025,14114889,AAPL,0,-1250,-223.49055685632788
2024-10-21 12:41:44.073310878+00:00,2024-10-21 12:41:44.073310878+00:00,10,2,38,A,B,3,233.55,400,130,166129,14114890,AAPL,0,745,71.37199325710303
2024-10-21 12:41:47.949975113+00:00,2024-10-21 12:41:47.949975113+00:00,10,2,38,C,A,4,233.83,200,130,166323,14118953,AAPL,0,720,29.20727026069501
2024-10-21 12:41:47.949987830+00:00,2024-10-21 12:41:47.949987830+00:00,10,2,38,A,A,4,233.88,400,130,166654,14118954,AAPL,0,920,57.30832728115111
2024-10-21 12:41:49.849454965+00:00,2024-10-21 12:41:49.849454965+00:00,10,2,38,T,B,0,233.79,70,130,167411,14121412,AAPL,0,0,-43.71990826869805
2024-10-21 12:41:49.849454965+00:00,2024-10-21 12:41:49.849454965+00:00,10,2,38,C,A,0,233.79,70,130,167411,14121412,AAPL,-70,-70,-44.85720489295401
2024-10-21 12:41:49.849491539+00:00,2024-10-21 12:41:49.849491539+00:00,10,2,38,T,B,0,233.79,58,130,168184,14121413,AAPL,0,0,-43.71990826869805
2024-10-21 12:41:49.849491539+00:00,2024-10-21 12:41:49.849491539+00:00,10,2,38,C,A,0,233.79,58,130,168184,14121413,AAPL,58,1135,74.50655622005186
2024-10-21 12:41:49.849513942+00:00,2024-10-21 12:41:49.849513942+00:00,10,2,38,A,B,0,233.75,100,130,167247,14121414,AAPL,100,2448,222.8726601801229
2024-10-21 12:41:49.849516947+00:00,2024-10-21 12:41:49.849516947+00:00,10,2,38,A,B,1,233.74,22,130,166029,14121415,AAPL,0,2360,231.81885457259588
2024-10-21 12:41:49.849522698+00:00,2024-10-21 12:41:49.849522698+00:00,10,2,38,C,A,3,233.88,200,130,166177,14121416,AAPL,0,-200,-85.25377083746139
2024-10-21 12:41:49.849526401+00:00,2024-10-21 12:41:49.849526401+00:00,10,2,38,A,B,1,233.74,64,130,166573,14121418,AAPL,0,2402,344.135086798125
2024-10-21 12:41:49.849539343+00:00,2024-10-21 12:41:49.849539343+00:00,10,2,38,A,B,2,233.71,64,130,166297,14121420,AAPL,0,-100,-54.438275572005054
2024-10-21 12:41:49.849546854+00:00,2024-10-21 12:41:49.849546854+00:00,10,2,38,A,B,2,233.72,100,130,166096,14121421,AAPL,0,2387,234.62020012193523
2024-10-21 12:41:49.849557265+00:00,2024-10-21 12:41:49.849557265+00:00,10,2,38,C,B,0,233.75,100,130,166502,14121422,AAPL,-100,-2573,-329.5523686966983
2024-10-21 12:41:49.849565635+00:00,2024-10-21 12:41:49.849565635+00:00,10,2,38,C,B,1,233.72,100,130,165898,14121423,AAPL,0,-2402,-430.1725135792281
2024-10-21 12:41:49.849576958+00:00,2024-10-21 12:41:49.849576958+00:00,10,2,38,C,B,0,233.74,22,130,166581,14121425,AAPL,-22,-22,-44.07734435060707
2024-10-21 12:41:49.849586071+00:00,2024-10-21 12:41:49.849586071+00:00,10,2,38,C,A,3,233.88,200,130,165703,14121426,AAPL,0,820,45.416959261704186
2024-10-21 12:41:49.849970156+00:00,2024-10-21 12:41:49.849970156+00:00,10,2,38,A,B,0,233.76,100,130,166078,14121428,AAPL,100,2466,341.90118403215723
2024-10-21 12:41:49.850361832+00:00,2024-10-21 12:41:49.850361832+00:00,10,2,38,C,B,0,233.76,100,130,165951,14121429,AAPL,-100,-2466,-429.3410005695534
2024-10-21 12:41:49.938320730+00:00,2024-10-21 12:41:49.938320730+00:00,10,2,38,A,A,3,233.88,200,130,166148,14121754,AAPL,0,820,45.416959261704186
2024-10-21 12:41:49.953764722+00:00,2024-10-21 12:41:49.953764722+00:00,10,2,38,C,B,1,233.71,64,130,165816,14121787,AAPL,0,-2402,-322.1242639950392
2024-10-21 12:41:49.953824187+00:00,2024-10-21 12:41:49.953824187+00:00,10,2,38,A,A,3,233.88,200,130,166225,14121788,AAPL,0,200,-2.186045699934712
2024-10-21 12:41:50.099656448+00:00,2024-10-21 12:41:50.099656448+00:00,10,2,38,C,B,0,233.74,64,130,165919,14121990,AAPL,-64,-2412,-309.7275813107588
2024-10-21 12:41:54.605026768+00:00,2024-10-21 12:41:54.605026768+00:00,10,2,38,C,A,3,233.88,200,130,165905,14126045,AAPL,0,-200,-85.25377083746139
2024-10-21 12:41:54.605038914+00:00,2024-10-21 12:41:54.605038914+00:00,10,2,38,A,A,3,233.87,400,130,166940,14126046,AAPL,0,400,39.34781686882863
2024-10-21 12:42:00.451273152+00:00,2024-10-21 12:42:00.451273152+00:00,10,2,38,C,A,5,234.06,2,130,166072,14132842,AAPL,0,603,1.4945068462020796
2024-10-21 12:42:01.205791497+00:00,2024-10-21 12:42:01.205791497+00:00,10,2,38,A,A,4,233.9,1,130,166851,14133727,AAPL,0,619,3.810921722311846
2024-10-21 12:42:01.410378914+00:00,2024-10-21 12:42:01.410378914+00:00,10,2,38,A,A,2,233.82,200,130,166354,14133995,AAPL,0,1219,108.31538146645254
2024-10-21 12:42:01.558207688+00:00,2024-10-21 12:42:01.558207688+00:00,10,2,38,C,A,2,233.82,200,130,165894,14134135,AAPL,0,-200,-65.15664287531204
2024-10-21 12:42:01.558220271+00:00,2024-10-21 12:42:01.558220271+00:00,10,2,38,A,A,3,233.87,400,130,166216,14134137,AAPL,0,1019,86.87864685983854
2024-10-21 12:42:06.188932979+00:00,2024-10-21 12:42:06.188932979+00:00,10,2,38,A,B,2,233.58,400,130,166474,14139374,AAPL,0,-345,-115.93834058127112
2024-10-21 12:42:06.243954716+00:00,2024-10-21 12:42:06.243954716+00:00,10,2,38,A,B,2,233.64,400,130,166393,14139468,AAPL,0,1250,136.0507403189318
2024-10-21 12:42:10.521164045+00:00,2024-10-21 12:42:10.521164045+00:00,10,2,38,C,B,2,233.64,400,130,166033,14144257,AAPL,0,-1250,-223.49055685632788
2024-10-21 12:42:10.521177517+00:00,2024-10-21 12:42:10.521177517+00:00,10,2,38,A,B,2,233.58,400,130,166573,14144258,AAPL,0,400,-0.84643905547005
2024-10-21 12:42:11.086778743+00:00,2024-10-21 12:42:11.086778743+00:00,10,2,38,A,A,1,233.81,200,130,166693,14144903,AAPL,0,1219,100.52432726482495
2024-10-21 12:42:11.425996730+00:00,2024-10-21 12:42:11.425996730+00:00,10,2,38,A,B,2,233.64,400,130,166432,14145070,AAPL,0,1250,136.0507403189318
2024-10-21 12:42:11.745252868+00:00,2024-10-21 12:42:11.745252868+00:00,10,2,38,A,B,0,233.75,200,130,166639,14145253,AAPL,200,2548,217.44514673048437
2024-10-21 12:42:11.816393127+00:00,2024-10-21 12:42:11.816393127+00:00,10,2,38,C,B,3,233.64,400,130,166377,14145334,AAPL,0,-1140,-219.17667942430882
2024-10-21 12:42:11.816406103+00:00,2024-10-21 12:42:11.816406103+00:00,10,2,38,A,B,3,233.58,400,130,166551,14145335,AAPL,0,400,39.34781686882863
2024-10-21 12:42:14.032586828+00:00,2024-10-21 12:42:14.032586828+00:00,10,2,38,A,A,1,233.81,200,130,166400,14146775,AAPL,0,200,-30.074227863711645
2024-10-21 12:42:16.054252982+00:00,2024-10-21 12:42:16.054252982+00:00,10,2,38,C,A,1,233.81,200,130,166309,14148523,AAPL,0,-200,-57.36558867368446
2024-10-21 12:42:16.818985957+00:00,2024-10-21 12:42:16.818985957+00:00,10,2,38,C,B,3,233.58,400,130,166006,14149052,AAPL,0,-400,-126.78763340622474
2024-10-21 12:42:16.818999497+00:00,2024-10-21 12:42:16.818999497+00:00,10,2,38,A,B,4,233.55,400,130,166172,14149053,AAPL,0,635,33.91608281364659
2024-10-21 12:42:19.054770676+00:00,2024-10-21 12:42:19.054770676+00:00,10,2,38,A,A,1,233.81,200,130,166575,14150750,AAPL,0,200,-30.074227863711645
2024-10-21 12:42:19.821163900+00:00,2024-10-21 12:42:19.821163900+00:00,10,2,38,A,A,0,233.78,20,130,166538,14151234,AAPL,20,1196,63.26523027841596
2024-10-21 12:42:19.929575144+00:00,2024-10-21 12:42:19.929575144+00:00,10,2,38,C,A,2,233.81,200,130,166134,14151280,AAPL,0,-200,-65.15664287531204
2024-10-21 12:42:20.703092700+00:00,2024-10-21 12:42:20.703092700+00:00,10,2,38,A,B,3,233.58,400,130,166919,14151959,AAPL,0,-235,-38.288174213516015
2024-10-21 12:42:20.703225651+00:00,2024-10-21 12:42:20.703225651+00:00,10,2,38,C,A,2,233.81,200,130,166041,14151960,AAPL,0,-200,-65.15664287531204
2024-10-21 12:42:20.703237243+00:00,2024-10-21 12:42:20.703237243+00:00,10,2,38,A,A,4,233.87,400,130,166755,14151961,AAPL,0,919,56.427703591021924
2024-10-21 12:42:20.754943741+00:00,2024-10-21 12:42:20.754943741+00:00,10,2,38,A,B,2,233.66,200,130,166368,14152001,AAPL,0,-200,-105.35089879961075
2024-10-21 12:42:23.772177586+00:00,2024-10-21 12:42:23.772177586+00:00,10,2,38,T,B,0,233.78,20,130,167644,14155033,AAPL,0,0,-43.71990826869805
2024-10-21 12:42:23.772177586+00:00,2024-10-21 12:42:23.772177586+00:00,10,2,38,C,A,0,233.78,20,130,167644,14155033,AAPL,20,1096,73.008542933898
2024-10-21 12:42:23.772200068+00:00,2024-10-21 12:42:23.772200068+00:00,10,2,38,A,B,0,233.76,100,130,166513,14155034,AAPL,100,2448,235.05175285011788
2024-10-21 12:42:23.772203446+00:00,2024-10-21 12:42:23.772203446+00:00,10,2,38,A,B,0,233.76,1,130,166011,14155035,AAPL,1,1,-43.70366117406583
2024-10-21 12:42:23.772211976+00:00,2024-10-21 12:42:23.772211976+00:00,10,2,38,A,B,0,233.76,100,130,166185,14155036,AAPL,100,100,-42.095198805475256
2024-10-21 12:42:23.772224573+00:00,2024-10-21 12:42:23.772224573+00:00,10,2,38,C,B,0,233.76,100,130,166428,14155038,AAPL,-200,-200,-46.96932719514365
2024-10-21 12:42:23.772481783+00:00,2024-10-21 12:42:23.772481783+00:00,10,2,38,A,B,0,233.76,4,130,166194,14155039,AAPL,4,4,-43.65491989016914
2024-10-21 12:42:23.772771136+00:00,2024-10-21 12:42:23.772771136+00:00,10,2,38,A,B,0,233.76,100,130,166228,14155043,AAPL,100,100,-42.095198805475256
2024-10-21 12:42:23.772877430+00:00,2024-10-21 12:42:23.772877430+00:00,10,2,38,C,B,0,233.76,4,130,166000,14155044,AAPL,-4,-4,-43.784896647226965
2024-10-21 12:42:23.872284029+00:00,2024-10-21 12:42:23.872284029+00:00,10,2,38,C,B,0,233.76,1,130,166258,14155096,AAPL,-1,-1,-43.736155363330276
2024-10-21 12:42:23.872761380+00:00,2024-10-21 12:42:23.872761380+00:00,10,2,38,C,B,0,233.76,100,130,166153,14155097,AAPL,-100,-2448,-322.491569387514
2024-10-21 12:42:26.754101871+00:00,2024-10-21 12:42:26.754101871+00:00,10,2,38,A,B,0,233.75,100,130,166199,14157777,AAPL,100,100,-42.095198805475256
2024-10-21 12:42:26.765613859+00:00,2024-10-21 12:42:26.765613859+00:00,10,2,38,C,B,0,233.75,100,130,165827,14157787,AAPL,-100,-100,-45.34461773192085
2024-10-21 12:42:30.983584342+00:00,2024-10-21 12:42:30.983584342+00:00,10,2,38,A,B,0,233.76,100,130,166443,14161129,AAPL,100,2448,235.05175285011788
2024-10-21 12:42:30.983588965+00:00,2024-10-21 12:42:30.983588965+00:00,10,2,38,A,B,0,233.76,100,130,168733,14161130,AAPL,100,100,-42.095198805475256
2024-10-21 12:42:30.983623729+00:00,2024-10-21 12:42:30.983623729+00:00,10,2,38,C,A,3,233.87,400,130,166041,14161131,AAPL,0,1019,86.87864685983854
2024-10-21 12:42:30.983765496+00:00,2024-10-21 12:42:30.983765496+00:00,10,2,38,T,B,0,233.8,20,0,169329,14161133,AAPL,0,0,-43.71990826869805
2024-10-21 12:42:30.983765496+00:00,2024-10-21 12:42:30.983765496+00:00,10,2,38,T,B,0,233.8,5,130,169329,14161134,AAPL,-20,-20,-44.04485016134261
2024-10-21 12:42:30.983765496+00:00,2024-10-21 12:42:30.983765496+00:00,10,2,38,C,A,0,233.8,5,130,169329,14161134,AAPL,5,1256,59.18128983295656
2024-10-21 12:42:30.983788140+00:00,2024-10-21 12:42:30.983788140+00:00,10,2,38,A,B,0,233.77,100,130,167033,14161135,AAPL,100,2638,360.6212126075572
2024-10-21 12:42:30.983791844+00:00,2024-10-21 12:42:30.983791844+00:00,10,2,38,A,B,0,233.78,1,128,166789,14161136,AAPL,1,2539,283.63629087278844
2024-10-21 12:42:30.983802784+00:00,2024-10-21 12:42:30.983802784+00:00,10,2,38,A,B,1,233.77,100,130,166902,14161139,AAPL,0,100,-36.897068066204845
2024-10-21 12:42:30.983848403+00:00,2024-10-21 12:42:30.983848403+00:00,10,2,38,C,B,1,233.77,100,130,166231,14161140,AAPL,0,-100,-50.54274847119126
2024-10-21 12:42:30.983906995+00:00,2024-10-21 12:42:30.983906995+00:00,10,2,38,C,B,1,233.77,100,130,165952,14161142,AAPL,0,-2538,-371.0598603155523
2024-10-21 12:42:30.984034903+00:00,2024-10-21 12:42:30.984034903+00:00,10,2,38,C,B,1,233.76,100,130,165732,14161144,AAPL,0,-100,-50.54274847119126
2024-10-21 12:42:30.984200479+00:00,2024-10-21 12:42:30.984200479+00:00,10,2,38,C,B,4,233.66,200,130,165894,14161149,AAPL,0,-200,-71.82096528915415
2024-10-21 12:42:31.054258517+00:00,2024-10-21 12:42:31.054258517+00:00,10,2,38,A,B,4,233.66,200,130,166235,14161241,AAPL,0,200,-15.618851248241953
2024-10-21 12:42:31.083872223+00:00,2024-10-21 12:42:31.083872223+00:00,10,2,38,C,B,0,233.78,1,130,165752,14161250,AAPL,-1,-2439,-439.62972657386956
2024-10-21 12:42:31.083896105+00:00,2024-10-21 12:42:31.083896105+00:00,10,2,38,C,B,0,233.76,100,130,167168,14161251,AAPL,-100,-2448,-322.491569387514
2024-10-21 12:42:31.083924688+00:00,2024-10-21 12:42:31.083924688+00:00,10,2,38,A,A,2,233.87,400,130,166797,14161252,AAPL,0,1519,92.81155342169984
2024-10-21 12:42:33.976481607+00:00,2024-10-21 12:42:33.976481607+00:00,10,2,38,T,N,0,233.77,1,130,167347,14163879,AAPL,0,0,-43.71990826869805
2024-10-21 12:42:36.344215669+00:00,2024-10-21 12:42:36.344215669+00:00,10,2,38,T,B,0,233.81,25,130,166966,14165783,AAPL,0,0,-43.71990826869805
2024-10-21 12:42:36.344215669+00:00,2024-10-21 12:42:36.344215669+00:00,10,2,38,C,A,0,233.81,25,130,166966,14165783,AAPL,-25,-25,-44.126085634503745
2024-10-21 12:42:36.344222466+00:00,2024-10-21 12:42:36.344222466+00:00,10,2,38,A,B,0,233.77,100,130,166279,14165784,AAPL,100,2448,235.05175285011788
2024-10-21 12:42:36.344292494+00:00,2024-10-21 12:42:36.344292494+00:00,10,2,38,C,A,2,233.87,200,130,166172,14165787,AAPL,0,-200,-65.15664287531204
2024-10-21 12:42:36.344360943+00:00,2024-10-21 12:42:36.344360943+00:00,10,2,38,C,A,0,233.81,103,130,165996,14165788,AAPL,103,1426,73.32118317030503
2024-10-21 12:42:36.344373155+00:00,2024-10-21 12:42:36.344373155+00:00,10,2,38,C,A,0,233.82,4,130,166546,14165789,AAPL,4,1428,102.77073573386404
2024-10-21 12:42:36.344395418+00:00,2024-10-21 12:42:36.344395418+00:00,10,2,38,C,A,0,233.87,200,130,165740,14165790,AAPL,200,1487,97.66390954837419
2024-10-21 12:42:36.344594234+00:00,2024-10-21 12:42:36.344594234+00:00,10,2,38,C,B,0,233.77,100,130,166205,14165794,AAPL,-100,-2448,-322.491569387514
2024-10-21 12:42:36.358702428+00:00,2024-10-21 12:42:36.358702428+00:00,10,2,38,A,A,0,233.88,200,130,166124,14165811,AAPL,200,1487,97.66390954837419
2024-10-21 12:42:36.404131118+00:00,2024-10-21 12:42:36.404131118+00:00,10,2,38,A,A,0,233.87,200,130,166717,14165890,AAPL,200,200,-40.470489342252456
2024-10-21 12:42:36.415666105+00:00,2024-10-21 12:42:36.415666105+00:00,10,2,38,C,A,0,233.87,200,130,165837,14165947,AAPL,200,1487,97.66390954837419
2024-10-21 12:42:36.453978311+00:00,2024-10-21 12:42:36.453978311+00:00,10,2,38,A,A,1,233.97,200,130,166273,14165997,AAPL,0,1486,107.9919426248901
2024-10-21 12:42:36.465458984+00:00,2024-10-21 12:42:36.465458984+00:00,10,2,38,A,B,2,233.69,200,130,166443,14166060,AAPL,0,941,70.31354166884387
2024-10-21 12:42:38.411817639+00:00,2024-10-21 12:42:38.411817639+00:00,10,2,38,C,B,2,233.69,200,130,165931,14167662,AAPL,0,-941,-157.75335820623997
2024-10-21 12:42:38.411830877+00:00,2024-10-21 12:42:38.411830877+00:00,10,2,38,A,B,2,233.66,200,130,166312,14167663,AAPL,0,200,-22.28317366208405
2024-10-21 12:42:38.411863606+00:00,2024-10-21 12:42:38.411863606+00:00,10,2,38,C,B,2,233.66,200,130,165800,14167664,AAPL,0,-200,-65.15664287531204
2024-10-21 12:42:38.415564347+00:00,2024-10-21 12:42:38.415564347+00:00,10,2,38,A,B,3,233.64,400,130,166326,14167669,AAPL,0,1140,131.73686288691272
2024-10-21 12:42:39.481634033+00:00,2024-10-21 12:42:39.481634033+00:00,10,2,38,A,A,1,233.93,200,130,166400,14168511,AAPL,0,200,-30.074227863711645
2024-10-21 12:42:40.604433391+00:00,2024-10-21 12:42:40.604433391+00:00,10,2,38,A,B,2,233.66,200,130,166431,14169492,AAPL,0,-940,-197.7399448176948
2024-10-21 12:42:42.254261471+00:00,2024-10-21 12:42:42.254261471+00:00,10,2,38,A,A,1,233.92,200,130,166486,14171225,AAPL,0,200,-30.074227863711645
2024-10-21 12:42:43.909239345+00:00,2024-10-21 12:42:43.909239345+00:00,10,2,38,T,N,0,233.8,10,130,167167,14173417,AAPL,0,0,-43.71990826869805
2024-10-21 12:43:00.284425512+00:00,2024-10-21 12:43:00.284425512+00:00,10,2,38,A,A,3,234.09,2,130,166074,14189261,AAPL,0,1208,85.83784358465842
2024-10-21 12:43:02.784844745+00:00,2024-10-21 12:43:02.784844745+00:00,10,2,38,A,B,2,233.67,200,130,166277,14193638,AAPL,0,941,70.31354166884387
2024-10-21 12:43:04.015686328+00:00,2024-10-21 12:43:04.015686328+00:00,10,2,38,C,B,2,233.67,200,130,165958,14196026,AAPL,0,-941,-157.75335820623997
2024-10-21 12:43:04.015699115+00:00,2024-10-21 12:43:04.015699115+00:00,10,2,38,A,B,2,233.66,200,130,166120,14196027,AAPL,0,200,-22.28317366208405
2024-10-21 12:43:05.959981783+00:00,2024-10-21 12:43:05.959981783+00:00,10,2,38,A,A,0,233.84,128,130,166328,14198183,AAPL,128,1449,74.73780505900282
2024-10-21 12:43:06.083701725+00:00,2024-10-21 12:43:06.083701725+00:00,10,2,38,C,A,2,233.92,200,130,166019,14198262,AAPL,0,1320,72.5899485440527
2024-10-21 12:43:06.083715131+00:00,2024-10-21 12:43:06.083715131+00:00,10,2,38,A,A,2,233.96,200,130,166123,14198263,AAPL,0,1320,72.5899485440527
2024-10-21 12:43:06.092775798+00:00,2024-10-21 12:43:06.092775798+00:00,10,2,38,C,A,2,233.96,200,130,165948,14198287,AAPL,0,1320,72.5899485440527
2024-10-21 12:43:06.092788627+00:00,2024-10-21 12:43:06.092788627+00:00,10,2,38,A,A,2,233.98,200,130,166120,14198288,AAPL,0,1320,72.5899485440527
2024-10-21 12:43:06.106459675+00:00,2024-10-21 12:43:06.106459675+00:00,10,2,38,A,A,2,233.98,200,130,166343,14198323,AAPL,0,200,-22.28317366208405
2024-10-21 12:43:06.158293160+00:00,2024-10-21 12:43:06.158293160+00:00,10,2,38,C,A,2,233.98,200,130,165913,14198379,AAPL,0,-200,-65.15664287531204
2024-10-21 12:43:06.158305704+00:00,2024-10-21 12:43:06.158305704+00:00,10,2,38,A,A,2,233.97,400,130,166295,14198380,AAPL,0,400,-0.84643905547005
2024-10-21 12:43:06.163468352+00:00,2024-10-21 12:43:06.163468352+00:00,10,2,38,A,A,1,233.88,400,130,166478,14198391,AAPL,0,401,-16.321363785692164
2024-10-21 12:43:07.470875+00:00,2024-10-21 12:43:07.470875+00:00,10,2,38,C,B,2,233.66,200,130,165962,14199440,AAPL,0,-200,-65.15664287531204
2024-10-21 12:43:07.577428252+00:00,2024-10-21 12:43:07.577428252+00:00,10,2,38,A,B,3,233.65,200,130,166347,14199570,AAPL,0,940,90.20300031814939
2024-10-21 12:43:08.751885580+00:00,2024-10-21 12:43:08.751885580+00:00,10,2,38,A,B,3,233.65,200,130,166379,14200530,AAPL,0,200,-2.186045699934712
2024-10-21 12:43:08.806020808+00:00,2024-10-21 12:43:08.806020808+00:00,10,2,38,C,B,3,233.65,200,130,166092,14200584,AAPL,0,-200,-85.25377083746139
2024-10-21 12:43:08.806033885+00:00,2024-10-21 12:43:08.806033885+00:00,10,2,38,A,B,2,233.67,200,130,167354,14200585,AAPL,0,201,-22.075504349240234
2024-10-21 12:43:09.027088703+00:00,2024-10-21 12:43:09.027088703+00:00,10,2,38,A,A,1,233.87,400,130,166596,14200742,AAPL,0,400,-16.428547458725237
2024-10-21 12:43:12.901407951+00:00,2024-10-21 12:43:12.901407951+00:00,10,2,38,C,B,2,233.67,200,130,166028,14204206,AAPL,0,-941,-157.75335820623997
2024-10-21 12:43:12.901420094+00:00,2024-10-21 12:43:12.901420094+00:00,10,2,38,A,B,3,233.65,200,130,166508,14204207,AAPL,0,940,90.20300031814939
2024-10-21 12:43:12.919836141+00:00,2024-10-21 12:43:12.919836141+00:00,10,2,38,A,A,1,233.86,400,130,166524,14204292,AAPL,0,400,-16.428547458725237
2024-10-21 12:43:13.063028062+00:00,2024-10-21 12:43:13.063028062+00:00,10,2,38,A,B,2,233.66,200,130,166734,14204663,AAPL,0,-740,-156.2060822489315
2024-10-21 12:43:18.819511842+00:00,2024-10-21 12:43:18.819511842+00:00,10,2,38,C,B,2,233.66,200,130,166061,14210281,AAPL,0,-200,-65.15664287531204
2024-10-21 12:43:18.890070389+00:00,2024-10-21 12:43:18.890070389+00:00,10,2,38,A,B,2,233.66,200,130,166341,14210400,AAPL,0,200,-22.28317366208405
2024-10-21 12:43:19.118949471+00:00,2024-10-21 12:43:19.118949471+00:00,10,2,38,A,A,0,233.8,200,130,166786,14210712,AAPL,200,1349,58.94688960464957
2024-10-21 12:43:27.312017427+00:00,2024-10-21 12:43:27.312017427+00:00,10,2,38,A,B,0,233.77,50,130,166595,14218102,AAPL,50,2398,234.23939811850653
2024-10-21 12:43:28.682580695+00:00,2024-10-21 12:43:28.682580695+00:00,10,2,38,C,B,3,233.66,200,130,165951,14219980,AAPL,0,-200,-85.25377083746139
2024-10-21 12:43:28.682593294+00:00,2024-10-21 12:43:28.682593294+00:00,10,2,38,A,B,4,233.64,200,130,166253,14219981,AAPL,0,930,73.11672224514496
2024-10-21 12:43:28.718720+00:00,2024-10-21 12:43:28.718720+00:00,10,2,38,A,A,2,233.85,400,130,166388,14220047,AAPL,0,400,-0.84643905547005
2024-10-21 12:43:28.737428528+00:00,2024-10-21 12:43:28.737428528+00:00,10,2,38,A,A,1,233.84,200,130,166177,14220092,AAPL,0,1221,60.60991562399908
2024-10-21 12:43:29.526405527+00:00,2024-10-21 12:43:29.526405527+00:00,10,2,38,A,B,4,233.64,200,130,166370,14221206,AAPL,0,200,-15.618851248241953
2024-10-21 12:43:29.583993815+00:00,2024-10-21 12:43:29.583993815+00:00,10,2,38,C,B,4,233.64,200,130,166099,14221241,AAPL,0,-200,-71.82096528915415
2024-10-21 12:43:29.584006831+00:00,2024-10-21 12:43:29.584006831+00:00,10,2,38,A,B,3,233.67,400,130,166683,14221242,AAPL,0,401,39.48832215393091
2024-10-21 12:43:29.841228100+00:00,2024-10-21 12:43:29.841228100+00:00,10,2,38,C,A,1,233.84,200,130,165837,14221639,AAPL,0,-200,-57.36558867368446
2024-10-21 12:43:29.841240098+00:00,2024-10-21 12:43:29.841240098+00:00,10,2,38,A,A,2,233.86,200,130,166384,14221640,AAPL,0,821,25.527500612398665
2024-10-21 12:43:29.895971250+00:00,2024-10-21 12:43:29.895971250+00:00,10,2,38,A,B,3,233.68,400,130,166423,14221858,AAPL,0,400,39.34781686882863
2024-10-21 12:43:30.016726563+00:00,2024-10-21 12:43:30.016726563+00:00,10,2,38,A,A,2,233.85,200,130,166160,14222230,AAPL,0,200,-22.28317366208405
2024-10-21 12:43:31.026157327+00:00,2024-10-21 12:43:31.026157327+00:00,10,2,38,C,B,3,233.68,400,130,165851,14223785,AAPL,0,-1131,-215.66371218471392
2024-10-21 12:43:31.026169913+00:00,2024-10-21 12:43:31.026169913+00:00,10,2,38,A,B,4,233.65,200,130,166213,14223786,AAPL,0,930,73.11672224514496
2024-10-21 12:43:32.777462165+00:00,2024-10-21 12:43:32.777462165+00:00,10,2,38,C,A,0,233.8,200,130,165917,14226159,AAPL,200,1149,37.510154998035574
2024-10-21 12:43:32.778470496+00:00,2024-10-21 12:43:32.778470496+00:00,10,2,38,T,A,0,233.77,50,0,170453,14226161,AAPL,0,0,-43.71990826869805
2024-10-21 12:43:32.778470496+00:00,2024-10-21 12:43:32.778470496+00:00,10,2,38,T,N,0,233.76,100,0,170453,14226162,AAPL,-50,-2388,-304.5929365828982
2024-10-21 12:43:32.778470496+00:00,2024-10-21 12:43:32.778470496+00:00,10,2,38,T,N,0,233.76,50,130,170453,14226163,AAPL,0,0,-43.71990826869805
2024-10-21 12:43:32.778497265+00:00,2024-10-21 12:43:32.778497265+00:00,10,2,38,A,A,0,233.81,13,130,166695,14226165,AAPL,100,962,59.011769931884416
2024-10-21 12:43:32.778508908+00:00,2024-10-21 12:43:32.778508908+00:00,10,2,38,A,A,2,233.82,100,130,166203,14226167,AAPL,0,1048,66.52070574287676
2024-10-21 12:43:32.778520533+00:00,2024-10-21 12:43:32.778520533+00:00,10,2,38,A,A,3,233.83,41,130,167868,14226168,AAPL,0,489,19.185092029452818
2024-10-21 12:43:32.778523795+00:00,2024-10-21 12:43:32.778523795+00:00,10,2,38,C,A,0,233.82,100,130,166226,14226170,AAPL,100,802,43.13350532561373
2024-10-21 12:43:32.778533623+00:00,2024-10-21 12:43:32.778533623+00:00,10,2,38,C,A,1,233.82,100,130,165747,14226171,AAPL,0,989,56.30134193311183
2024-10-21 12:43:32.778543405+00:00,2024-10-21 12:43:32.778543405+00:00,10,2,38,C,A,0,233.81,13,130,166605,14226172,AAPL,13,903,59.50866795557868
2024-10-21 12:43:32.778545123+00:00,2024-10-21 12:43:32.778545123+00:00,10,2,38,C,B,3,233.65,200,130,166103,14226173,AAPL,0,-940,-177.64281685554548
2024-10-21 12:43:32.843469885+00:00,2024-10-21 12:43:32.843469885+00:00,10,2,38,A,B,4,233.57,400,130,166672,14226319,AAPL,0,635,33.91608281364659
2024-10-21 12:43:32.863795827+00:00,2024-10-21 12:43:32.863795827+00:00,10,2,38,T,N,0,233.81,70,130,167645,14226351,AAPL,0,0,-43.71990826869805
2024-10-21 12:43:32.864010296+00:00,2024-10-21 12:43:32.864010296+00:00,10,2,38,A,B,0,233.76,100,130,166205,14226352,AAPL,100,2638,245.58821959625658
2024-10-21 12:43:32.864353459+00:00,2024-10-21 12:43:32.864353459+00:00,10,2,38,C,B,0,233.76,100,130,166450,14226355,AAPL,-100,-2638,-333.02803613365273
2024-10-21 12:43:32.875672259+00:00,2024-10-21 12:43:32.875672259+00:00,10,2,38,A,B,0,233.76,100,130,166278,14226383,AAPL,100,2638,245.58821959625658
2024-10-21 12:43:32.883762376+00:00,2024-10-21 12:43:32.883762376+00:00,10,2,38,C,A,0,233.83,41,130,165861,14226446,AAPL,41,990,34.92686695151132
2024-10-21 12:43:32.960428938+00:00,2024-10-21 12:43:32.960428938+00:00,10,2,38,T,N,0,233.83,100,130,167191,14226812,AAPL,0,0,-43.71990826869805
2024-10-21 12:43:32.961014516+00:00,2024-10-21 12:43:32.961014516+00:00,10,2,38,T,B,0,233.84,65,130,167215,14226814,AAPL,0,0,-43.71990826869805
2024-10-21 12:43:32.961014516+00:00,2024-10-21 12:43:32.961014516+00:00,10,2,38,C,A,0,233.84,65,130,167215,14226814,AAPL,-65,-65,-44.77596941979287
2024-10-21 12:43:33.006751243+00:00,2024-10-21 12:43:33.006751243+00:00,10,2,38,A,B,4,233.6,200,130,166351,14227132,AAPL,0,705,57.63677164901021
2024-10-21 12:43:33.219553558+00:00,2024-10-21 12:43:33.219553558+00:00,10,2,38,A,B,4,233.6,200,130,166482,14227501,AAPL,0,200,-15.618851248241953
2024-10-21 12:43:33.275878319+00:00,2024-10-21 12:43:33.275878319+00:00,10,2,38,C,B,4,233.6,200,130,165981,14227584,AAPL,0,-200,-71.82096528915415
2024-10-21 12:43:33.275890776+00:00,2024-10-21 12:43:33.275890776+00:00,10,2,38,A,B,4,233.63,400,130,166143,14227585,AAPL,0,400,12.482205772214147
2024-10-21 12:43:48.778340231+00:00,2024-10-21 12:43:48.778340231+00:00,10,2,38,A,B,0,233.78,10,130,166498,14242099,AAPL,10,2548,352.323206165551
2024-10-21 12:43:49.327571719+00:00,2024-10-21 12:43:49.327571719+00:00,10,2,38,A,B,4,233.68,400,130,166485,14242566,AAPL,0,401,12.627266411614645
2024-10-21 12:43:54.884512067+00:00,2024-10-21 12:43:54.884512067+00:00,10,2,38,C,B,1,233.76,100,130,166181,14247202,AAPL,0,-2538,-437.7829653916355
2024-10-21 12:43:59.424379492+00:00,2024-10-21 12:43:59.424379492+00:00,10,2,38,A,A,0,233.84,200,130,166290,14251651,AAPL,200,1521,68.15549694190378
2024-10-21 12:43:59.523974366+00:00,2024-10-21 12:43:59.523974366+00:00,10,2,38,C,A,0,233.84,200,130,166109,14252168,AAPL,-200,-200,-46.96932719514365
2024-10-21 12:43:59.523987613+00:00,2024-10-21 12:43:59.523987613+00:00,10,2,38,A,A,1,233.9,400,130,166549,14252169,AAPL,0,400,-16.428547458725237
2024-10-21 12:43:59.578697454+00:00,2024-10-21 12:43:59.578697454+00:00,10,2,38,A,B,2,233.7,200,130,166557,14252297,AAPL,0,-931,-194.22697757809993
2024-10-21 12:44:00.291904704+00:00,2024-10-21 12:44:00.291904704+00:00,10,2,38,C,A,3,234.09,2,130,166177,14253883,AAPL,0,1208,85.83784358465842
2024-10-21 12:44:01.574475139+00:00,2024-10-21 12:44:01.574475139+00:00,10,2,38,C,B,2,233.7,200,130,165759,14255529,AAPL,0,-200,-65.15664287531204
2024-10-21 12:44:01.574487162+00:00,2024-10-21 12:44:01.574487162+00:00,10,2,38,A,B,3,233.69,200,130,166263,14255531,AAPL,0,931,86.69003307855448
2024-10-21 12:44:01.597349974+00:00,2024-10-21 12:44:01.597349974+00:00,10,2,38,T,A,0,233.78,10,0,167901,14255590,AAPL,0,0,-43.71990826869805
2024-10-21 12:44:01.597349974+00:00,2024-10-21 12:44:01.597349974+00:00,10,2,38,A,N,0,233.78,190,130,167901,14255591,AAPL,180,-471,-134.26991257820595
2024-10-21 12:44:01.597372308+00:00,2024-10-21 12:44:01.597372308+00:00,10,2,38,A,A,1,233.82,100,130,167374,14255592,AAPL,0,1682,146.58122094957508
2024-10-21 12:44:01.597376739+00:00,2024-10-21 12:44:01.597376739+00:00,10,2,38,A,A,1,233.81,6,130,166018,14255593,AAPL,0,1188,84.2239401878411
2024-10-21 12:44:01.597388458+00:00,2024-10-21 12:44:01.597388458+00:00,10,2,38,C,A,3,233.82,100,130,166900,14255596,AAPL,0,1011,73.12408834422384
2024-10-21 12:44:01.597398797+00:00,2024-10-21 12:44:01.597398797+00:00,10,2,38,C,A,2,233.82,100,130,165721,14255597,AAPL,0,1111,83.84245564753081
2024-10-21 12:44:01.597405484+00:00,2024-10-21 12:44:01.597405484+00:00,10,2,38,A,A,1,233.8,128,130,166301,14255598,AAPL,0,1145,82.50042584161353
2024-10-21 12:44:01.597418633+00:00,2024-10-21 12:44:01.597418633+00:00,10,2,38,C,B,2,233.69,200,130,167025,14255599,AAPL,0,-941,-157.75335820623997
2024-10-21 12:44:01.597710823+00:00,2024-10-21 12:44:01.597710823+00:00,10,2,38,C,A,4,233.84,63,130,166250,14255600,AAPL,0,982,67.10167827175313
2024-10-21 12:44:01.631410923+00:00,2024-10-21 12:44:01.631410923+00:00,10,2,38,A,A,4,233.89,400,130,166375,14255699,AAPL,0,919,56.427703591021924
2024-10-21 12:44:01.665008249+00:00,2024-10-21 12:44:01.665008249+00:00,10,2,38,A,B,2,233.66,400,130,166061,14255804,AAPL,0,400,-0.84643905547005
2024-10-21 12:44:01.697457905+00:00,2024-10-21 12:44:01.697457905+00:00,10,2,38,C,A,2,233.81,6,130,165824,14255858,AAPL,0,954,63.093215701691015
2024-10-21 12:44:01.697487107+00:00,2024-10-21 12:44:01.697487107+00:00,10,2,38,C,A,2,233.83,29,130,165755,14255859,AAPL,0,1048,89.98697337779758
2024-10-21 12:44:01.723656057+00:00,2024-10-21 12:44:01.723656057+00:00,10,2,38,A,A,2,233.83,200,130,167721,14255897,AAPL,0,200,-22.28317366208405
2024-10-21 12:44:03.939688098+00:00,2024-10-21 12:44:03.939688098+00:00,10,2,38,A,A,2,233.82,200,130,166369,14258767,AAPL,0,200,-22.28317366208405
2024-10-21 12:44:10.095362898+00:00,2024-10-21 12:44:10.095362898+00:00,10,2,38,C,A,0,233.78,190,130,166134,14265746,AAPL,190,1637,83.19500225440046
2024-10-21 12:44:10.112254651+00:00,2024-10-21 12:44:10.112254651+00:00,10,2,38,A,A,0,233.79,100,130,166334,14265766,AAPL,100,1547,81.73276373749995
2024-10-21 12:44:10.112739141+00:00,2024-10-21 12:44:10.112739141+00:00,10,2,38,C,A,0,233.79,100,130,166260,14265767,AAPL,100,1547,81.73276373749995
2024-10-21 12:44:10.125962951+00:00,2024-10-21 12:44:10.125962951+00:00,10,2,38,T,A,0,233.75,90,130,167827,14265775,AAPL,0,0,-43.71990826869805
2024-10-21 12:44:10.125962951+00:00,2024-10-21 12:44:10.125962951+00:00,10,2,38,C,B,0,233.75,90,130,167827,14265775,AAPL,-90,-90,-45.18214678559857
2024-10-21 12:44:10.126029110+00:00,2024-10-21 12:44:10.126029110+00:00,10,2,38,C,B,2,233.66,400,130,166628,14265776,AAPL,0,-400,-86.59337748192605
2024-10-21 12:44:10.126259301+00:00,2024-10-21 12:44:10.126259301+00:00,10,2,38,A,A,1,233.81,6,130,166139,14265778,AAPL,0,1325,71.78418922723543
2024-10-21 12:44:10.130353938+00:00,2024-10-21 12:44:10.130353938+00:00,10,2,38,C,A,1,233.81,6,130,165893,14265782,AAPL,0,1325,71.78418922723543
2024-10-21 12:44:10.130410348+00:00,2024-10-21 12:44:10.130410348+00:00,10,2,38,A,B,3,233.65,200,130,166415,14265783,AAPL,0,940,90.20300031814939
2024-10-21 12:44:10.139163189+00:00,2024-10-21 12:44:10.139163189+00:00,10,2,38,C,B,0,233.75,110,130,165868,14265794,AAPL,-110,-2258,-261.88886218221666
2024-10-21 12:44:10.157454473+00:00,2024-10-21 12:44:10.157454473+00:00,10,2,38,A,B,2,233.65,200,130,167086,14265813,AAPL,0,200,-22.28317366208405
2024-10-21 12:44:10.210284689+00:00,2024-10-21 12:44:10.210284689+00:00,10,2,38,C,B,2,233.65,200,130,165922,14265877,AAPL,0,-200,-65.15664287531204
2024-10-21 12:44:10.210294376+00:00,2024-10-21 12:44:10.210294376+00:00,10,2,38,C,B,2,233.65,200,130,165761,14265878,AAPL,0,-1050,-202.05382224971387
2024-10-21 12:44:10.228540017+00:00,2024-10-21 12:44:10.228540017+00:00,10,2,38,A,B,2,233.62,200,130,166149,14265892,AAPL,0,1050,114.61400571231779
2024-10-21 12:44:22.659115608+00:00,2024-10-21 12:44:22.659115608+00:00,10,2,38,A,B,0,233.76,1,130,167465,14277061,AAPL,1,2149,172.67811232990763
2024-10-21 12:44:24.320346216+00:00,2024-10-21 12:44:24.320346216+00:00,10,2,38,T,A,0,233.76,1,130,166894,14278515,AAPL,0,0,-43.71990826869805
2024-10-21 12:44:24.320346216+00:00,2024-10-21 12:44:24.320346216+00:00,10,2,38,C,B,0,233.76,1,130,166894,14278515,AAPL,-1,-2149,-260.11792886730376
2024-10-21 12:44:24.320371608+00:00,2024-10-21 12:44:24.320371608+00:00,10,2,38,A,A,0,233.78,1,130,167030,14278516,AAPL,1,1448,80.12430136890939
2024-10-21 12:44:24.328088877+00:00,2024-10-21 12:44:24.328088877+00:00,10,2,38,C,B,2,233.62,200,130,165948,14278521,AAPL,0,-1050,-202.05382224971387
2024-10-21 12:44:24.329087388+00:00,2024-10-21 12:44:24.329087388+00:00,10,2,38,A,A,1,233.8,6,130,166768,14278533,AAPL,0,6,-43.31053785654846
2024-10-21 12:44:24.329391498+00:00,2024-10-21 12:44:24.329391498+00:00,10,2,38,A,A,0,233.78,4,130,165961,14278559,AAPL,4,4,-43.65491989016914
2024-10-21 12:44:24.329400563+00:00,2024-10-21 12:44:24.329400563+00:00,10,2,38,A,A,1,233.79,100,130,166515,14278560,AAPL,0,1053,66.53023667999979
2024-10-21 12:44:24.329919574+00:00,2024-10-21 12:44:24.329919574+00:00,10,2,38,C,A,1,233.79,100,130,166397,14278577,AAPL,0,1053,66.53023667999979
2024-10-21 12:44:24.333182245+00:00,2024-10-21 12:44:24.333182245+00:00,10,2,38,C,A,1,233.8,6,130,165733,14278581,AAPL,0,-6,-44.12927868084764
2024-10-21 12:44:24.367829695+00:00,2024-10-21 12:44:24.367829695+00:00,10,2,38,C,A,0,233.78,4,130,165891,14278660,AAPL,-4,-4,-43.784896647226965
2024-10-21 12:44:24.396882356+00:00,2024-10-21 12:44:24.396882356+00:00,10,2,38,A,B,2,233.59,400,130,167006,14278694,AAPL,0,1250,136.0507403189318
2024-10-21 12:44:24.420452931+00:00,2024-10-21 12:44:24.420452931+00:00,10,2,38,C,A,0,233.78,1,130,166392,14278760,AAPL,1,1448,80.12430136890939
2024-10-21 12:44:29.399741197+00:00,2024-10-21 12:44:29.399741197+00:00,10,2,38,C,B,2,233.59,400,130,165970,14282593,AAPL,0,-1250,-223.49055685632788
2024-10-21 12:44:29.399754078+00:00,2024-10-21 12:44:29.399754078+00:00,10,2,38,A,B,3,233.55,400,130,166236,14282596,AAPL,0,745,71.37199325710303
2024-10-21 12:44:37.204838096+00:00,2024-10-21 12:44:37.204838096+00:00,10,2,38,T,N,0,233.79,100,130,167130,14294131,AAPL,0,0,-43.71990826869805
2024-10-21 12:44:37.267315101+00:00,2024-10-21 12:44:37.267315101+00:00,10,2,38,T,B,0,233.8,100,130,167215,14294334,AAPL,0,0,-43.71990826869805
2024-10-21 12:44:37.267315101+00:00,2024-10-21 12:44:37.267315101+00:00,10,2,38,C,A,0,233.8,100,130,167215,14294334,AAPL,-100,-100,-45.34461773192085
2024-10-21 12:44:37.267346130+00:00,2024-10-21 12:44:37.267346130+00:00,10,2,38,A,B,0,233.76,100,130,166228,14294335,AAPL,100,2448,222.8726601801229
2024-10-21 12:44:37.267377859+00:00,2024-10-21 12:44:37.267377859+00:00,10,2,38,C,A,1,233.82,200,130,168380,14294336,AAPL,0,1424,102.70574735533512
2024-10-21 12:44:37.371918862+00:00,2024-10-21 12:44:37.371918862+00:00,10,2,38,A,A,1,233.82,200,130,166764,14294701,AAPL,0,1424,102.70574735533512
2024-10-21 12:44:37.372688632+00:00,2024-10-21 12:44:37.372688632+00:00,10,2,38,C,B,0,233.76,100,130,166095,14294703,AAPL,-100,-2448,-310.312476717519
2024-10-21 12:44:43.997940262+00:00,2024-10-21 12:44:43.997940262+00:00,10,2,38,A,B,2,233.59,400,130,166710,14299799,AAPL,0,905,104.02656393065737
2024-10-21 12:44:43.997952400+00:00,2024-10-21 12:44:43.997952400+00:00,10,2,38,C,A,1,233.82,200,130,166047,14299800,AAPL,0,1424,102.70574735533512
2024-10-21 12:44:43.997963233+00:00,2024-10-21 12:44:43.997963233+00:00,10,2,38,A,A,1,233.83,200,130,166223,14299801,AAPL,0,1424,102.70574735533512
2024-10-21 12:44:44.082882873+00:00,2024-10-21 12:44:44.082882873+00:00,10,2,38,A,A,1,233.82,200,130,166281,14300075,AAPL,0,200,-30.074227863711645
2024-10-21 12:44:49.032770567+00:00,2024-10-21 12:44:49.032770567+00:00,10,2,38,C,B,2,233.59,400,130,166330,14304482,AAPL,0,-1250,-223.49055685632788
2024-10-21 12:44:49.032784585+00:00,2024-10-21 12:44:49.032784585+00:00,10,2,38,A,B,3,233.55,400,130,166579,14304483,AAPL,0,745,71.37199325710303
2024-10-21 12:44:56.110568275+00:00,2024-10-21 12:44:56.110568275+00:00,10,2,38,A,B,0,233.74,100,130,166316,14309785,AAPL,100,2448,222.8726601801229
2024-10-21 12:44:56.111500132+00:00,2024-10-21 12:44:56.111500132+00:00,10,2,38,T,N,0,233.75,48,130,167282,14309786,AAPL,0,0,-43.71990826869805
2024-10-21 12:44:59.972308166+00:00,2024-10-21 12:44:59.972308166+00:00,10,2,38,A,B,0,233.75,10,130,166483,14313357,AAPL,10,2448,237.30314087686287
2024-10-21 12:44:59.972823933+00:00,2024-10-21 12:44:59.972823933+00:00,10,2,38,C,B,1,233.74,100,130,165990,14313358,AAPL,0,-2438,-324.58048646793674
2024-10-21 12:45:00.466069449+00:00,2024-10-21 12:45:00.466069449+00:00,10,2,38,T,B,0,233.8,28,130,167260,14315358,AAPL,0,0,-43.71990826869805
2024-10-21 12:45:00.466069449+00:00,2024-10-21 12:45:00.466069449+00:00,10,2,38,C,A,0,233.8,28,130,167260,14315358,AAPL,28,1452,103.16066600503753
2024-10-21 12:45:00.466091166+00:00,2024-10-21 12:45:00.466091166+00:00,10,2,38,A,B,0,233.76,100,130,166788,14315359,AAPL,100,2448,232.62482321151947
2024-10-21 12:45:00.466096527+00:00,2024-10-21 12:45:00.466096527+00:00,10,2,38,A,B,0,233.77,6,130,166078,14315360,AAPL,6,2354,337.04226126583956
2024-10-21 12:45:00.466104495+00:00,2024-10-21 12:45:00.466104495+00:00,10,2,38,A,B,1,233.76,100,130,166054,14315361,AAPL,0,100,-36.897068066204845
2024-10-21 12:45:00.466110782+00:00,2024-10-21 12:45:00.466110782+00:00,10,2,38,A,B,1,233.76,76,130,167254,14315362,AAPL,0,76,-38.53454971480322
2024-10-21 12:45:00.466138376+00:00,2024-10-21 12:45:00.466138376+00:00,10,2,38,C,B,1,233.76,100,130,166218,14315363,AAPL,0,-100,-50.54274847119126
2024-10-21 12:45:00.466144715+00:00,2024-10-21 12:45:00.466144715+00:00,10,2,38,C,B,1,233.76,100,130,165759,14315364,AAPL,0,-100,-50.54274847119126
2024-10-21 12:45:00.466331776+00:00,2024-10-21 12:45:00.466331776+00:00,10,2,38,C,A,0,233.82,200,130,166527,14315366,AAPL,200,1487,97.66390954837419
2024-10-21 12:45:00.534396965+00:00,2024-10-21 12:45:00.534396965+00:00,10,2,38,A,B,5,233.59,400,130,167286,14315799,AAPL,0,905,62.79601434755465
2024-10-21 12:45:00.566178995+00:00,2024-10-21 12:45:00.566178995+00:00,10,2,38,C,B,0,233.77,6,130,166223,14315868,AAPL,-6,-2330,-417.69565479953656
2024-10-21 12:45:00.566206580+00:00,2024-10-21 12:45:00.566206580+00:00,10,2,38,C,B,0,233.76,76,130,166074,14315869,AAPL,-76,-2424,-320.15302167905514
2024-10-21 12:45:00.576961798+00:00,2024-10-21 12:45:00.576961798+00:00,10,2,38,A,A,0,233.88,400,130,166253,14315911,AAPL,400,1687,100.9133284748198
2024-10-21 12:45:00.732087701+00:00,2024-10-21 12:45:00.732087701+00:00,10,2,38,A,B,3,233.65,200,130,166296,14316146,AAPL,0,200,-2.186045699934712
2024-10-21 12:45:01.132627516+00:00,2024-10-21 12:45:01.132627516+00:00,10,2,38,A,B,3,233.65,200,130,166496,14316634,AAPL,0,200,-2.186045699934712
2024-10-21 12:45:01.134992267+00:00,2024-10-21 12:45:01.134992267+00:00,10,2,38,C,A,0,233.88,200,130,166826,14316635,AAPL,-200,-200,-46.96932719514365
2024-10-21 12:45:01.188576992+00:00,2024-10-21 12:45:01.188576992+00:00,10,2,38,C,B,3,233.65,200,130,165849,14316695,AAPL,0,-200,-85.25377083746139
2024-10-21 12:45:01.188588948+00:00,2024-10-21 12:45:01.188588948+00:00,10,2,38,A,B,2,233.68,200,130,166354,14316696,AAPL,0,201,-22.075504349240234
2024-10-21 12:45:03.941408756+00:00,2024-10-21 12:45:03.941408756+00:00,10,2,38,A,B,2,233.69,200,130,166405,14320305,AAPL,0,200,-22.28317366208405
2024-10-21 12:45:04.378997886+00:00,2024-10-21 12:45:04.378997886+00:00,10,2,38,C,B,2,233.69,200,130,165958,14321006,AAPL,0,-941,-157.75335820623997
2024-10-21 12:45:04.392289828+00:00,2024-10-21 12:45:04.392289828+00:00,10,2,38,A,A,0,233.8,15,130,166547,14321013,AAPL,15,1439,102.94945377481854
2024-10-21 12:45:04.455791398+00:00,2024-10-21 12:45:04.455791398+00:00,10,2,38,A,B,2,233.69,200,130,166135,14321156,AAPL,0,941,70.31354166884387
2024-10-21 12:45:04.463427946+00:00,2024-10-21 12:45:04.463427946+00:00,10,2,38,C,B,2,233.69,200,130,166024,14321160,AAPL,0,-941,-157.75335820623997
2024-10-21 12:45:04.463440670+00:00,2024-10-21 12:45:04.463440670+00:00,10,2,38,A,B,2,233.66,400,130,166292,14321161,AAPL,0,400,-0.84643905547005
2024-10-21 12:45:06.500906813+00:00,2024-10-21 12:45:06.500906813+00:00,10,2,38,T,N,0,233.76,1,130,166901,14323483,AAPL,0,0,-43.71990826869805
2024-10-21 12:45:07.821742791+00:00,2024-10-21 12:45:07.821742791+00:00,10,2,38,A,B,0,233.79,30,130,166844,14326339,AAPL,30,2388,262.48492240988816
2024-10-21 12:45:07.821766697+00:00,2024-10-21 12:45:07.821766697+00:00,10,2,38,T,A,0,233.79,30,130,167311,14326340,AAPL,0,0,-43.71990826869805
2024-10-21 12:45:07.821766697+00:00,2024-10-21 12:45:07.821766697+00:00,10,2,38,C,B,0,233.79,30,130,167311,14326340,AAPL,-30,-2388,-349.9247389472843
2024-10-21 12:45:08.568521916+00:00,2024-10-21 12:45:08.568521916+00:00,10,2,38,A,B,0,233.78,148,130,166175,14328147,AAPL,148,2506,264.4020795764911
2024-10-21 12:45:08.568573634+00:00,2024-10-21 12:45:08.568573634+00:00,10,2,38,T,B,0,233.8,15,130,167228,14328148,AAPL,0,0,-43.71990826869805
2024-10-21 12:45:08.568573634+00:00,2024-10-21 12:45:08.568573634+00:00,10,2,38,C,A,0,233.8,15,130,167228,14328148,AAPL,15,1439,102.94945377481854
2024-10-21 12:45:08.568595371+00:00,2024-10-21 12:45:08.568595371+00:00,10,2,38,A,B,0,233.79,100,130,166948,14328149,AAPL,100,2596,364.8094948464335
2024-10-21 12:45:08.568607237+00:00,2024-10-21 12:45:08.568607237+00:00,10,2,38,C,B,0,233.79,100,130,165970,14328151,AAPL,-100,-2596,-452.24931138382965
2024-10-21 12:45:08.568836429+00:00,2024-10-21 12:45:08.568836429+00:00,10,2,38,C,A,0,233.88,200,130,165875,14328157,AAPL,200,1487,97.66390954837419
2024-10-21 12:45:08.568842453+00:00,2024-10-21 12:45:08.568842453+00:00,10,2,38,A,B,1,233.77,100,130,166469,14328158,AAPL,0,2448,359.909822086014
2024-10-21 12:45:08.569243224+00:00,2024-10-21 12:45:08.569243224+00:00,10,2,38,T,N,0,233.84,7,130,167344,14328165,AAPL,0,0,-43.71990826869805
2024-10-21 12:45:08.569247948+00:00,2024-10-21 12:45:08.569247948+00:00,10,2,38,C,B,1,233.77,100,130,165636,14328166,AAPL,0,-2448,-447.34963862341016
2024-10-21 12:45:08.572627612+00:00,2024-10-21 12:45:08.572627612+00:00,10,2,38,C,B,0,233.78,148,130,165995,14328174,AAPL,-148,-2506,-351.84189611388723
2024-10-21 12:45:08.674779302+00:00,2024-10-21 12:45:08.674779302+00:00,10,2,38,A,A,0,233.89,200,130,166244,14328707,AAPL,200,1487,97.66390954837419
2024-10-21 12:45:08.952909426+00:00,2024-10-21 12:45:08.952909426+00:00,10,2,38,A,B,0,233.77,100,130,166225,14329192,AAPL,100,2458,263.6222190341441
2024-10-21 12:45:09.467642057+00:00,2024-10-21 12:45:09.467642057+00:00,10,2,38,C,A,0,233.89,200,130,166078,14330387,AAPL,200,1487,97.66390954837419
2024-10-21 12:45:09.568869622+00:00,2024-10-21 12:45:09.568869622+00:00,10,2,38,A,A,0,233.89,200,130,166271,14330634,AAPL,200,1487,97.66390954837419
2024-10-21 12:45:10.957645576+00:00,2024-10-21 12:45:10.957645576+00:00,10,2,38,C,B,3,233.66,200,130,166497,14333184,AAPL,0,-200,-85.25377083746139
2024-10-21 12:45:11.522901317+00:00,2024-10-21 12:45:11.522901317+00:00,10,2,38,A,B,3,233.66,200,130,166426,14334305,AAPL,0,200,-2.186045699934712
2024-10-21 12:45:16.300828735+00:00,2024-10-21 12:45:16.300828735+00:00,10,2,38,C,B,0,233.77,100,130,166024,14338788,AAPL,-100,-2458,-351.06203557154026
2024-10-21 12:45:17.074205541+00:00,2024-10-21 12:45:17.074205541+00:00,10,2,38,C,B,2,233.66,200,130,166022,14339200,AAPL,0,-200,-65.15664287531204
2024-10-21 12:45:17.074218249+00:00,2024-10-21 12:45:17.074218249+00:00,10,2,38,A,B,2,233.67,400,130,166682,14339201,AAPL,0,1141,91.75027627545788
2024-10-21 12:45:39.966757614+00:00,2024-10-21 12:45:39.966757614+00:00,10,2,38,C,A,0,233.89,200,130,166395,14360915,AAPL,200,1487,97.66390954837419
2024-10-21 12:45:39.966770270+00:00,2024-10-21 12:45:39.966770270+00:00,10,2,38,A,A,1,233.91,200,130,166393,14360916,AAPL,0,1486,107.9919426248901
2024-10-21 12:45:40.024030599+00:00,2024-10-21 12:45:40.024030599+00:00,10,2,38,A,B,2,233.68,400,130,166434,14361083,AAPL,0,400,-0.84643905547005
2024-10-21 12:45:41.579754503+00:00,2024-10-21 12:45:41.579754503+00:00,10,2,38,A,A,0,233.9,200,130,166520,14362987,AAPL,200,1686,111.24136155133567
2024-10-21 12:45:42.523889758+00:00,2024-10-21 12:45:42.523889758+00:00,10,2,38,C,B,2,233.68,400,130,166088,14363904,AAPL,0,-1141,-179.19009281285395
2024-10-21 12:45:42.523901729+00:00,2024-10-21 12:45:42.523901729+00:00,10,2,38,A,B,2,233.67,200,130,166321,14363905,AAPL,0,941,70.31354166884387
2024-10-21 12:45:46.308803313+00:00,2024-10-21 12:45:46.308803313+00:00,10,2,38,A,B,2,233.67,200,130,166365,14367539,AAPL,0,200,-22.28317366208405
2024-10-21 12:46:00.710010076+00:00,2024-10-21 12:46:00.710010076+00:00,10,2,38,A,A,2,234.08,2,130,166097,14380026,AAPL,0,1271,92.73850712440763
2024-10-21 12:46:01.288790694+00:00,2024-10-21 12:46:01.288790694+00:00,10,2,38,C,B,2,233.67,200,130,165893,14380628,AAPL,0,-200,-65.15664287531204
2024-10-21 12:46:01.288803458+00:00,2024-10-21 12:46:01.288803458+00:00,10,2,38,A,B,2,233.68,400,130,166162,14380629,AAPL,0,400,-0.84643905547005
2024-10-21 12:46:10.320582034+00:00,2024-10-21 12:46:10.320582034+00:00,10,2,38,C,B,2,233.68,200,130,166443,14389032,AAPL,0,-200,-65.15664287531204
2024-10-21 12:46:10.320607088+00:00,2024-10-21 12:46:10.320607088+00:00,10,2,38,C,B,2,233.68,200,130,165880,14389033,AAPL,0,-941,-157.75335820623997
2024-10-21 12:46:10.320619482+00:00,2024-10-21 12:46:10.320619482+00:00,10,2,38,A,B,3,233.65,200,128,167201,14389034,AAPL,0,940,90.20300031814939
2024-10-21 12:46:12.080290410+00:00,2024-10-21 12:46:12.080290410+00:00,10,2,38,A,A,0,233.9,200,130,166056,14392947,AAPL,200,200,-40.470489342252456
2024-10-21 12:46:12.137568253+00:00,2024-10-21 12:46:12.137568253+00:00,10,2,38,A,B,3,233.65,200,130,166449,14393083,AAPL,0,200,-2.186045699934712
2024-10-21 12:46:12.193567298+00:00,2024-10-21 12:46:12.193567298+00:00,10,2,38,C,B,3,233.65,200,130,166010,14393256,AAPL,0,-200,-85.25377083746139
2024-10-21 12:46:12.193579968+00:00,2024-10-21 12:46:12.193579968+00:00,10,2,38,A,B,2,233.67,400,130,166292,14393257,AAPL,0,401,-0.6387697426262355
2024-10-21 12:46:12.268092521+00:00,2024-10-21 12:46:12.268092521+00:00,10,2,38,A,A,0,233.83,21,130,166684,14393454,AAPL,21,1647,115.36074422549514
2024-10-21 12:46:16.791652393+00:00,2024-10-21 12:46:16.791652393+00:00,10,2,38,C,A,0,233.83,21,130,165840,14398380,AAPL,21,1647,115.36074422549514
2024-10-21 12:46:19.577613731+00:00,2024-10-21 12:46:19.577613731+00:00,10,2,38,C,A,0,233.9,200,130,166039,14400935,AAPL,-200,-200,-46.96932719514365
2024-10-21 12:46:23.938521180+00:00,2024-10-21 12:46:23.938521180+00:00,10,2,38,A,B,2,233.68,400,130,166617,14404380,AAPL,0,400,-0.84643905547005
2024-10-21 12:46:25.802255158+00:00,2024-10-21 12:46:25.802255158+00:00,10,2,38,C,B,2,233.68,400,130,165827,14406294,AAPL,0,-1141,-179.19009281285395
2024-10-21 12:46:25.802267157+00:00,2024-10-21 12:46:25.802267157+00:00,10,2,38,A,B,3,233.65,200,130,166137,14406295,AAPL,0,940,90.20300031814939
2024-10-21 12:46:26.818456297+00:00,2024-10-21 12:46:26.818456297+00:00,10,2,38,A,A,0,233.88,200,130,166958,14407933,AAPL,200,1426,90.9776133546911
2024-10-21 12:46:30.615356413+00:00,2024-10-21 12:46:30.615356413+00:00,10,2,38,A,A,0,233.83,1,130,166373,14412090,AAPL,1,1322,64.9223251100904
2024-10-21 12:46:36.896860441+00:00,2024-10-21 12:46:36.896860441+00:00,10,2,38,A,A,0,233.8,2,130,166312,14419185,AAPL,2,824,25.628223203688062
2024-10-21 12:46:36.896993475+00:00,2024-10-21 12:46:36.896993475+00:00,10,2,38,C,B,3,233.65,200,130,166046,14419186,AAPL,0,-940,-177.64281685554548
2024-10-21 12:46:36.935295740+00:00,2024-10-21 12:46:36.935295740+00:00,10,2,38,C,A,0,233.8,2,130,166209,14419262,AAPL,2,824,25.628223203688062
2024-10-21 12:46:36.967821622+00:00,2024-10-21 12:46:36.967821622+00:00,10,2,38,A,B,3,233.63,400,130,166311,14419328,AAPL,0,1140,131.73686288691272
2024-10-21 12:46:36.973880941+00:00,2024-10-21 12:46:36.973880941+00:00,10,2,38,C,A,1,233.88,200,130,166191,14419333,AAPL,0,1321,64.90607801545818
2024-10-21 12:46:36.973894591+00:00,2024-10-21 12:46:36.973894591+00:00,10,2,38,A,A,2,233.91,400,130,166243,14419334,AAPL,0,1520,94.02668315066671
2024-10-21 12:46:40.270472256+00:00,2024-10-21 12:46:40.270472256+00:00,10,2,38,C,A,2,233.91,200,130,166863,14422026,AAPL,0,-200,-65.15664287531204
2024-10-21 12:46:42.223069810+00:00,2024-10-21 12:46:42.223069810+00:00,10,2,38,A,B,3,233.64,400,130,166181,14424067,AAPL,0,400,39.34781686882863
2024-10-21 12:46:46.421912989+00:00,2024-10-21 12:46:46.421912989+00:00,10,2,38,C,A,2,233.91,200,130,166085,14427379,AAPL,0,1320,72.5899485440527
2024-10-21 12:46:46.421925139+00:00,2024-10-21 12:46:46.421925139+00:00,10,2,38,A,A,2,233.93,400,130,166542,14427380,AAPL,0,1520,94.02668315066671
2024-10-21 12:46:46.487697098+00:00,2024-10-21 12:46:46.487697098+00:00,10,2,38,A,A,2,233.92,400,130,166171,14427498,AAPL,0,400,-0.84643905547005
2024-10-21 12:46:52.612794937+00:00,2024-10-21 12:46:52.612794937+00:00,10,2,38,A,B,8,233.4,9,130,166648,14433502,AAPL,0,9,-42.93759338485584
2024-10-21 12:47:00.410294114+00:00,2024-10-21 12:47:00.410294114+00:00,10,2,38,C,A,4,234.08,2,130,166112,14443799,AAPL,0,1103,47.622835619093806
2024-10-21 12:47:02.422982273+00:00,2024-10-21 12:47:02.422982273+00:00,10,2,38,A,A,1,233.88,200,130,166691,14445634,AAPL,0,201,-29.96704419067857
2024-10-21 12:47:02.478990158+00:00,2024-10-21 12:47:02.478990158+00:00,10,2,38,A,A,1,233.87,200,130,166764,14445715,AAPL,0,200,-30.074227863711645
2024-10-21 12:47:08.170726079+00:00,2024-10-21 12:47:08.170726079+00:00,10,2,38,T,A,0,233.75,10,130,168027,14450638,AAPL,0,0,-43.71990826869805
2024-10-21 12:47:08.170726079+00:00,2024-10-21 12:47:08.170726079+00:00,10,2,38,C,B,0,233.75,10,130,168027,14450638,AAPL,-10,-2367,-302.58033017159937
2024-10-21 12:47:08.170747785+00:00,2024-10-21 12:47:08.170747785+00:00,10,2,38,A,A,0,233.81,100,130,167377,14450639,AAPL,100,1420,73.06775668033357
2024-10-21 12:47:08.170753593+00:00,2024-10-21 12:47:08.170753593+00:00,10,2,38,A,A,0,233.79,13,130,166872,14450640,AAPL,13,933,52.48602039682042
2024-10-21 12:47:08.170780793+00:00,2024-10-21 12:47:08.170780793+00:00,10,2,38,A,A,0,233.79,17,130,167545,14450641,AAPL,17,17,-43.44370765995018
2024-10-21 12:47:08.170793241+00:00,2024-10-21 12:47:08.170793241+00:00,10,2,38,C,A,1,233.81,100,130,165787,14450642,AAPL,0,920,52.27480816660146
2024-10-21 12:47:08.170829114+00:00,2024-10-21 12:47:08.170829114+00:00,10,2,38,A,A,1,233.82,17,130,166354,14450643,AAPL,0,837,46.61185079853212
2024-10-21 12:47:08.170966841+00:00,2024-10-21 12:47:08.170966841+00:00,10,2,38,A,A,1,233.81,100,130,166461,14450644,AAPL,0,837,37.17927852746503
2024-10-21 12:47:08.171394413+00:00,2024-10-21 12:47:08.171394413+00:00,10,2,38,C,A,1,233.81,100,130,165787,14450648,AAPL,0,837,37.17927852746503
2024-10-21 12:47:08.270834728+00:00,2024-10-21 12:47:08.270834728+00:00,10,2,38,C,A,0,233.79,13,130,165895,14450705,AAPL,-13,-13,-43.93112049891701
2024-10-21 12:47:08.270864543+00:00,2024-10-21 12:47:08.270864543+00:00,10,2,38,C,A,1,233.82,17,130,166042,14450706,AAPL,0,837,46.61185079853212
2024-10-21 12:47:08.423766296+00:00,2024-10-21 12:47:08.423766296+00:00,10,2,38,C,A,0,233.79,17,130,166967,14450784,AAPL,17,1337,71.71924782585864
2024-10-21 12:47:09.542929513+00:00,2024-10-21 12:47:09.542929513+00:00,10,2,38,C,B,2,233.64,400,130,166101,14451376,AAPL,0,-1259,-224.15113280418925
2024-10-21 12:47:09.542944189+00:00,2024-10-21 12:47:09.542944189+00:00,10,2,38,A,B,2,233.61,200,130,166312,14451377,AAPL,0,1059,115.27458166017917
2024-10-21 12:47:10.432682831+00:00,2024-10-21 12:47:10.432682831+00:00,10,2,38,A,A,1,233.86,200,130,166537,14452515,AAPL,0,200,-30.074227863711645
2024-10-21 12:47:11.297466321+00:00,2024-10-21 12:47:11.297466321+00:00,10,2,38,A,B,2,233.63,200,130,166454,14453272,AAPL,0,200,-22.28317366208405
2024-10-21 12:47:15.646925075+00:00,2024-10-21 12:47:15.646925075+00:00,10,2,38,C,B,2,233.63,200,130,166180,14456365,AAPL,0,-1059,-202.71439819757524
2024-10-21 12:47:15.646937792+00:00,2024-10-21 12:47:15.646937792+00:00,10,2,38,A,B,2,233.61,200,130,166604,14456366,AAPL,0,1059,115.27458166017917
2024-10-21 12:47:19.469834115+00:00,2024-10-21 12:47:19.469834115+00:00,10,2,38,C,A,0,233.83,1,130,166497,14459314,AAPL,1,1425,102.72199444996735
2024-10-21 12:47:25.958887784+00:00,2024-10-21 12:47:25.958887784+00:00,10,2,38,C,A,0,233.86,200,130,166338,14465730,AAPL,200,1487,97.66390954837419
2024-10-21 12:47:25.958901196+00:00,2024-10-21 12:47:25.958901196+00:00,10,2,38,A,A,1,233.91,400,130,166721,14465731,AAPL,0,1686,121.63762302987651
2024-10-21 12:47:26.552220975+00:00,2024-10-21 12:47:26.552220975+00:00,10,2,38,A,B,0,233.76,2,130,167158,14466977,AAPL,2,2159,173.4766743083821
2024-10-21 12:47:26.552507902+00:00,2024-10-21 12:47:26.552507902+00:00,10,2,38,A,B,1,233.74,100,130,167154,14466980,AAPL,0,2247,210.04677669219518
2024-10-21 12:47:26.552532797+00:00,2024-10-21 12:47:26.552532797+00:00,10,2,38,A,B,1,233.75,100,130,166182,14466982,AAPL,0,2238,312.43024003582184
2024-10-21 12:47:26.552914503+00:00,2024-10-21 12:47:26.552914503+00:00,10,2,38,C,B,2,233.74,100,130,165975,14466988,AAPL,0,-2138,-393.04721637072475
2024-10-21 12:47:26.553030755+00:00,2024-10-21 12:47:26.553030755+00:00,10,2,38,C,B,1,233.75,100,130,166290,14466990,AAPL,0,-2247,-297.4865932295913
2024-10-21 12:47:26.556326445+00:00,2024-10-21 12:47:26.556326445+00:00,10,2,38,C,B,0,233.76,2,130,165894,14466999,AAPL,-2,-2159,-260.91649084577824
2024-10-21 12:47:26.596516239+00:00,2024-10-21 12:47:26.596516239+00:00,10,2,38,C,A,1,233.91,400,130,166120,14467077,AAPL,0,1686,121.63762302987651
2024-10-21 12:47:26.618112053+00:00,2024-10-21 12:47:26.618112053+00:00,10,2,38,A,A,1,233.91,400,130,166368,14467214,AAPL,0,1686,121.63762302987651
2024-10-21 12:47:26.625259595+00:00,2024-10-21 12:47:26.625259595+00:00,10,2,38,C,A,1,233.91,400,130,166095,14467239,AAPL,0,1686,121.63762302987651
2024-10-21 12:47:26.629968958+00:00,2024-10-21 12:47:26.629968958+00:00,10,2,38,A,A,1,233.96,200,130,166306,14467252,AAPL,0,1486,107.9919426248901
2024-10-21 12:47:26.656630312+00:00,2024-10-21 12:47:26.656630312+00:00,10,2,38,A,A,1,233.96,200,130,166341,14467288,AAPL,0,200,-30.074227863711645
2024-10-21 12:47:26.684648838+00:00,2024-10-21 12:47:26.684648838+00:00,10,2,38,C,A,1,233.96,200,130,165563,14467316,AAPL,0,-200,-57.36558867368446
2024-10-21 12:47:26.684660963+00:00,2024-10-21 12:47:26.684660963+00:00,10,2,38,A,A,1,233.93,200,130,166179,14467317,AAPL,0,200,-30.074227863711645
2024-10-21 12:47:27.032806515+00:00,2024-10-21 12:47:27.032806515+00:00,10,2,38,A,A,1,233.91,200,130,166737,14467559,AAPL,0,200,-30.074227863711645
2024-10-21 12:47:29.736524116+00:00,2024-10-21 12:47:29.736524116+00:00,10,2,38,A,A,0,233.9,200,130,166636,14469764,AAPL,200,1686,111.24136155133567
2024-10-21 12:47:29.804925373+00:00,2024-10-21 12:47:29.804925373+00:00,10,2,38,A,B,2,233.61,200,130,166188,14469908,AAPL,0,200,-22.28317366208405
2024-10-21 12:47:29.856681774+00:00,2024-10-21 12:47:29.856681774+00:00,10,2,38,C,B,2,233.61,200,130,166156,14470026,AAPL,0,-200,-65.15664287531204
2024-10-21 12:47:29.856694723+00:00,2024-10-21 12:47:29.856694723+00:00,10,2,38,A,B,2,233.62,400,130,166140,14470027,AAPL,0,400,-0.84643905547005
2024-10-21 12:47:30.078583111+00:00,2024-10-21 12:47:30.078583111+00:00,10,2,38,A,B,2,233.63,400,130,166214,14470262,AAPL,0,400,-0.84643905547005
2024-10-21 12:47:34.313639819+00:00,2024-10-21 12:47:34.313639819+00:00,10,2,38,A,B,1,233.67,200,130,166341,14474035,AAPL,0,201,-29.96704419067857
2024-10-21 12:47:34.358474517+00:00,2024-10-21 12:47:34.358474517+00:00,10,2,38,C,A,0,233.9,200,130,166190,14474060,AAPL,-200,-200,-46.96932719514365
2024-10-21 12:47:34.358488026+00:00,2024-10-21 12:47:34.358488026+00:00,10,2,38,A,A,1,233.92,200,130,166610,14474061,AAPL,0,1486,107.9919426248901
2024-10-21 12:47:37.064329812+00:00,2024-10-21 12:47:37.064329812+00:00,10,2,38,C,B,1,233.67,200,130,165728,14477720,AAPL,0,-1060,-195.03052766898074
2024-10-21 12:47:37.064342466+00:00,2024-10-21 12:47:37.064342466+00:00,10,2,38,A,B,2,233.65,200,130,166087,14477721,AAPL,0,1059,115.27458166017917
2024-10-21 12:47:37.119327456+00:00,2024-10-21 12:47:37.119327456+00:00,10,2,38,A,A,1,233.91,200,130,166298,14477862,AAPL,0,200,-30.074227863711645
2024-10-21 12:47:37.400458317+00:00,2024-10-21 12:47:37.400458317+00:00,10,2,38,C,A,1,233.91,200,130,165837,14478221,AAPL,0,1486,107.9919426248901
2024-10-21 12:47:37.400470025+00:00,2024-10-21 12:47:37.400470025+00:00,10,2,38,A,A,1,233.92,200,130,166363,14478222,AAPL,0,1486,107.9919426248901
2024-10-21 12:47:37.454723801+00:00,2024-10-21 12:47:37.454723801+00:00,10,2,38,A,B,1,233.66,200,130,166547,14478283,AAPL,0,-859,-189.06871779258884
2024-10-21 12:47:38.779143882+00:00,2024-10-21 12:47:38.779143882+00:00,10,2,38,A,B,6,233.4,1000,130,166066,14479646,AAPL,0,1000,52.30319441655536
2024-10-21 12:47:40.220416792+00:00,2024-10-21 12:47:40.220416792+00:00,10,2,38,A,B,1,233.67,200,130,166571,14481349,AAPL,0,2060,180.98803867173845
2024-10-21 12:48:06.501702067+00:00,2024-10-21 12:48:06.501702067+00:00,10,2,38,C,A,1,233.92,200,130,166194,14503174,AAPL,0,1486,107.9919426248901
2024-10-21 12:48:06.501715510+00:00,2024-10-21 12:48:06.501715510+00:00,10,2,38,A,A,1,233.94,200,130,166348,14503175,AAPL,0,1486,107.9919426248901
2024-10-21 12:48:06.556937176+00:00,2024-10-21 12:48:06.556937176+00:00,10,2,38,C,B,1,233.67,200,130,166301,14503401,AAPL,0,-2060,-268.4278552091346
2024-10-21 12:48:06.556948933+00:00,2024-10-21 12:48:06.556948933+00:00,10,2,38,A,B,2,233.58,400,130,166350,14503402,AAPL,0,400,-0.84643905547005
2024-10-21 12:48:08.370665186+00:00,2024-10-21 12:48:08.370665186+00:00,10,2,38,A,A,0,233.82,128,130,166395,14505085,AAPL,128,1552,112.53747439887978
2024-10-21 12:48:08.441224723+00:00,2024-10-21 12:48:08.441224723+00:00,10,2,38,A,A,2,233.94,200,130,166430,14505120,AAPL,0,200,-22.28317366208405
2024-10-21 12:48:08.499978640+00:00,2024-10-21 12:48:08.499978640+00:00,10,2,38,C,A,2,233.94,200,130,166245,14505138,AAPL,0,-200,-65.15664287531204
2024-10-21 12:48:08.499990971+00:00,2024-10-21 12:48:08.499990971+00:00,10,2,38,A,A,1,233.87,200,130,166465,14505139,AAPL,0,201,-29.96704419067857
2024-10-21 12:48:09.562658898+00:00,2024-10-21 12:48:09.562658898+00:00,10,2,38,A,A,1,233.87,200,130,166520,14506030,AAPL,0,200,-30.074227863711645
2024-10-21 12:48:09.617544283+00:00,2024-10-21 12:48:09.617544283+00:00,10,2,38,A,B,2,233.62,200,130,166756,14506063,AAPL,0,2059,188.67190920033295
2024-10-21 12:48:12.154776230+00:00,2024-10-21 12:48:12.154776230+00:00,10,2,38,A,A,0,233.82,28,130,166416,14510378,AAPL,28,28,-43.26498961899567
2024-10-21 12:48:13.697844531+00:00,2024-10-21 12:48:13.697844531+00:00,10,2,38,C,B,2,233.62,200,130,166462,14511748,AAPL,0,-2059,-276.11172573772905
2024-10-21 12:48:13.697858036+00:00,2024-10-21 12:48:13.697858036+00:00,10,2,38,A,B,2,233.58,400,130,166433,14511749,AAPL,0,400,-0.84643905547005
2024-10-21 12:48:16.753702442+00:00,2024-10-21 12:48:16.753702442+00:00,10,2,38,A,B,2,233.62,200,130,166689,14514758,AAPL,0,2059,188.67190920033295
2024-10-21 12:48:19.442007179+00:00,2024-10-21 12:48:19.442007179+00:00,10,2,38,A,B,0,233.76,4,130,166335,14519006,AAPL,4,3161,260.43304448011475
2024-10-21 12:48:19.442025239+00:00,2024-10-21 12:48:19.442025239+00:00,10,2,38,T,B,0,233.82,65,130,168218,14519007,AAPL,0,0,-43.71990826869805
2024-10-21 12:48:19.442025239+00:00,2024-10-21 12:48:19.442025239+00:00,10,2,38,C,A,0,233.82,65,130,168218,14519007,AAPL,-65,-65,-44.77596941979287
2024-10-21 12:48:19.442044553+00:00,2024-10-21 12:48:19.442044553+00:00,10,2,38,C,A,1,233.87,200,130,165874,14519008,AAPL,0,-200,-57.36558867368446
2024-10-21 12:48:19.442103573+00:00,2024-10-21 12:48:19.442103573+00:00,10,2,38,C,A,1,233.87,200,130,166408,14519009,AAPL,0,1424,102.70574735533512
2024-10-21 12:48:19.442313654+00:00,2024-10-21 12:48:19.442313654+00:00,10,2,38,A,B,0,233.77,100,130,165941,14519010,AAPL,100,3251,263.8828463163225
2024-10-21 12:48:19.442674818+00:00,2024-10-21 12:48:19.442674818+00:00,10,2,38,C,B,0,233.77,100,130,165977,14519011,AAPL,-100,-3251,-351.32266285371867
2024-10-21 12:48:19.442704447+00:00,2024-10-21 12:48:19.442704447+00:00,10,2,38,T,B,0,233.82,54,130,166980,14519012,AAPL,0,0,-43.71990826869805
2024-10-21 12:48:19.442704447+00:00,2024-10-21 12:48:19.442704447+00:00,10,2,38,C,A,0,233.82,54,130,166980,14519012,AAPL,-54,-54,-44.597251378838365
2024-10-21 12:48:19.446110129+00:00,2024-10-21 12:48:19.446110129+00:00,10,2,38,C,B,0,233.76,4,130,165948,14519014,AAPL,-4,-3161,-347.8728610175109
2024-10-21 12:48:19.520918631+00:00,2024-10-21 12:48:19.520918631+00:00,10,2,38,C,B,2,233.62,200,130,165843,14519390,AAPL,0,-2059,-276.11172573772905
2024-10-21 12:48:19.520931496+00:00,2024-10-21 12:48:19.520931496+00:00,10,2,38,A,B,2,233.58,400,130,166413,14519391,AAPL,0,400,-0.84643905547005
2024-10-21 12:48:19.523249872+00:00,2024-10-21 12:48:19.523249872+00:00,10,2,38,A,A,2,233.92,200,130,166531,14519395,AAPL,0,1423,110.38961788392967
2024-10-21 12:48:19.551210716+00:00,2024-10-21 12:48:19.551210716+00:00,10,2,38,A,A,2,233.92,200,130,166073,14519455,AAPL,0,200,-22.28317366208405
2024-10-21 12:48:19.683603442+00:00,2024-10-21 12:48:19.683603442+00:00,10,2,38,C,A,2,233.92,200,130,166014,14519635,AAPL,0,-200,-65.15664287531204
2024-10-21 12:48:19.683615721+00:00,2024-10-21 12:48:19.683615721+00:00,10,2,38,A,A,1,233.88,200,130,166795,14519636,AAPL,0,201,-29.96704419067857
2024-10-21 12:48:20.389264986+00:00,2024-10-21 12:48:20.389264986+00:00,10,2,38,A,B,0,233.8,10,130,166106,14520285,AAPL,10,3477,332.924235594694
2024-10-21 12:48:20.657778486+00:00,2024-10-21 12:48:20.657778486+00:00,10,2,38,C,A,1,233.88,200,130,165921,14520522,AAPL,0,1424,102.70574735533512
2024-10-21 12:48:20.657790817+00:00,2024-10-21 12:48:20.657790817+00:00,10,2,38,A,A,2,233.92,400,130,166362,14520523,AAPL,0,1623,131.82635249054368
2024-10-21 12:48:21.283922667+00:00,2024-10-21 12:48:21.283922667+00:00,10,2,38,A,B,3,233.64,400,130,166831,14521455,AAPL,0,2149,219.44305375322315
2024-10-21 12:48:26.912777281+00:00,2024-10-21 12:48:26.912777281+00:00,10,2,38,T,B,0,233.82,9,0,168637,14525972,AAPL,0,0,-43.71990826869805
2024-10-21 12:48:26.912777281+00:00,2024-10-21 12:48:26.912777281+00:00,10,2,38,T,B,0,233.82,28,130,168637,14525973,AAPL,-9,-9,-43.8661321203881
2024-10-21 12:48:26.912777281+00:00,2024-10-21 12:48:26.912777281+00:00,10,2,38,C,A,0,233.82,28,130,168637,14525973,AAPL,28,1652,132.34949954227096
2024-10-21 12:48:26.912847872+00:00,2024-10-21 12:48:26.912847872+00:00,10,2,38,A,B,1,233.78,100,130,166254,14525974,AAPL,0,3447,296.9091204679493
2024-10-21 12:48:26.912854091+00:00,2024-10-21 12:48:26.912854091+00:00,10,2,38,C,A,1,233.92,200,130,167718,14525975,AAPL,0,-200,-57.36558867368446
2024-10-21 12:48:26.912899501+00:00,2024-10-21 12:48:26.912899501+00:00,10,2,38,C,A,1,233.92,200,130,165913,14525977,AAPL,0,1486,107.9919426248901
2024-10-21 12:48:26.913242243+00:00,2024-10-21 12:48:26.913242243+00:00,10,2,38,C,B,1,233.78,100,130,165738,14525983,AAPL,0,-3447,-384.3489370053454
2024-10-21 12:48:27.020695881+00:00,2024-10-21 12:48:27.020695881+00:00,10,2,38,A,A,1,233.92,400,130,166534,14526905,AAPL,0,1686,121.63762302987651
2024-10-21 12:48:28.369815806+00:00,2024-10-21 12:48:28.369815806+00:00,10,2,38,A,B,2,233.66,200,130,166729,14529240,AAPL,0,-1949,-285.44613568400524
2024-10-21 12:48:30.038722144+00:00,2024-10-21 12:48:30.038722144+00:00,10,2,38,A,B,2,233.69,200,130,166590,14530325,AAPL,0,1950,158.0197325351543
2024-10-21 12:48:32.943736693+00:00,2024-10-21 12:48:32.943736693+00:00,10,2,38,A,B,1,233.78,8,130,166124,14533065,AAPL,0,3155,275.8966919817652
2024-10-21 12:48:32.943740045+00:00,2024-10-21 12:48:32.943740045+00:00,10,2,38,A,B,0,233.8,152,130,166886,14533066,AAPL,152,152,-41.2503498845994
2024-10-21 12:48:32.947835058+00:00,2024-10-21 12:48:32.947835058+00:00,10,2,38,C,B,0,233.8,152,130,166039,14533097,AAPL,-152,-152,-46.1894666527967
2024-10-21 12:48:32.947840314+00:00,2024-10-21 12:48:32.947840314+00:00,10,2,38,C,B,1,233.78,8,130,165713,14533098,AAPL,0,-3155,-363.3365085191613
2024-10-21 12:48:33.022380892+00:00,2024-10-21 12:48:33.022380892+00:00,10,2,38,C,B,2,233.69,200,130,166417,14533210,AAPL,0,-1950,-245.45954907255043
2024-10-21 12:48:33.022394185+00:00,2024-10-21 12:48:33.022394185+00:00,10,2,38,A,B,2,233.66,200,130,166429,14533211,AAPL,0,200,-22.28317366208405
2024-10-21 12:48:33.321638942+00:00,2024-10-21 12:48:33.321638942+00:00,10,2,38,A,B,2,233.66,200,130,166197,14533495,AAPL,0,200,-22.28317366208405
2024-10-21 12:48:33.323589067+00:00,2024-10-21 12:48:33.323589067+00:00,10,2,38,C,A,1,233.92,200,130,166260,14533498,AAPL,0,-200,-57.36558867368446
2024-10-21 12:48:33.378055235+00:00,2024-10-21 12:48:33.378055235+00:00,10,2,38,C,B,2,233.66,200,130,166141,14533710,AAPL,0,-200,-65.15664287531204
2024-10-21 12:48:33.378067107+00:00,2024-10-21 12:48:33.378067107+00:00,10,2,38,A,B,2,233.69,400,130,166259,14533711,AAPL,0,2150,179.4564671417683
2024-10-21 12:48:36.022806384+00:00,2024-10-21 12:48:36.022806384+00:00,10,2,38,C,A,1,233.92,200,130,166331,14535608,AAPL,0,1486,107.9919426248901
2024-10-21 12:48:36.022819468+00:00,2024-10-21 12:48:36.022819468+00:00,10,2,38,A,A,1,233.97,400,130,166328,14535609,AAPL,0,1686,121.63762302987651
2024-10-21 12:48:36.080879057+00:00,2024-10-21 12:48:36.080879057+00:00,10,2,38,A,B,1,233.73,200,130,166437,14535966,AAPL,0,1407,99.29646548720385
2024-10-21 12:48:37.062302123+00:00,2024-10-21 12:48:37.062302123+00:00,10,2,38,A,A,1,233.92,400,130,166588,14537948,AAPL,0,400,-16.428547458725237
2024-10-21 12:48:37.707758529+00:00,2024-10-21 12:48:37.707758529+00:00,10,2,38,C,B,1,233.73,200,130,165945,14538572,AAPL,0,-3157,-367.0391882218383
2024-10-21 12:48:37.707770928+00:00,2024-10-21 12:48:37.707770928+00:00,10,2,38,A,B,2,233.69,400,130,166069,14538573,AAPL,0,2150,179.4564671417683
2024-10-21 12:48:38.527186854+00:00,2024-10-21 12:48:38.527186854+00:00,10,2,38,C,A,1,233.92,200,130,167167,14539441,AAPL,0,-200,-57.36558867368446
2024-10-21 12:48:40.708153311+00:00,2024-10-21 12:48:40.708153311+00:00,10,2,38,C,A,1,233.92,200,130,167825,14542658,AAPL,0,1486,107.9919426248901
2024-10-21 12:48:40.708165824+00:00,2024-10-21 12:48:40.708165824+00:00,10,2,38,A,A,1,233.98,200,130,166355,14542659,AAPL,0,1486,107.9919426248901
2024-10-21 12:48:40.708592331+00:00,2024-10-21 12:48:40.708592331+00:00,10,2,38,A,A,1,233.98,200,130,166175,14542660,AAPL,0,200,-30.074227863711645
2024-10-21 12:48:40.759899740+00:00,2024-10-21 12:48:40.759899740+00:00,10,2,38,A,B,1,233.73,200,130,166327,14542749,AAPL,0,1407,99.29646548720385
2024-10-21 12:48:40.759912108+00:00,2024-10-21 12:48:40.759912108+00:00,10,2,38,C,A,1,233.98,200,130,166002,14542750,AAPL,0,-200,-57.36558867368446
2024-10-21 12:48:40.759922567+00:00,2024-10-21 12:48:40.759922567+00:00,10,2,38,A,A,1,233.97,400,130,167027,14542751,AAPL,0,400,-16.428547458725237
2024-10-21 12:48:40.945130102+00:00,2024-10-21 12:48:40.945130102+00:00,10,2,38,A,A,2,234.0,100,130,166743,14542857,AAPL,0,100,-33.00154096539105
2024-10-21 12:48:43.582578418+00:00,2024-10-21 12:48:43.582578418+00:00,10,2,38,A,A,1,233.92,400,130,166442,14544642,AAPL,0,400,-16.428547458725237
2024-10-21 12:48:43.887584328+00:00,2024-10-21 12:48:43.887584328+00:00,10,2,38,C,B,8,233.4,1000,130,166106,14544841,AAPL,0,-1000,-130.64378425116627
2024-10-21 12:48:45.693722203+00:00,2024-10-21 12:48:45.693722203+00:00,10,2,38,A,B,4,233.6,1000,130,166316,14547540,AAPL,0,1739,186.049801907767
2024-10-21 12:48:45.865188060+00:00,2024-10-21 12:48:45.865188060+00:00,10,2,38,C,A,1,233.92,200,130,166368,14547744,AAPL,0,-200,-57.36558867368446
2024-10-21 12:48:45.865335014+00:00,2024-10-21 12:48:45.865335014+00:00,10,2,38,C,A,1,233.92,200,130,165806,14547745,AAPL,0,1586,118.71030992819708
2024-10-21 12:48:45.865346761+00:00,2024-10-21 12:48:45.865346761+00:00,10,2,38,A,A,1,233.97,400,130,166358,14547746,AAPL,0,1786,132.35599033318348
2024-10-21 12:48:46.043153157+00:00,2024-10-21 12:48:46.043153157+00:00,10,2,38,C,B,1,233.73,200,130,165852,14547943,AAPL,0,-3147,-416.71366151390885
2024-10-21 12:48:46.043165049+00:00,2024-10-21 12:48:46.043165049+00:00,10,2,38,A,B,2,233.69,400,130,165990,14547944,AAPL,0,2140,229.13094043383884
2024-10-21 12:48:46.915333206+00:00,2024-10-21 12:48:46.915333206+00:00,10,2,38,A,A,1,233.92,400,130,166293,14549244,AAPL,0,400,-16.428547458725237
2024-10-21 12:48:59.683517159+00:00,2024-10-21 12:48:59.683517159+00:00,10,2,38,A,A,0,233.83,1,130,166274,14560950,AAPL,1,1725,152.6777592715825
2024-10-21 12:48:59.683569805+00:00,2024-10-21 12:48:59.683569805+00:00,10,2,38,A,A,1,233.85,128,130,165999,14560951,AAPL,0,1747,155.6890876756071
2024-10-21 12:49:03.380177241+00:00,2024-10-21 12:49:03.380177241+00:00,10,2,38,C,B,2,233.69,400,130,167126,14566940,AAPL,0,-2140,-316.57075697123497
2024-10-21 12:49:03.380740871+00:00,2024-10-21 12:49:03.380740871+00:00,10,2,38,C,B,3,233.6,1000,130,166307,14566942,AAPL,0,-1749,-344.5605820144411
2024-10-21 12:49:03.398241224+00:00,2024-10-21 12:49:03.398241224+00:00,10,2,38,A,B,2,233.69,200,130,166173,14567043,AAPL,0,950,71.0958565526861
2024-10-21 12:49:03.416667326+00:00,2024-10-21 12:49:03.416667326+00:00,10,2,38,A,B,8,233.4,1000,130,166947,14567068,AAPL,0,1000,43.203967713770176
2024-10-21 12:49:03.426245015+00:00,2024-10-21 12:49:03.426245015+00:00,10,2,38,A,B,2,233.69,200,130,166829,14567078,AAPL,0,200,-22.28317366208405
2024-10-21 12:49:07.334254534+00:00,2024-10-21 12:49:07.334254534+00:00,10,2,38,A,B,1,233.74,100,130,166873,14572670,AAPL,0,3447,323.7075675368223
2024-10-21 12:49:07.344508563+00:00,2024-10-21 12:49:07.344508563+00:00,10,2,38,A,B,5,233.6,1000,130,166267,14572687,AAPL,0,1630,160.14017816283211
2024-10-21 12:49:08.577405223+00:00,2024-10-21 12:49:08.577405223+00:00,10,2,38,C,B,3,233.69,200,130,165907,14573718,AAPL,0,-200,-85.25377083746139
2024-10-21 12:49:08.577417452+00:00,2024-10-21 12:49:08.577417452+00:00,10,2,38,A,B,2,233.7,400,130,166400,14573719,AAPL,0,-1431,-246.3808933408658
2024-10-21 12:49:09.323055469+00:00,2024-10-21 12:49:09.323055469+00:00,10,2,38,C,B,1,233.74,100,130,166176,14574387,AAPL,0,-3447,-452.7642905246436
2024-10-21 12:49:09.326503177+00:00,2024-10-21 12:49:09.326503177+00:00,10,2,38,A,B,1,233.75,100,130,166150,14574388,AAPL,0,3447,365.32447398724753
2024-10-21 12:49:10.615504825+00:00,2024-10-21 12:49:10.615504825+00:00,10,2,38,T,B,0,233.83,1,0,169403,14575846,AAPL,0,0,-43.71990826869805
2024-10-21 12:49:10.615504825+00:00,2024-10-21 12:49:10.615504825+00:00,10,2,38,T,B,0,233.85,128,130,169403,14575847,AAPL,1,1748,155.70533477023938
2024-10-21 12:49:10.615504825+00:00,2024-10-21 12:49:10.615504825+00:00,10,2,38,C,A,0,233.85,128,130,169403,14575847,AAPL,128,1852,154.74114028987543
2024-10-21 12:49:10.615529414+00:00,2024-10-21 12:49:10.615529414+00:00,10,2,38,A,B,0,233.81,100,130,166534,14575849,AAPL,100,3533,352.3375837388811
2024-10-21 12:49:10.615531617+00:00,2024-10-21 12:49:10.615531617+00:00,10,2,38,A,B,1,233.81,1,130,167474,14575850,AAPL,0,1,-43.65167986667312
2024-10-21 12:49:10.615537132+00:00,2024-10-21 12:49:10.615537132+00:00,10,2,38,T,N,0,233.85,65,130,167132,14575851,AAPL,0,0,-43.71990826869805
2024-10-21 12:49:10.615540557+00:00,2024-10-21 12:49:10.615540557+00:00,10,2,38,A,B,1,233.81,100,130,166636,14575852,AAPL,0,100,-36.897068066204845
2024-10-21 12:49:10.615552303+00:00,2024-10-21 12:49:10.615552303+00:00,10,2,38,C,B,0,233.82,100,130,165837,14575853,AAPL,-100,-3634,-446.66846888079533
2024-10-21 12:49:10.615554379+00:00,2024-10-21 12:49:10.615554379+00:00,10,2,38,A,B,0,233.81,41,128,167342,14575854,AAPL,41,41,-43.0537773887767
2024-10-21 12:49:10.615571841+00:00,2024-10-21 12:49:10.615571841+00:00,10,2,38,C,B,0,233.81,1,130,165910,14575857,AAPL,-1,-1,-43.736155363330276
2024-10-21 12:49:10.615574342+00:00,2024-10-21 12:49:10.615574342+00:00,10,2,38,C,B,0,233.81,100,130,166018,14575858,AAPL,-100,-100,-45.34461773192085
2024-10-21 12:49:10.615598746+00:00,2024-10-21 12:49:10.615598746+00:00,10,2,38,C,A,1,233.92,400,130,165925,14575861,AAPL,0,1786,132.35599033318348
2024-10-21 12:49:10.615674329+00:00,2024-10-21 12:49:10.615674329+00:00,10,2,38,T,N,0,233.85,35,130,167335,14575862,AAPL,0,0,-43.71990826869805
2024-10-21 12:49:10.615806415+00:00,2024-10-21 12:49:10.615806415+00:00,10,2,38,C,B,0,233.81,100,130,166163,14575863,AAPL,-100,-100,-45.34461773192085
2024-10-21 12:49:10.719298363+00:00,2024-10-21 12:49:10.719298363+00:00,10,2,38,A,A,1,233.93,400,130,166121,14575981,AAPL,0,1786,132.35599033318348
2024-10-21 12:49:10.719326799+00:00,2024-10-21 12:49:10.719326799+00:00,10,2,38,C,B,0,233.81,41,130,166564,14575982,AAPL,-41,-3389,-593.5118679288216
2024-10-21 12:49:11.955975975+00:00,2024-10-21 12:49:11.955975975+00:00,10,2,38,C,B,1,233.75,100,130,166246,14577537,AAPL,0,-3447,-452.7642905246436
2024-10-21 12:49:11.959487373+00:00,2024-10-21 12:49:11.959487373+00:00,10,2,38,A,B,1,233.76,100,130,166530,14577539,AAPL,0,3447,365.32447398724753
2024-10-21 12:49:13.192050305+00:00,2024-10-21 12:49:13.192050305+00:00,10,2,38,C,B,4,233.6,1000,130,166192,14578863,AAPL,0,-1739,-273.4896184451631
2024-10-21 12:49:13.740463087+00:00,2024-10-21 12:49:13.740463087+00:00,10,2,38,A,B,2,233.74,200,130,166753,14579191,AAPL,0,2147,317.7786172996896
2024-10-21 12:49:14.004842455+00:00,2024-10-21 12:49:14.004842455+00:00,10,2,38,C,B,2,233.74,200,130,166127,14579413,AAPL,0,-2147,-405.2184338370856
2024-10-21 12:49:14.004855015+00:00,2024-10-21 12:49:14.004855015+00:00,10,2,38,A,B,2,233.7,400,130,166239,14579414,AAPL,0,400,-0.84643905547005
2024-10-21 12:49:16.380976995+00:00,2024-10-21 12:49:16.380976995+00:00,10,2,38,A,B,4,233.6,1000,130,166552,14581874,AAPL,0,1739,186.049801907767
2024-10-21 12:49:17.095404048+00:00,2024-10-21 12:49:17.095404048+00:00,10,2,38,C,B,1,233.76,100,130,166167,14582400,AAPL,0,-3447,-452.7642905246436
2024-10-21 12:49:17.098516295+00:00,2024-10-21 12:49:17.098516295+00:00,10,2,38,A,B,1,233.77,100,130,166586,14582401,AAPL,0,3447,365.32447398724753
2024-10-21 12:49:20.689107718+00:00,2024-10-21 12:49:20.689107718+00:00,10,2,38,C,B,1,233.77,100,130,166065,14584801,AAPL,0,-3447,-452.7642905246436
2024-10-21 12:49:20.692285781+00:00,2024-10-21 12:49:20.692285781+00:00,10,2,38,A,B,1,233.78,100,130,166281,14584803,AAPL,0,3447,365.32447398724753
2024-10-21 12:49:27.922835826+00:00,2024-10-21 12:49:27.922835826+00:00,10,2,38,A,B,2,233.71,400,130,166844,14591973,AAPL,0,3238,453.8110132636491
2024-10-21 12:49:28.083552407+00:00,2024-10-21 12:49:28.083552407+00:00,10,2,38,A,A,0,233.86,1,130,166370,14592144,AAPL,1,1725,152.6777592715825
2024-10-21 12:49:28.121990369+00:00,2024-10-21 12:49:28.121990369+00:00,10,2,38,C,A,0,233.86,1,130,165945,14592170,AAPL,1,1725,152.6777592715825
2024-10-21 12:49:31.767415647+00:00,2024-10-21 12:49:31.767415647+00:00,10,2,38,C,B,1,233.78,100,130,165981,14595786,AAPL,0,-3338,-548.0736700035384
2024-10-21 12:49:31.770578504+00:00,2024-10-21 12:49:31.770578504+00:00,10,2,38,A,B,1,233.79,100,130,166415,14595787,AAPL,0,3338,460.6338534661423
2024-10-21 12:49:38.319661255+00:00,2024-10-21 12:49:38.319661255+00:00,10,2,38,C,B,2,233.71,400,130,166380,14601271,AAPL,0,-3238,-541.2508298010453
2024-10-21 12:49:38.319673756+00:00,2024-10-21 12:49:38.319673756+00:00,10,2,38,A,B,3,233.69,200,130,166120,14601272,AAPL,0,1831,201.81454601669768
2024-10-21 12:49:38.866315719+00:00,2024-10-21 12:49:38.866315719+00:00,10,2,38,A,B,3,233.69,200,130,166840,14602510,AAPL,0,200,-2.186045699934712
2024-10-21 12:49:38.920680087+00:00,2024-10-21 12:49:38.920680087+00:00,10,2,38,C,B,3,233.69,200,130,166181,14602726,AAPL,0,-200,-85.25377083746139
2024-10-21 12:49:38.920693145+00:00,2024-10-21 12:49:38.920693145+00:00,10,2,38,A,B,2,233.7,400,130,166270,14602727,AAPL,0,-1431,-246.3808933408658
2024-10-21 12:49:39.634329715+00:00,2024-10-21 12:49:39.634329715+00:00,10,2,38,C,B,1,233.79,100,130,166228,14604009,AAPL,0,-3447,-452.7642905246436
2024-10-21 12:49:39.637815531+00:00,2024-10-21 12:49:39.637815531+00:00,10,2,38,A,B,0,233.8,100,130,166418,14604010,AAPL,100,100,-42.095198805475256
2024-10-21 12:49:43.110091934+00:00,2024-10-21 12:49:43.110091934+00:00,10,2,38,A,B,1,233.71,400,130,166356,14606349,AAPL,0,3347,342.9195253814991
2024-10-21 12:49:46.832167455+00:00,2024-10-21 12:49:46.832167455+00:00,10,2,38,C,B,0,233.8,100,130,165954,14609714,AAPL,-100,-100,-45.34461773192085
2024-10-21 12:49:46.835474868+00:00,2024-10-21 12:49:46.835474868+00:00,10,2,38,A,B,0,233.81,100,130,167014,14609717,AAPL,100,3348,456.1180067471212
2024-10-21 12:49:46.957490822+00:00,2024-10-21 12:49:46.957490822+00:00,10,2,38,A,B,0,233.83,100,130,166967,14609816,AAPL,100,3433,358.43626355111394
2024-10-21 12:49:46.957502527+00:00,2024-10-21 12:49:46.957502527+00:00,10,2,38,A,B,0,233.83,100,130,167375,14609817,AAPL,100,100,-42.095198805475256
2024-10-21 12:49:46.957515098+00:00,2024-10-21 12:49:46.957515098+00:00,10,2,38,A,B,0,233.84,100,130,166136,14609818,AAPL,100,3533,333.6133687101097
2024-10-21 12:49:46.957526708+00:00,2024-10-21 12:49:46.957526708+00:00,10,2,38,C,A,1,233.93,400,130,167031,14609819,AAPL,0,1786,132.35599033318348
2024-10-21 12:49:46.957541207+00:00,2024-10-21 12:49:46.957541207+00:00,10,2,38,A,B,0,233.84,100,130,168502,14609821,AAPL,100,100,-42.095198805475256
2024-10-21 12:49:46.957573815+00:00,2024-10-21 12:49:46.957573815+00:00,10,2,38,A,B,4,233.79,6,130,166110,14609822,AAPL,0,3119,247.71898726465014
2024-10-21 12:49:46.957576775+00:00,2024-10-21 12:49:46.957576775+00:00,10,2,38,T,B,0,233.9,1,130,168081,14609823,AAPL,0,0,-43.71990826869805
2024-10-21 12:49:46.957576775+00:00,2024-10-21 12:49:46.957576775+00:00,10,2,38,C,A,0,233.9,1,130,168081,14609823,AAPL,1,1447,137.43187565539333
2024-10-21 12:49:46.957602301+00:00,2024-10-21 12:49:46.957602301+00:00,10,2,38,A,B,0,233.87,6,128,168083,14609825,AAPL,6,3130,200.35036332885068
2024-10-21 12:49:46.957613470+00:00,2024-10-21 12:49:46.957613470+00:00,10,2,38,A,B,1,233.85,24,130,166163,14609827,AAPL,0,2148,171.30025468927818
2024-10-21 12:49:46.957631839+00:00,2024-10-21 12:49:46.957631839+00:00,10,2,38,T,N,0,233.89,14,130,169481,14609828,AAPL,0,0,-43.71990826869805
2024-10-21 12:49:46.957813627+00:00,2024-10-21 12:49:46.957813627+00:00,10,2,38,C,B,3,233.83,100,130,165802,14609829,AAPL,0,-100,-64.48683955307972
2024-10-21 12:49:46.957862508+00:00,2024-10-21 12:49:46.957862508+00:00,10,2,38,A,B,2,233.84,4,130,166326,14609830,AAPL,0,4,-43.291173576565775
2024-10-21 12:49:46.957937664+00:00,2024-10-21 12:49:46.957937664+00:00,10,2,38,C,B,2,233.84,100,130,165978,14609832,AAPL,0,-100,-54.438275572005054
2024-10-21 12:49:46.957991157+00:00,2024-10-21 12:49:46.957991157+00:00,10,2,38,C,B,2,233.84,100,130,166016,14609833,AAPL,0,-100,-54.438275572005054
2024-10-21 12:49:46.961681628+00:00,2024-10-21 12:49:46.961681628+00:00,10,2,38,C,B,6,233.79,6,130,166228,14609836,AAPL,0,-1614,-178.63085749846553
2024-10-21 12:49:46.961955264+00:00,2024-10-21 12:49:46.961955264+00:00,10,2,38,C,B,2,233.84,4,130,166190,14609837,AAPL,0,-2822,-266.2647351957926
2024-10-21 12:49:46.966450387+00:00,2024-10-21 12:49:46.966450387+00:00,10,2,38,C,B,2,233.83,100,130,166058,14609859,AAPL,0,-3323,-367.206123530144
2024-10-21 12:49:47.057682799+00:00,2024-10-21 12:49:47.057682799+00:00,10,2,38,C,B,0,233.87,6,130,165898,14610363,AAPL,-6,-3263,-407.5177595956883
2024-10-21 12:49:47.057708040+00:00,2024-10-21 12:49:47.057708040+00:00,10,2,38,C,B,0,233.85,24,130,165772,14610365,AAPL,-24,-3357,-444.64130089646073
2024-10-21 12:49:47.067321034+00:00,2024-10-21 12:49:47.067321034+00:00,10,2,38,A,A,0,233.94,400,130,166420,14610372,AAPL,400,1846,143.91446641365232
2024-10-21 12:49:48.478529399+00:00,2024-10-21 12:49:48.478529399+00:00,10,2,38,C,A,0,233.94,200,130,166289,14611725,AAPL,-200,-200,-46.96932719514365
2024-10-21 12:49:48.478675769+00:00,2024-10-21 12:49:48.478675769+00:00,10,2,38,C,A,0,233.94,200,130,165972,14611726,AAPL,200,1646,140.66504748720672
2024-10-21 12:49:48.478687941+00:00,2024-10-21 12:49:48.478687941+00:00,10,2,38,A,A,0,233.99,200,130,166364,14611727,AAPL,200,1646,140.66504748720672
2024-10-21 12:49:48.484283756+00:00,2024-10-21 12:49:48.484283756+00:00,10,2,38,A,A,0,233.99,200,130,166443,14611729,AAPL,200,200,-40.470489342252456
2024-10-21 12:49:49.367557259+00:00,2024-10-21 12:49:49.367557259+00:00,10,2,38,C,B,2,233.71,200,130,166107,14612419,AAPL,0,-200,-65.15664287531204
2024-10-21 12:49:49.367580583+00:00,2024-10-21 12:49:49.367580583+00:00,10,2,38,C,B,2,233.71,200,130,166501,14612420,AAPL,0,-3038,-519.8140951944313
2024-10-21 12:49:49.367595179+00:00,2024-10-21 12:49:49.367595179+00:00,10,2,38,A,B,0,233.81,6,130,166231,14612421,AAPL,6,6,-43.622425700904685
2024-10-21 12:49:49.367610194+00:00,2024-10-21 12:49:49.367610194+00:00,10,2,38,A,B,0,233.83,3,130,165896,14612422,AAPL,3,2957,419.29033267929134
2024-10-21 12:49:49.367638925+00:00,2024-10-21 12:49:49.367638925+00:00,10,2,38,C,A,0,233.99,200,130,165790,14612425,AAPL,-200,-200,-46.96932719514365
2024-10-21 12:49:49.367647847+00:00,2024-10-21 12:49:49.367647847+00:00,10,2,38,C,A,0,233.99,200,130,166328,14612426,AAPL,200,1646,140.66504748720672
2024-10-21 12:49:49.367661433+00:00,2024-10-21 12:49:49.367661433+00:00,10,2,38,C,B,1,233.81,6,130,165688,14612427,AAPL,0,-6,-44.12927868084764
2024-10-21 12:49:49.367879143+00:00,2024-10-21 12:49:49.367879143+00:00,10,2,38,C,B,0,233.83,3,130,166705,14612431,AAPL,-3,-2951,-506.3207788045378
2024-10-21 12:49:49.379300783+00:00,2024-10-21 12:49:49.379300783+00:00,10,2,38,A,B,0,233.88,3,130,166220,14612438,AAPL,3,2951,418.8809622671416
2024-10-21 12:49:49.383394936+00:00,2024-10-21 12:49:49.383394936+00:00,10,2,38,C,B,0,233.88,3,130,165907,14612440,AAPL,-3,-2951,-506.3207788045378
2024-10-21 12:49:49.457051270+00:00,2024-10-21 12:49:49.457051270+00:00,10,2,38,A,A,0,234.0,200,130,166478,14612496,AAPL,200,200,-40.470489342252456
2024-10-21 12:49:49.470761871+00:00,2024-10-21 12:49:49.470761871+00:00,10,2,38,A,B,2,233.71,400,130,166383,14612506,AAPL,0,3238,453.8110132636491
2024-10-21 12:49:49.480799866+00:00,2024-10-21 12:49:49.480799866+00:00,10,2,38,A,A,0,234.0,200,130,166048,14612519,AAPL,200,200,-40.470489342252456
2024-10-21 12:49:58.322449004+00:00,2024-10-21 12:49:58.322449004+00:00,10,2,38,C,B,0,233.81,100,130,166936,14618528,AAPL,-100,-3348,-543.5578232845173
2024-10-21 12:49:58.325910308+00:00,2024-10-21 12:49:58.325910308+00:00,10,2,38,A,B,0,233.82,100,130,166178,14618531,AAPL,100,3348,456.1180067471212
2024-10-21 12:50:00.450230177+00:00,2024-10-21 12:50:00.450230177+00:00,10,2,38,C,A,0,234.0,200,130,166138,14620933,AAPL,-200,-200,-46.96932719514365
2024-10-21 12:50:00.450388901+00:00,2024-10-21 12:50:00.450388901+00:00,10,2,38,C,A,0,234.0,200,130,166404,14620934,AAPL,-200,-200,-46.96932719514365
2024-10-21 12:50:00.450400607+00:00,2024-10-21 12:50:00.450400607+00:00,10,2,38,A,A,1,234.05,200,130,166122,14620935,AAPL,0,1529,143.0785859288305
2024-10-21 12:50:02.747081660+00:00,2024-10-21 12:50:02.747081660+00:00,10,2,38,A,A,1,234.05,200,130,166402,14623436,AAPL,0,200,-30.074227863711645
2024-10-21 12:50:08.578493418+00:00,2024-10-21 12:50:08.578493418+00:00,10,2,38,C,B,0,233.82,100,130,166052,14629146,AAPL,-100,-3348,-543.5578232845173
2024-10-21 12:50:08.581776469+00:00,2024-10-21 12:50:08.581776469+00:00,10,2,38,A,B,0,233.83,100,130,167118,14629156,AAPL,100,3348,456.1180067471212
2024-10-21 12:50:09.246492050+00:00,2024-10-21 12:50:09.246492050+00:00,10,2,38,C,A,1,234.05,200,130,166695,14630811,AAPL,0,-200,-57.36558867368446
2024-10-21 12:50:09.246504376+00:00,2024-10-21 12:50:09.246504376+00:00,10,2,38,A,A,1,234.03,200,130,166557,14630812,AAPL,0,200,-30.074227863711645
2024-10-21 12:50:11.198406052+00:00,2024-10-21 12:50:11.198406052+00:00,10,2,38,C,A,1,234.03,200,130,166461,14632655,AAPL,0,1529,143.0785859288305
2024-10-21 12:50:11.198419398+00:00,2024-10-21 12:50:11.198419398+00:00,10,2,38,A,A,1,234.05,400,130,166371,14632656,AAPL,0,1729,156.7242663338169
2024-10-21 12:50:11.566181537+00:00,2024-10-21 12:50:11.566181537+00:00,10,2,38,A,A,1,234.03,200,130,167150,14633794,AAPL,0,200,-30.074227863711645
2024-10-21 12:50:12.467758096+00:00,2024-10-21 12:50:12.467758096+00:00,10,2,38,C,B,0,233.83,100,130,166192,14635151,AAPL,-100,-3348,-543.5578232845173
2024-10-21 12:50:12.471274007+00:00,2024-10-21 12:50:12.471274007+00:00,10,2,38,A,B,0,233.84,100,130,166254,14635152,AAPL,100,3348,456.1180067471212
2024-10-21 12:50:13.271098437+00:00,2024-10-21 12:50:13.271098437+00:00,10,2,38,T,N,0,233.96,38,130,167456,14636171,AAPL,0,0,-43.71990826869805
2024-10-21 12:50:14.282020828+00:00,2024-10-21 12:50:14.282020828+00:00,10,2,38,C,A,1,234.03,200,130,166324,14637029,AAPL,0,1529,143.0785859288305
2024-10-21 12:50:14.282033670+00:00,2024-10-21 12:50:14.282033670+00:00,10,2,38,A,A,1,234.05,400,130,166241,14637030,AAPL,0,1729,156.7242663338169
2024-10-21 12:50:15.277451082+00:00,2024-10-21 12:50:15.277451082+00:00,10,2,38,A,B,0,233.98,20,130,166729,14637992,AAPL,20,3353,357.13649598053576
2024-10-21 12:50:15.277477320+00:00,2024-10-21 12:50:15.277477320+00:00,10,2,38,T,A,0,233.98,20,130,167276,14637993,AAPL,0,0,-43.71990826869805
2024-10-21 12:50:15.277477320+00:00,2024-10-21 12:50:15.277477320+00:00,10,2,38,C,B,0,233.98,20,130,167276,14637993,AAPL,-20,-3353,-444.57631251793185
2024-10-21 12:50:16.172964926+00:00,2024-10-21 12:50:16.172964926+00:00,10,2,38,A,B,2,233.73,200,130,166730,14638708,AAPL,0,200,-22.28317366208405
2024-10-21 12:50:16.211482112+00:00,2024-10-21 12:50:16.211482112+00:00,10,2,38,C,B,2,233.73,200,130,166136,14638732,AAPL,0,-3038,-519.8140951944313
2024-10-21 12:50:16.211495151+00:00,2024-10-21 12:50:16.211495151+00:00,10,2,38,A,B,2,233.71,400,130,166474,14638733,AAPL,0,3238,453.8110132636491
2024-10-21 12:50:16.267055594+00:00,2024-10-21 12:50:16.267055594+00:00,10,2,38,A,A,1,234.02,200,130,166370,14638750,AAPL,0,200,-30.074227863711645
2024-10-21 12:50:17.309428619+00:00,2024-10-21 12:50:17.309428619+00:00,10,2,38,C,B,0,233.84,100,130,166017,14639603,AAPL,-100,-3348,-543.5578232845173
2024-10-21 12:50:17.312771757+00:00,2024-10-21 12:50:17.312771757+00:00,10,2,38,A,B,0,233.85,100,130,166508,14639605,AAPL,100,3348,456.1180067471212
2024-10-21 12:50:19.173366770+00:00,2024-10-21 12:50:19.173366770+00:00,10,2,38,A,B,2,233.79,200,130,167812,14641536,AAPL,0,200,-22.28317366208405
2024-10-21 12:50:19.463071688+00:00,2024-10-21 12:50:19.463071688+00:00,10,2,38,A,B,1,233.8,200,130,166479,14641706,AAPL,0,-2838,-506.16841478944485
2024-10-21 12:50:19.939222379+00:00,2024-10-21 12:50:19.939222379+00:00,10,2,38,C,A,1,234.02,200,130,166085,14642144,AAPL,0,1529,143.0785859288305
2024-10-21 12:50:19.939235822+00:00,2024-10-21 12:50:19.939235822+00:00,10,2,38,A,A,1,234.04,400,130,166729,14642145,AAPL,0,1729,156.7242663338169
2024-10-21 12:50:19.998086298+00:00,2024-10-21 12:50:19.998086298+00:00,10,2,38,A,A,1,234.02,200,130,166547,14642202,AAPL,0,200,-30.074227863711645
2024-10-21 12:50:20.045656564+00:00,2024-10-21 12:50:20.045656564+00:00,10,2,38,C,A,1,234.02,200,130,165917,14642269,AAPL,0,1529,143.0785859288305
2024-10-21 12:50:20.045669794+00:00,2024-10-21 12:50:20.045669794+00:00,10,2,38,A,A,1,234.04,400,130,166424,14642270,AAPL,0,1729,156.7242663338169
2024-10-21 12:50:20.726462052+00:00,2024-10-21 12:50:20.726462052+00:00,10,2,38,A,A,1,234.02,200,130,166420,14643720,AAPL,0,200,-30.074227863711645
2024-10-21 12:50:22.114304820+00:00,2024-10-21 12:50:22.114304820+00:00,10,2,38,A,B,7,233.5,124,130,166363,14644890,AAPL,0,124,-34.61863965371898
2024-10-21 12:50:23.016526103+00:00,2024-10-21 12:50:23.016526103+00:00,10,2,38,C,B,0,233.85,100,130,166383,14645713,AAPL,-100,-3381,-428.12192361236004
2024-10-21 12:50:23.019819419+00:00,2024-10-21 12:50:23.019819419+00:00,10,2,38,A,B,0,233.86,100,130,166262,14645715,AAPL,100,3381,340.68210707496394
2024-10-21 12:50:23.489361011+00:00,2024-10-21 12:50:23.489361011+00:00,10,2,38,C,A,1,234.02,200,130,166151,14646161,AAPL,0,1529,143.0785859288305
2024-10-21 12:50:23.489373964+00:00,2024-10-21 12:50:23.489373964+00:00,10,2,38,A,A,1,234.04,400,130,166674,14646162,AAPL,0,1729,156.7242663338169
2024-10-21 12:50:27.730127297+00:00,2024-10-21 12:50:27.730127297+00:00,10,2,38,A,A,1,234.02,200,130,166770,14649508,AAPL,0,200,-30.074227863711645
2024-10-21 12:50:27.845945395+00:00,2024-10-21 12:50:27.845945395+00:00,10,2,38,A,B,1,233.81,200,130,166404,14649593,AAPL,0,3172,436.4336218075643
2024-10-21 12:50:30.292700701+00:00,2024-10-21 12:50:30.292700701+00:00,10,2,38,C,B,0,233.86,100,130,166221,14651897,AAPL,-100,-3272,-525.4981478081831
2024-10-21 12:50:30.295988952+00:00,2024-10-21 12:50:30.295988952+00:00,10,2,38,A,B,0,233.87,100,130,166270,14651910,AAPL,100,3272,438.05833127078705
2024-10-21 12:50:36.089037837+00:00,2024-10-21 12:50:36.089037837+00:00,10,2,38,C,A,1,234.02,200,130,166197,14656513,AAPL,0,1529,143.0785859288305
2024-10-21 12:50:36.089051122+00:00,2024-10-21 12:50:36.089051122+00:00,10,2,38,A,A,1,234.05,400,130,166649,14656514,AAPL,0,1729,156.7242663338169
2024-10-21 12:50:36.143652642+00:00,2024-10-21 12:50:36.143652642+00:00,10,2,38,A,A,1,234.03,200,130,166745,14656532,AAPL,0,200,-30.074227863711645
2024-10-21 12:50:45.942999977+00:00,2024-10-21 12:50:45.942999977+00:00,10,2,38,A,B,1,233.82,200,130,166399,14666042,AAPL,0,200,-30.074227863711645
2024-10-21 12:50:49.274508773+00:00,2024-10-21 12:50:49.274508773+00:00,10,2,38,C,B,1,233.82,200,130,166066,14669461,AAPL,0,-3172,-523.8734383449604
2024-10-21 12:50:49.379316527+00:00,2024-10-21 12:50:49.379316527+00:00,10,2,38,A,B,1,233.82,200,130,166385,14669567,AAPL,0,3172,436.4336218075643
2024-10-21 12:50:54.633285417+00:00,2024-10-21 12:50:54.633285417+00:00,10,2,38,C,B,0,233.87,100,130,166187,14673796,AAPL,-100,-3272,-525.4981478081831
2024-10-21 12:50:54.636598543+00:00,2024-10-21 12:50:54.636598543+00:00,10,2,38,A,B,0,233.88,100,130,166724,14673797,AAPL,100,3272,438.05833127078705
2024-10-21 12:50:55.034083416+00:00,2024-10-21 12:50:55.034083416+00:00,10,2,38,C,B,1,233.82,200,130,166395,14675060,AAPL,0,-3172,-523.8734383449604
2024-10-21 12:50:55.034096364+00:00,2024-10-21 12:50:55.034096364+00:00,10,2,38,A,B,2,233.73,200,130,166429,14675061,AAPL,0,3162,443.15283927886117
2024-10-21 12:50:58.090412659+00:00,2024-10-21 12:50:58.090412659+00:00,10,2,38,A,B,1,233.81,200,130,166483,14678277,AAPL,0,210,-29.002391133380947
2024-10-21 12:50:58.154681035+00:00,2024-10-21 12:50:58.154681035+00:00,10,2,38,C,B,0,233.88,100,130,166252,14678341,AAPL,-100,-3272,-525.4981478081831
2024-10-21 12:50:58.158028951+00:00,2024-10-21 12:50:58.158028951+00:00,10,2,38,A,B,0,233.89,100,130,166225,14678342,AAPL,100,3272,438.05833127078705
2024-10-21 12:51:00.690069078+00:00,2024-10-21 12:51:00.690069078+00:00,10,2,38,C,B,1,233.81,200,130,166116,14681378,AAPL,0,-3172,-523.8734383449604
2024-10-21 12:51:00.690081541+00:00,2024-10-21 12:51:00.690081541+00:00,10,2,38,A,B,2,233.72,200,130,166382,14681379,AAPL,0,3162,443.15283927886117
2024-10-21 12:51:01.453112803+00:00,2024-10-21 12:51:01.453112803+00:00,10,2,38,C,B,0,233.89,100,130,167164,14682586,AAPL,-100,-3272,-532.8996492997295
2024-10-21 12:51:01.456609178+00:00,2024-10-21 12:51:01.456609178+00:00,10,2,38,A,B,0,233.9,100,130,166541,14682587,AAPL,100,3272,445.45983276233335
2024-10-21 12:51:03.745943857+00:00,2024-10-21 12:51:03.745943857+00:00,10,2,38,A,B,2,233.76,200,130,166254,14686620,AAPL,0,200,-22.28317366208405
2024-10-21 12:51:10.314786051+00:00,2024-10-21 12:51:10.314786051+00:00,10,2,38,C,B,0,233.9,100,130,166374,14694909,AAPL,-100,-3272,-532.8996492997295
2024-10-21 12:51:10.318219099+00:00,2024-10-21 12:51:10.318219099+00:00,10,2,38,A,B,0,233.91,100,130,166322,14694910,AAPL,100,3272,445.45983276233335
2024-10-21 12:51:13.418871996+00:00,2024-10-21 12:51:13.418871996+00:00,10,2,38,A,B,2,233.77,200,130,166777,14698239,AAPL,0,200,-22.28317366208405
2024-10-21 12:51:13.446879874+00:00,2024-10-21 12:51:13.446879874+00:00,10,2,38,A,B,2,233.78,200,130,166492,14698297,AAPL,0,200,-22.28317366208405
2024-10-21 12:51:17.677760514+00:00,2024-10-21 12:51:17.677760514+00:00,10,2,38,A,A,0,234.0,10,130,166390,14701740,AAPL,10,10,-43.55743732237577
2024-10-21 12:51:17.750308421+00:00,2024-10-21 12:51:17.750308421+00:00,10,2,38,C,B,2,233.78,200,130,165989,14701876,AAPL,0,-3162,-530.5926558162573
2024-10-21 12:51:17.750320974+00:00,2024-10-21 12:51:17.750320974+00:00,10,2,38,A,B,2,233.76,200,130,166267,14701877,AAPL,0,3162,443.15283927886117
2024-10-21 12:51:18.770505841+00:00,2024-10-21 12:51:18.770505841+00:00,10,2,38,A,B,2,233.76,200,130,166799,14703106,AAPL,0,200,-22.28317366208405
2024-10-21 12:51:18.773039140+00:00,2024-10-21 12:51:18.773039140+00:00,10,2,38,C,A,1,234.03,200,130,166325,14703109,AAPL,0,1529,143.0785859288305
2024-10-21 12:51:18.773052313+00:00,2024-10-21 12:51:18.773052313+00:00,10,2,38,A,A,1,234.05,400,130,166476,14703110,AAPL,0,1729,156.7242663338169
2024-10-21 12:51:18.820951973+00:00,2024-10-21 12:51:18.820951973+00:00,10,2,38,C,B,2,233.76,200,130,166438,14703137,AAPL,0,-200,-65.15664287531204
2024-10-21 12:51:18.820965469+00:00,2024-10-21 12:51:18.820965469+00:00,10,2,38,A,B,1,233.82,400,130,166608,14703138,AAPL,0,410,-15.356710728394537
2024-10-21 12:51:22.821719489+00:00,2024-10-21 12:51:22.821719489+00:00,10,2,38,C,B,0,233.91,100,130,166000,14706277,AAPL,-100,-3472,-539.1438282131695
2024-10-21 12:51:22.824967410+00:00,2024-10-21 12:51:22.824967410+00:00,10,2,38,A,B,0,233.92,100,130,166719,14706279,AAPL,100,3472,451.7040116757735
2024-10-21 12:51:22.892872962+00:00,2024-10-21 12:51:22.892872962+00:00,10,2,38,C,B,1,233.82,400,130,166079,14706296,AAPL,0,-3372,-537.5191187499469
2024-10-21 12:51:22.892886854+00:00,2024-10-21 12:51:22.892886854+00:00,10,2,38,A,B,2,233.77,200,130,166277,14706297,AAPL,0,3162,443.15283927886117
2024-10-21 12:51:23.690455424+00:00,2024-10-21 12:51:23.690455424+00:00,10,2,38,C,B,2,233.77,200,130,166076,14707391,AAPL,0,-3162,-530.5926558162573
2024-10-21 12:51:23.690468015+00:00,2024-10-21 12:51:23.690468015+00:00,10,2,38,A,B,2,233.73,200,130,166216,14707392,AAPL,0,3162,443.15283927886117
2024-10-21 12:51:25.478030138+00:00,2024-10-21 12:51:25.478030138+00:00,10,2,38,A,B,2,233.75,200,130,166515,14709360,AAPL,0,200,-22.28317366208405
2024-10-21 12:51:25.549228495+00:00,2024-10-21 12:51:25.549228495+00:00,10,2,38,C,B,0,233.92,100,130,166360,14709452,AAPL,-100,-3272,-532.8996492997295
2024-10-21 12:51:25.552755288+00:00,2024-10-21 12:51:25.552755288+00:00,10,2,38,A,B,0,233.93,100,130,166519,14709456,AAPL,100,3272,445.45983276233335
2024-10-21 12:51:26.744932781+00:00,2024-10-21 12:51:26.744932781+00:00,10,2,38,A,B,1,233.81,200,130,166525,14710804,AAPL,0,210,-29.002391133380947
2024-10-21 12:51:32.421978926+00:00,2024-10-21 12:51:32.421978926+00:00,10,2,38,C,B,0,233.93,100,130,166236,14714883,AAPL,-100,-3272,-525.4981478081831
2024-10-21 12:51:32.425290341+00:00,2024-10-21 12:51:32.425290341+00:00,10,2,38,A,B,0,233.94,100,130,166317,14714884,AAPL,100,3272,438.05833127078705
2024-10-21 12:51:37.000145065+00:00,2024-10-21 12:51:37.000145065+00:00,10,2,38,C,B,0,233.94,100,130,166310,14718131,AAPL,-100,-3272,-525.4981478081831
2024-10-21 12:51:37.003493529+00:00,2024-10-21 12:51:37.003493529+00:00,10,2,38,A,B,0,233.95,100,130,166750,14718132,AAPL,100,3272,438.05833127078705
2024-10-21 12:51:39.563904075+00:00,2024-10-21 12:51:39.563904075+00:00,10,2,38,A,B,1,233.82,200,130,166121,14720569,AAPL,0,200,-30.074227863711645
2024-10-21 12:51:41.303046432+00:00,2024-10-21 12:51:41.303046432+00:00,10,2,38,T,A,0,233.95,100,128,169977,14722097,AAPL,0,0,-43.71990826869805
2024-10-21 12:51:41.303046432+00:00,2024-10-21 12:51:41.303046432+00:00,10,2,38,C,B,0,233.95,100,128,169977,14722097,AAPL,-100,-3272,-525.4981478081831
2024-10-21 12:51:41.303070738+00:00,2024-10-21 12:51:41.303070738+00:00,10,2,38,A,A,0,233.99,100,130,166439,14722111,AAPL,100,1933,190.55010623741333
2024-10-21 12:51:41.303072249+00:00,2024-10-21 12:51:41.303072249+00:00,10,2,38,A,A,0,233.98,22,130,166330,14722112,AAPL,22,22,-43.362472186789034
2024-10-21 12:51:41.303082314+00:00,2024-10-21 12:51:41.303082314+00:00,10,2,38,A,A,1,233.99,100,130,166173,14722115,AAPL,0,100,-36.897068066204845
2024-10-21 12:51:41.303094909+00:00,2024-10-21 12:51:41.303094909+00:00,10,2,38,A,A,0,233.99,23,130,168382,14722118,AAPL,-100,-77,-43.77536448534741
2024-10-21 12:51:41.303109674+00:00,2024-10-21 12:51:41.303109674+00:00,10,2,38,C,A,0,233.99,100,130,166637,14722125,AAPL,103,1876,146.27600919570173
2024-10-21 12:51:41.303116970+00:00,2024-10-21 12:51:41.303116970+00:00,10,2,38,C,B,0,233.82,200,130,166933,14722126,AAPL,-200,-3281,-416.1009526705964
2024-10-21 12:51:41.303439155+00:00,2024-10-21 12:51:41.303439155+00:00,10,2,38,C,A,2,233.99,100,128,166889,14722166,AAPL,0,-100,-54.438275572005054
2024-10-21 12:51:41.305680987+00:00,2024-10-21 12:51:41.305680987+00:00,10,2,38,A,B,0,233.91,100,130,166295,14722452,AAPL,100,3181,327.0364266699775
2024-10-21 12:51:41.305701541+00:00,2024-10-21 12:51:41.305701541+00:00,10,2,38,C,A,1,233.98,22,130,166083,14722458,AAPL,0,1673,133.8841911452753
2024-10-21 12:51:41.313465552+00:00,2024-10-21 12:51:41.313465552+00:00,10,2,38,A,B,0,233.93,100,130,167044,14722544,AAPL,100,100,-42.095198805475256
2024-10-21 12:51:41.387831402+00:00,2024-10-21 12:51:41.387831402+00:00,10,2,38,A,B,2,233.72,400,130,166527,14722625,AAPL,0,3362,464.58957388547515
2024-10-21 12:51:41.403765587+00:00,2024-10-21 12:51:41.403765587+00:00,10,2,38,C,A,1,233.99,23,130,166363,14722651,AAPL,0,1756,183.6718098182708
2024-10-21 12:51:41.611216280+00:00,2024-10-21 12:51:41.611216280+00:00,10,2,38,A,B,2,233.74,200,130,166552,14722854,AAPL,0,200,-22.28317366208405
2024-10-21 12:51:44.445867547+00:00,2024-10-21 12:51:44.445867547+00:00,10,2,38,A,B,1,233.82,200,130,166472,14725768,AAPL,0,210,-29.002391133380947
2024-10-21 12:51:45.338942770+00:00,2024-10-21 12:51:45.338942770+00:00,10,2,38,T,A,0,233.93,28,128,169674,14726415,AAPL,0,0,-43.71990826869805
2024-10-21 12:51:45.338942770+00:00,2024-10-21 12:51:45.338942770+00:00,10,2,38,C,B,0,233.93,28,128,169674,14726415,AAPL,-28,-28,-44.174826918400434
2024-10-21 12:51:45.339015515+00:00,2024-10-21 12:51:45.339015515+00:00,10,2,38,C,B,1,233.82,200,130,165878,14726421,AAPL,0,-3172,-523.8734383449604
2024-10-21 12:51:45.441531969+00:00,2024-10-21 12:51:45.441531969+00:00,10,2,38,A,B,2,233.74,200,130,166791,14727381,AAPL,0,3162,443.15283927886117
2024-10-21 12:51:47.453511166+00:00,2024-10-21 12:51:47.453511166+00:00,10,2,38,C,A,2,234.05,400,130,166884,14729028,AAPL,0,1669,135.39760899156948
2024-10-21 12:51:47.453523118+00:00,2024-10-21 12:51:47.453523118+00:00,10,2,38,A,A,2,234.07,400,130,166239,14729029,AAPL,0,1669,135.39760899156948
2024-10-21 12:51:47.521571778+00:00,2024-10-21 12:51:47.521571778+00:00,10,2,38,A,B,2,233.75,200,130,166442,14729208,AAPL,0,200,-22.28317366208405
2024-10-21 12:51:47.552306498+00:00,2024-10-21 12:51:47.552306498+00:00,10,2,38,A,A,2,234.06,200,130,166401,14729378,AAPL,0,200,-22.28317366208405
2024-10-21 12:51:47.562312438+00:00,2024-10-21 12:51:47.562312438+00:00,10,2,38,A,A,1,233.99,200,130,166478,14729406,AAPL,0,327,-16.46190138851175
2024-10-21 12:51:48.483479355+00:00,2024-10-21 12:51:48.483479355+00:00,10,2,38,A,B,2,233.79,200,130,166492,14730186,AAPL,0,200,-22.28317366208405
2024-10-21 12:51:49.903491548+00:00,2024-10-21 12:51:49.903491548+00:00,10,2,38,T,A,0,233.93,1,130,167743,14731526,AAPL,0,0,-43.71990826869805
2024-10-21 12:51:49.903491548+00:00,2024-10-21 12:51:49.903491548+00:00,10,2,38,C,B,0,233.93,1,130,167743,14731526,AAPL,-1,-1,-43.736155363330276
2024-10-21 12:51:53.231358842+00:00,2024-10-21 12:51:53.231358842+00:00,10,2,38,T,A,0,233.93,71,130,167381,14735585,AAPL,0,0,-43.71990826869805
2024-10-21 12:51:53.231358842+00:00,2024-10-21 12:51:53.231358842+00:00,10,2,38,C,B,0,233.93,71,130,167381,14735585,AAPL,-71,-3243,-532.4284835553948
2024-10-21 12:51:53.231421720+00:00,2024-10-21 12:51:53.231421720+00:00,10,2,38,C,B,1,233.79,200,130,165695,14735587,AAPL,0,-3271,-425.81493012888797
2024-10-21 12:51:53.251975842+00:00,2024-10-21 12:51:53.251975842+00:00,10,2,38,T,N,0,233.93,8,130,166848,14735686,AAPL,0,0,-43.71990826869805
2024-10-21 12:51:53.347723046+00:00,2024-10-21 12:51:53.347723046+00:00,10,2,38,A,B,1,233.77,200,130,167036,14735797,AAPL,0,3271,338.37511359149187
2024-10-21 12:51:53.434736360+00:00,2024-10-21 12:51:53.434736360+00:00,10,2,38,A,B,1,233.78,200,130,166661,14735900,AAPL,0,200,-30.074227863711645
2024-10-21 12:51:55.283068255+00:00,2024-10-21 12:51:55.283068255+00:00,10,2,38,T,N,0,233.94,1,130,167053,14737437,AAPL,0,0,-43.71990826869805
2024-10-21 12:51:57.462291236+00:00,2024-10-21 12:51:57.462291236+00:00,10,2,38,A,B,2,233.73,20,130,166136,14738732,AAPL,0,2982,423.85977813290856
2024-10-21 12:52:00.737452427+00:00,2024-10-21 12:52:00.737452427+00:00,10,2,38,T,N,0,233.94,1,130,167001,14742625,AAPL,0,0,-43.71990826869805
2024-10-21 12:52:06.174442902+00:00,2024-10-21 12:52:06.174442902+00:00,10,2,38,C,B,1,233.78,200,130,165852,14748760,AAPL,0,-3182,-524.9452750752911
2024-10-21 12:52:06.174456062+00:00,2024-10-21 12:52:06.174456062+00:00,10,2,38,A,B,1,233.77,200,130,166375,14748761,AAPL,0,3182,437.505458537895
2024-10-21 12:52:06.229293947+00:00,2024-10-21 12:52:06.229293947+00:00,10,2,38,A,A,1,233.98,200,130,166307,14748872,AAPL,0,200,-30.074227863711645
2024-10-21 12:52:14.295242257+00:00,2024-10-21 12:52:14.295242257+00:00,10,2,38,A,B,1,233.78,200,130,166278,14757689,AAPL,0,200,-30.074227863711645
2024-10-21 12:52:18.388695775+00:00,2024-10-21 12:52:18.388695775+00:00,10,2,38,A,B,0,233.92,1,130,166261,14761891,AAPL,1,3178,299.4242035535694
2024-10-21 12:52:18.388709390+00:00,2024-10-21 12:52:18.388709390+00:00,10,2,38,A,B,0,233.92,151,130,166789,14761892,AAPL,151,151,-41.26659697923163
2024-10-21 12:52:18.388762155+00:00,2024-10-21 12:52:18.388762155+00:00,10,2,38,C,A,1,233.98,200,130,166001,14761894,AAPL,0,1596,119.7821466585278
2024-10-21 12:52:18.392790223+00:00,2024-10-21 12:52:18.392790223+00:00,10,2,38,C,B,0,233.92,1,130,166541,14761898,AAPL,-1,-1,-43.736155363330276
2024-10-21 12:52:18.392814699+00:00,2024-10-21 12:52:18.392814699+00:00,10,2,38,C,B,0,233.92,151,130,165917,14761899,AAPL,-151,-3328,-389.3010842857997
2024-10-21 12:52:18.400304638+00:00,2024-10-21 12:52:18.400304638+00:00,10,2,38,A,A,0,233.95,3,130,169094,14761927,AAPL,3,3,-43.67116698480137
2024-10-21 12:52:18.400307812+00:00,2024-10-21 12:52:18.400307812+00:00,10,2,38,A,A,1,233.96,6,130,166957,14761928,AAPL,0,1402,106.54583666569098
2024-10-21 12:52:18.400340559+00:00,2024-10-21 12:52:18.400340559+00:00,10,2,38,C,B,1,233.78,200,130,166126,14761929,AAPL,0,-3182,-524.9452750752911
2024-10-21 12:52:18.404398863+00:00,2024-10-21 12:52:18.404398863+00:00,10,2,38,C,A,0,233.95,3,130,165966,14761945,AAPL,-3,-3,-43.76864955259474
2024-10-21 12:52:18.404415227+00:00,2024-10-21 12:52:18.404415227+00:00,10,2,38,C,A,1,233.96,6,130,165995,14761947,AAPL,0,1402,106.54583666569098
2024-10-21 12:52:18.467409967+00:00,2024-10-21 12:52:18.467409967+00:00,10,2,38,A,B,3,233.67,400,130,166555,14762042,AAPL,0,2155,254.1269692072871
2024-10-21 12:52:18.495352048+00:00,2024-10-21 12:52:18.495352048+00:00,10,2,38,A,A,1,233.98,200,130,166304,14762049,AAPL,0,1596,119.7821466585278
2024-10-21 12:52:18.604719011+00:00,2024-10-21 12:52:18.604719011+00:00,10,2,38,A,B,3,233.68,200,130,166369,14762140,AAPL,0,200,-2.186045699934712
2024-10-21 12:52:18.625710857+00:00,2024-10-21 12:52:18.625710857+00:00,10,2,38,A,B,2,233.7,200,130,166254,14762143,AAPL,0,-1755,-278.59618856930587
2024-10-21 12:52:20.518048065+00:00,2024-10-21 12:52:20.518048065+00:00,10,2,38,C,A,1,233.98,200,130,166028,14764101,AAPL,0,1596,119.7821466585278
2024-10-21 12:52:20.518059899+00:00,2024-10-21 12:52:20.518059899+00:00,10,2,38,A,A,1,234.0,200,130,166469,14764102,AAPL,0,200,-30.074227863711645
2024-10-21 12:52:20.587720643+00:00,2024-10-21 12:52:20.587720643+00:00,10,2,38,A,A,1,233.99,200,130,166316,14764191,AAPL,0,1596,119.7821466585278
2024-10-21 12:52:20.892880686+00:00,2024-10-21 12:52:20.892880686+00:00,10,2,38,A,A,0,233.94,4,130,166896,14764549,AAPL,4,1640,140.32575608384641
2024-10-21 12:52:21.097180887+00:00,2024-10-21 12:52:21.097180887+00:00,10,2,38,A,A,2,233.98,200,130,166465,14764706,AAPL,0,200,-22.28317366208405
2024-10-21 12:52:21.275458364+00:00,2024-10-21 12:52:21.275458364+00:00,10,2,38,A,B,2,233.71,200,130,166482,14764930,AAPL,0,3162,443.15283927886117
2024-10-21 12:52:21.522172957+00:00,2024-10-21 12:52:21.522172957+00:00,10,2,38,A,B,1,233.77,200,130,166783,14765130,AAPL,0,220,-27.93055440305024
2024-10-21 12:52:28.443782882+00:00,2024-10-21 12:52:28.443782882+00:00,10,2,38,A,A,0,233.93,3,130,166623,14772518,AAPL,3,1538,118.08143204004482
2024-10-21 12:52:28.443920856+00:00,2024-10-21 12:52:28.443920856+00:00,10,2,38,A,A,0,233.93,12,130,166039,14772519,AAPL,12,12,-43.524943133111314
2024-10-21 12:52:28.444671301+00:00,2024-10-21 12:52:28.444671301+00:00,10,2,38,A,A,0,233.9,7,130,166218,14772520,AAPL,7,1057,70.68397339956557
2024-10-21 12:52:28.445030581+00:00,2024-10-21 12:52:28.445030581+00:00,10,2,38,A,A,0,233.9,28,130,166394,14772521,AAPL,28,28,-43.26498961899567
2024-10-21 12:52:28.447890721+00:00,2024-10-21 12:52:28.447890721+00:00,10,2,38,C,A,1,233.93,3,130,166041,14772522,AAPL,0,-3,-43.92459347477285
2024-10-21 12:52:28.568234235+00:00,2024-10-21 12:52:28.568234235+00:00,10,2,38,A,B,7,233.53,20,130,166432,14772660,AAPL,0,20,-42.25196171789498
2024-10-21 12:52:29.704321659+00:00,2024-10-21 12:52:29.704321659+00:00,10,2,38,A,A,4,233.97,200,130,166402,14774152,AAPL,0,200,-15.618851248241953
2024-10-21 12:52:32.192854637+00:00,2024-10-21 12:52:32.192854637+00:00,10,2,38,C,A,0,233.9,7,130,166078,14776521,AAPL,-7,-7,-43.83363793112365
2024-10-21 12:52:32.193931288+00:00,2024-10-21 12:52:32.193931288+00:00,10,2,38,C,B,1,233.77,200,130,166979,14776522,AAPL,0,-3202,-526.4132216260941
2024-10-21 12:52:32.193964031+00:00,2024-10-21 12:52:32.193964031+00:00,10,2,38,A,A,2,233.94,13,130,166304,14776523,AAPL,0,13,-42.32652051926814
2024-10-21 12:52:32.194704016+00:00,2024-10-21 12:52:32.194704016+00:00,10,2,38,C,B,4,233.6,1000,130,166211,14776530,AAPL,0,-1883,-284.51134911384725
2024-10-21 12:52:32.198058929+00:00,2024-10-21 12:52:32.198058929+00:00,10,2,38,C,A,2,233.94,13,130,166069,14776532,AAPL,0,-13,-45.11329601812796
2024-10-21 12:52:32.230152472+00:00,2024-10-21 12:52:32.230152472+00:00,10,2,38,A,B,4,233.6,1000,130,166478,14776555,AAPL,0,1883,197.07153257645115
2024-10-21 12:52:32.272738336+00:00,2024-10-21 12:52:32.272738336+00:00,10,2,38,A,B,2,233.71,200,130,166300,14776636,AAPL,0,3182,444.6207858296642
2024-10-21 12:52:32.272847198+00:00,2024-10-21 12:52:32.272847198+00:00,10,2,38,A,A,4,233.97,200,130,166133,14776637,AAPL,0,200,-15.618851248241953
2024-10-21 12:52:32.300899398+00:00,2024-10-21 12:52:32.300899398+00:00,10,2,38,A,B,2,233.71,200,130,166436,14776653,AAPL,0,200,-22.28317366208405
2024-10-21 12:52:32.328927814+00:00,2024-10-21 12:52:32.328927814+00:00,10,2,38,C,A,4,233.97,200,130,165808,14776749,AAPL,0,-200,-71.82096528915415
2024-10-21 12:52:32.328940616+00:00,2024-10-21 12:52:32.328940616+00:00,10,2,38,A,A,2,233.94,200,130,166721,14776750,AAPL,0,1128,69.16487839833461
2024-10-21 12:52:40.109749794+00:00,2024-10-21 12:52:40.109749794+00:00,10,2,38,C,B,2,233.71,200,130,166155,14782425,AAPL,0,-200,-65.15664287531204
2024-10-21 12:52:40.895621746+00:00,2024-10-21 12:52:40.895621746+00:00,10,2,38,A,B,2,233.71,200,130,166569,14783396,AAPL,0,200,-22.28317366208405
2024-10-21 12:52:52.427835018+00:00,2024-10-21 12:52:52.427835018+00:00,10,2,38,A,A,0,233.86,16,130,166558,14796620,AAPL,16,1091,79.92022380414859
2024-10-21 12:52:52.427874272+00:00,2024-10-21 12:52:52.427874272+00:00,10,2,38,C,A,4,233.95,103,130,166327,14796621,AAPL,0,831,34.099131136799386
2024-10-21 12:52:52.428191381+00:00,2024-10-21 12:52:52.428191381+00:00,10,2,38,C,A,3,233.94,4,130,165981,14796622,AAPL,0,-4,-44.55058552007332
2024-10-21 12:52:52.428267507+00:00,2024-10-21 12:52:52.428267507+00:00,10,2,38,C,A,2,233.93,12,130,166364,14796623,AAPL,0,1440,108.00606290203906
2024-10-21 12:52:54.135441488+00:00,2024-10-21 12:52:54.135441488+00:00,10,2,38,T,B,0,233.86,16,130,167082,14798012,AAPL,0,0,-43.71990826869805
2024-10-21 12:52:54.135441488+00:00,2024-10-21 12:52:54.135441488+00:00,10,2,38,C,A,0,233.86,16,130,167082,14798012,AAPL,16,1577,135.4035910675632
2024-10-21 12:52:54.135462788+00:00,2024-10-21 12:52:54.135462788+00:00,10,2,38,A,B,0,233.82,100,130,166677,14798013,AAPL,100,3497,362.39242117650707
2024-10-21 12:52:54.135464840+00:00,2024-10-21 12:52:54.135464840+00:00,10,2,38,A,B,0,233.83,6,130,165972,14798014,AAPL,6,3279,318.8686899027549
2024-10-21 12:52:54.135475842+00:00,2024-10-21 12:52:54.135475842+00:00,10,2,38,C,B,1,233.82,100,130,167164,14798015,AAPL,0,-3273,-406.21102387235766
2024-10-21 12:52:54.135490428+00:00,2024-10-21 12:52:54.135490428+00:00,10,2,38,A,B,1,233.81,11,130,167876,14798016,AAPL,0,3184,312.6988795547426
2024-10-21 12:52:54.135504193+00:00,2024-10-21 12:52:54.135504193+00:00,10,2,38,C,A,1,233.94,200,130,165753,14798017,AAPL,0,1596,119.7821466585278
2024-10-21 12:52:54.156001750+00:00,2024-10-21 12:52:54.156001750+00:00,10,2,38,A,A,1,233.94,200,130,166156,14798061,AAPL,0,1596,119.7821466585278
2024-10-21 12:52:54.235547055+00:00,2024-10-21 12:52:54.235547055+00:00,10,2,38,C,B,0,233.83,6,130,166070,14798127,AAPL,-6,-3190,-400.236178659932
2024-10-21 12:52:54.235576841+00:00,2024-10-21 12:52:54.235576841+00:00,10,2,38,C,B,0,233.81,11,130,165650,14798128,AAPL,-11,-3408,-448.3862462916349
2024-10-21 12:52:57.365726586+00:00,2024-10-21 12:52:57.365726586+00:00,10,2,38,T,B,0,233.9,28,130,167225,14800254,AAPL,0,0,-43.71990826869805
2024-10-21 12:52:57.365726586+00:00,2024-10-21 12:52:57.365726586+00:00,10,2,38,C,A,0,233.9,28,130,167225,14800254,AAPL,28,1624,120.23706530823016
2024-10-21 12:52:57.365728013+00:00,2024-10-21 12:52:57.365728013+00:00,10,2,38,A,B,0,233.87,13,130,167204,14800255,AAPL,13,3410,360.9789239435032
2024-10-21 12:52:57.365747718+00:00,2024-10-21 12:52:57.365747718+00:00,10,2,38,A,B,1,233.82,100,130,166526,14800257,AAPL,0,3273,318.7712073349615
2024-10-21 12:52:57.365754933+00:00,2024-10-21 12:52:57.365754933+00:00,10,2,38,A,B,1,233.85,24,130,165982,14800258,AAPL,0,3267,264.1186033364256
2024-10-21 12:52:57.365762251+00:00,2024-10-21 12:52:57.365762251+00:00,10,2,38,A,B,1,233.85,11,130,165934,14800259,AAPL,0,11,-42.9693958464238
2024-10-21 12:52:57.365775239+00:00,2024-10-21 12:52:57.365775239+00:00,10,2,38,A,B,2,233.82,11,130,166425,14800260,AAPL,0,11,-42.540887865334284
2024-10-21 12:52:57.365803525+00:00,2024-10-21 12:52:57.365803525+00:00,10,2,38,C,B,2,233.82,100,130,166009,14800261,AAPL,0,-100,-54.438275572005054
2024-10-21 12:52:57.366029914+00:00,2024-10-21 12:52:57.366029914+00:00,10,2,38,A,B,1,233.85,100,130,166139,14800264,AAPL,0,100,-36.897068066204845
2024-10-21 12:52:57.366051623+00:00,2024-10-21 12:52:57.366051623+00:00,10,2,38,C,A,0,233.94,200,130,166066,14800265,AAPL,200,1656,141.34733150745606
2024-10-21 12:52:57.366331535+00:00,2024-10-21 12:52:57.366331535+00:00,10,2,38,C,B,1,233.85,100,130,166173,14800266,AAPL,0,-100,-50.54274847119126
2024-10-21 12:52:57.369838111+00:00,2024-10-21 12:52:57.369838111+00:00,10,2,38,C,B,0,233.87,13,130,165963,14800272,AAPL,-13,-3202,-342.9807976263717
2024-10-21 12:52:57.369858806+00:00,2024-10-21 12:52:57.369858806+00:00,10,2,38,C,B,0,233.85,24,130,166080,14800273,AAPL,-24,-24,-44.109838539871525
2024-10-21 12:52:57.436165494+00:00,2024-10-21 12:52:57.436165494+00:00,10,2,38,A,A,0,234.0,200,130,166591,14800335,AAPL,200,200,-40.470489342252456
2024-10-21 12:52:57.442081954+00:00,2024-10-21 12:52:57.442081954+00:00,10,2,38,A,A,0,234.0,200,130,166266,14800338,AAPL,200,200,-40.470489342252456
2024-10-21 12:52:57.473399287+00:00,2024-10-21 12:52:57.473399287+00:00,10,2,38,C,B,1,233.82,11,130,166325,14800347,AAPL,0,-3184,-400.1386960921387
2024-10-21 12:52:57.623765735+00:00,2024-10-21 12:52:57.623765735+00:00,10,2,38,C,B,0,233.85,11,130,166262,14800416,AAPL,-11,-3408,-448.3862462916349
2024-10-21 12:52:59.389259843+00:00,2024-10-21 12:52:59.389259843+00:00,10,2,38,C,A,0,234.0,200,130,166251,14802947,AAPL,-200,-200,-46.96932719514365
2024-10-21 12:52:59.389271786+00:00,2024-10-21 12:52:59.389271786+00:00,10,2,38,A,A,0,233.99,400,130,166838,14802948,AAPL,400,1856,144.59675043390163
2024-10-21 12:53:00.698553118+00:00,2024-10-21 12:53:00.698553118+00:00,10,2,38,A,A,2,234.07,2,130,166388,14805997,AAPL,0,1271,92.73850712440763
2024-10-21 12:53:02.267851771+00:00,2024-10-21 12:53:02.267851771+00:00,10,2,38,A,A,0,233.98,400,130,166431,14809164,AAPL,400,400,-37.22107041580687
2024-10-21 12:53:11.670955032+00:00,2024-10-21 12:53:11.670955032+00:00,10,2,38,C,A,0,233.98,400,130,166527,14816906,AAPL,400,1798,107.90235203446518
2024-10-21 12:53:11.670966379+00:00,2024-10-21 12:53:11.670966379+00:00,10,2,38,A,A,0,234.0,400,130,166286,14816907,AAPL,400,400,-37.22107041580687
2024-10-21 12:53:11.727234767+00:00,2024-10-21 12:53:11.727234767+00:00,10,2,38,A,A,0,233.99,400,130,166323,14816993,AAPL,400,1798,107.90235203446518
2024-10-21 12:53:26.529763238+00:00,2024-10-21 12:53:26.529763238+00:00,10,2,38,A,A,0,233.94,99,130,166240,14833030,AAPL,99,1834,128.34999323842166
2024-10-21 12:53:28.427368134+00:00,2024-10-21 12:53:28.427368134+00:00,10,2,38,A,A,1,233.98,200,130,167679,14835513,AAPL,0,200,-30.074227863711645
2024-10-21 12:53:35.578849770+00:00,2024-10-21 12:53:35.578849770+00:00,10,2,38,C,A,1,233.98,200,130,165875,14840921,AAPL,0,1535,113.09585046484469
2024-10-21 12:53:35.578862371+00:00,2024-10-21 12:53:35.578862371+00:00,10,2,38,A,A,1,234.0,200,130,166992,14840922,AAPL,0,200,-30.074227863711645
2024-10-21 12:53:35.589718097+00:00,2024-10-21 12:53:35.589718097+00:00,10,2,38,A,A,1,234.0,200,130,166548,14840954,AAPL,0,200,-30.074227863711645
2024-10-21 12:53:35.644427153+00:00,2024-10-21 12:53:35.644427153+00:00,10,2,38,C,A,1,234.0,200,130,166030,14841086,AAPL,0,-200,-57.36558867368446
2024-10-21 12:53:35.644439352+00:00,2024-10-21 12:53:35.644439352+00:00,10,2,38,A,A,1,233.99,200,130,166841,14841087,AAPL,0,1535,113.09585046484469
2024-10-21 12:53:38.058449683+00:00,2024-10-21 12:53:38.058449683+00:00,10,2,38,C,B,2,233.71,200,130,166462,14842957,AAPL,0,-200,-65.15664287531204
2024-10-21 12:53:38.058462269+00:00,2024-10-21 12:53:38.058462269+00:00,10,2,38,A,B,2,233.72,400,130,166241,14842958,AAPL,0,400,-0.84643905547005
2024-10-21 12:53:42.548560344+00:00,2024-10-21 12:53:42.548560344+00:00,10,2,38,C,B,2,233.72,200,130,166092,14847170,AAPL,0,-200,-65.15664287531204
2024-10-21 12:53:43.243634699+00:00,2024-10-21 12:53:43.243634699+00:00,10,2,38,A,A,0,233.9,8,130,166402,14848946,AAPL,8,1537,102.31816151439862
2024-10-21 12:53:58.645821004+00:00,2024-10-21 12:53:58.645821004+00:00,10,2,38,C,B,2,233.72,200,130,166190,14861212,AAPL,0,-3182,-532.0606023670604
2024-10-21 12:53:58.645833598+00:00,2024-10-21 12:53:58.645833598+00:00,10,2,38,A,B,2,233.71,200,130,166153,14861213,AAPL,0,3182,444.6207858296642
2024-10-21 12:53:58.694382577+00:00,2024-10-21 12:53:58.694382577+00:00,10,2,38,A,B,2,233.71,200,130,166526,14861247,AAPL,0,200,-22.28317366208405
2024-10-21 12:54:00.371901518+00:00,2024-10-21 12:54:00.371901518+00:00,10,2,38,C,B,2,233.71,200,130,165937,14863327,AAPL,0,-200,-65.15664287531204
2024-10-21 12:54:00.439608110+00:00,2024-10-21 12:54:00.439608110+00:00,10,2,38,C,A,4,234.07,2,130,166486,14863405,AAPL,0,1103,47.622835619093806
2024-10-21 12:54:01.412078010+00:00,2024-10-21 12:54:01.412078010+00:00,10,2,38,C,B,2,233.71,200,130,165969,14864239,AAPL,0,-3182,-532.0606023670604
2024-10-21 12:54:01.412090878+00:00,2024-10-21 12:54:01.412090878+00:00,10,2,38,A,B,2,233.7,200,130,166270,14864240,AAPL,0,200,-22.28317366208405
2024-10-21 12:54:01.412103389+00:00,2024-10-21 12:54:01.412103389+00:00,10,2,38,A,A,2,233.99,200,130,166047,14864241,AAPL,0,200,-22.28317366208405
2024-10-21 12:54:01.467751209+00:00,2024-10-21 12:54:01.467751209+00:00,10,2,38,C,A,2,233.99,200,130,166019,14864317,AAPL,0,-200,-65.15664287531204
2024-10-21 12:54:01.467763122+00:00,2024-10-21 12:54:01.467763122+00:00,10,2,38,A,A,2,233.98,200,130,166229,14864318,AAPL,0,200,-22.28317366208405
2024-10-21 12:54:01.474174096+00:00,2024-10-21 12:54:01.474174096+00:00,10,2,38,A,B,2,233.7,200,130,167037,14864338,AAPL,0,200,-22.28317366208405
2024-10-21 12:54:01.525937445+00:00,2024-10-21 12:54:01.525937445+00:00,10,2,38,C,B,2,233.7,200,130,166077,14864382,AAPL,0,-200,-65.15664287531204
2024-10-21 12:54:01.525951049+00:00,2024-10-21 12:54:01.525951049+00:00,10,2,38,A,B,2,233.71,400,130,166318,14864383,AAPL,0,3382,466.05752043627825
2024-10-21 12:54:05.277851281+00:00,2024-10-21 12:54:05.277851281+00:00,10,2,38,A,B,0,233.8,1,130,166471,14867126,AAPL,1,1,-43.70366117406583
2024-10-21 12:54:15.649008030+00:00,2024-10-21 12:54:15.649008030+00:00,10,2,38,A,A,1,233.93,1,130,166620,14875198,AAPL,0,1528,117.39927085794106
2024-10-21 12:54:15.653103106+00:00,2024-10-21 12:54:15.653103106+00:00,10,2,38,C,A,1,233.93,1,130,166061,14875199,AAPL,0,1528,117.39927085794106
2024-10-21 12:54:23.663963755+00:00,2024-10-21 12:54:23.663963755+00:00,10,2,38,T,B,0,233.9,8,128,169179,14881981,AAPL,0,0,-43.71990826869805
2024-10-21 12:54:23.663963755+00:00,2024-10-21 12:54:23.663963755+00:00,10,2,38,C,A,0,233.9,8,128,169179,14881981,AAPL,8,1640,140.11783085427558
2024-10-21 12:54:23.663985900+00:00,2024-10-21 12:54:23.663985900+00:00,10,2,38,A,B,0,233.82,100,130,169629,14881987,AAPL,100,3498,362.46064957853196
2024-10-21 12:54:23.663993545+00:00,2024-10-21 12:54:23.663993545+00:00,10,2,38,A,B,0,233.85,24,130,168423,14881990,AAPL,24,3298,319.26832127916805
2024-10-21 12:54:23.664013091+00:00,2024-10-21 12:54:23.664013091+00:00,10,2,38,A,B,0,233.85,11,130,166266,14881995,AAPL,11,-3263,-406.1394895044362
2024-10-21 12:54:23.664029700+00:00,2024-10-21 12:54:23.664029700+00:00,10,2,38,A,B,1,233.82,11,130,166167,14882001,AAPL,0,3185,312.80606322777567
2024-10-21 12:54:23.664035920+00:00,2024-10-21 12:54:23.664035920+00:00,10,2,38,C,A,1,233.98,200,130,166032,14882003,AAPL,0,1596,119.7821466585278
2024-10-21 12:54:23.664298891+00:00,2024-10-21 12:54:23.664298891+00:00,10,2,38,A,B,0,233.86,5,130,167618,14882058,AAPL,5,3195,255.61867364476157
2024-10-21 12:54:23.664623467+00:00,2024-10-21 12:54:23.664623467+00:00,10,2,38,A,B,0,233.86,100,130,166454,14882085,AAPL,100,100,-42.095198805475256
2024-10-21 12:54:23.664895724+00:00,2024-10-21 12:54:23.664895724+00:00,10,2,38,C,B,0,233.86,100,130,165584,14882102,AAPL,-100,-100,-45.34461773192085
2024-10-21 12:54:23.668403631+00:00,2024-10-21 12:54:23.668403631+00:00,10,2,38,C,B,0,233.86,5,130,165846,14882261,AAPL,-5,-3195,-343.0584901821577
2024-10-21 12:54:23.668424256+00:00,2024-10-21 12:54:23.668424256+00:00,10,2,38,C,B,0,233.85,24,130,165856,14882262,AAPL,-24,-24,-44.109838539871525
2024-10-21 12:54:23.764410397+00:00,2024-10-21 12:54:23.764410397+00:00,10,2,38,C,B,1,233.82,11,130,165936,14882704,AAPL,0,-3185,-400.24587976517176
2024-10-21 12:54:23.774388827+00:00,2024-10-21 12:54:23.774388827+00:00,10,2,38,A,A,1,233.99,200,130,166062,14882721,AAPL,0,1596,119.7821466585278
2024-10-21 12:54:23.920194306+00:00,2024-10-21 12:54:23.920194306+00:00,10,2,38,C,B,0,233.85,11,130,165832,14883067,AAPL,-11,-3409,-448.4544746936598
2024-10-21 12:54:28.518577763+00:00,2024-10-21 12:54:28.518577763+00:00,10,2,38,A,A,1,233.99,200,130,166401,14887857,AAPL,0,200,-30.074227863711645
2024-10-21 12:54:28.575646585+00:00,2024-10-21 12:54:28.575646585+00:00,10,2,38,C,A,1,233.99,200,130,165844,14888014,AAPL,0,-200,-57.36558867368446
2024-10-21 12:54:28.575658039+00:00,2024-10-21 12:54:28.575658039+00:00,10,2,38,A,A,1,233.98,200,130,166128,14888015,AAPL,0,200,-30.074227863711645
2024-10-21 12:54:33.076706602+00:00,2024-10-21 12:54:33.076706602+00:00,10,2,38,A,B,0,233.89,11,130,166431,14891923,AAPL,11,3409,361.0146581562637
2024-10-21 12:54:33.076763116+00:00,2024-10-21 12:54:33.076763116+00:00,10,2,38,A,A,0,233.93,70,130,166039,14891924,AAPL,70,1702,141.12515072147374
2024-10-21 12:54:41.332659042+00:00,2024-10-21 12:54:41.332659042+00:00,10,2,38,A,A,0,233.93,1,130,166235,14896680,AAPL,1,1,-43.70366117406583
2024-10-21 12:54:41.336753223+00:00,2024-10-21 12:54:41.336753223+00:00,10,2,38,C,A,0,233.93,1,130,165825,14896684,AAPL,-1,-1,-43.736155363330276
2024-10-21 12:54:41.347283222+00:00,2024-10-21 12:54:41.347283222+00:00,10,2,38,A,A,0,233.9,68,130,166156,14896699,AAPL,68,1665,123.21183303265289
2024-10-21 12:54:41.764117824+00:00,2024-10-21 12:54:41.764117824+00:00,10,2,38,C,A,3,233.98,200,130,166047,14897054,AAPL,0,1428,106.71985882564222
2024-10-21 12:54:41.769791072+00:00,2024-10-21 12:54:41.769791072+00:00,10,2,38,A,A,0,233.9,25,130,166163,14897058,AAPL,25,25,-43.31373090289235
2024-10-21 12:54:41.819429794+00:00,2024-10-21 12:54:41.819429794+00:00,10,2,38,A,B,2,233.78,200,130,166864,14897096,AAPL,0,220,-18.129787405207715
2024-10-21 12:54:41.838180708+00:00,2024-10-21 12:54:41.838180708+00:00,10,2,38,A,A,3,233.99,400,130,166404,14897106,AAPL,0,1628,148.25372139440555
2024-10-21 12:54:42.700598912+00:00,2024-10-21 12:54:42.700598912+00:00,10,2,38,A,A,1,233.93,200,130,166704,14897644,AAPL,0,1828,161.89940179939194
2024-10-21 12:54:55.278148479+00:00,2024-10-21 12:54:55.278148479+00:00,10,2,38,A,B,1,233.87,4,130,166182,14906111,AAPL,0,2978,296.31693238662154
2024-10-21 12:54:55.278155149+00:00,2024-10-21 12:54:55.278155149+00:00,10,2,38,A,B,2,233.86,100,130,166072,14906112,AAPL,0,3044,232.8566993468918
2024-10-21 12:54:55.278183622+00:00,2024-10-21 12:54:55.278183622+00:00,10,2,38,C,A,1,233.93,200,130,165851,14906113,AAPL,0,-200,-57.36558867368446
2024-10-21 12:54:55.278306742+00:00,2024-10-21 12:54:55.278306742+00:00,10,2,38,C,A,0,233.9,68,130,166049,14906116,AAPL,-68,-68,-44.824710703689554
2024-10-21 12:54:55.278317125+00:00,2024-10-21 12:54:55.278317125+00:00,10,2,38,C,A,1,233.93,70,130,165841,14906117,AAPL,0,1502,127.18367946215467
2024-10-21 12:54:55.278329008+00:00,2024-10-21 12:54:55.278329008+00:00,10,2,38,C,A,1,233.94,99,130,166301,14906118,AAPL,0,1495,112.89107805400965
2024-10-21 12:54:55.278547157+00:00,2024-10-21 12:54:55.278547157+00:00,10,2,38,C,B,2,233.86,100,130,166675,14906120,AAPL,0,-3044,-320.2965158842879
2024-10-21 12:54:55.282480083+00:00,2024-10-21 12:54:55.282480083+00:00,10,2,38,C,A,0,233.9,25,130,166145,14906147,AAPL,25,1481,138.50408994681615
2024-10-21 12:54:55.293445838+00:00,2024-10-21 12:54:55.293445838+00:00,10,2,38,C,B,1,233.87,4,130,165804,14906302,AAPL,0,-2978,-383.7567489240177
2024-10-21 12:54:55.293461222+00:00,2024-10-21 12:54:55.293461222+00:00,10,2,38,A,A,0,233.93,100,130,166310,14906303,AAPL,100,1556,139.72262204423325
2024-10-21 12:54:55.293478028+00:00,2024-10-21 12:54:55.293478028+00:00,10,2,38,C,B,2,233.78,200,130,166117,14906304,AAPL,0,-3187,-387.9039664957333
2024-10-21 12:54:55.293821520+00:00,2024-10-21 12:54:55.293821520+00:00,10,2,38,C,A,0,233.93,100,130,166018,14906306,AAPL,100,1556,139.72262204423325
2024-10-21 12:54:55.347519532+00:00,2024-10-21 12:54:55.347519532+00:00,10,2,38,A,A,0,233.99,400,130,166473,14906461,AAPL,400,1856,144.59675043390163
2024-10-21 12:54:55.376645110+00:00,2024-10-21 12:54:55.376645110+00:00,10,2,38,A,B,2,233.78,200,130,166146,14906494,AAPL,0,3187,300.46414995833726
2024-10-21 12:54:57.286006414+00:00,2024-10-21 12:54:57.286006414+00:00,10,2,38,A,A,0,233.98,25,130,166396,14907811,AAPL,25,1821,133.8340044293199
2024-10-21 12:54:58.232213590+00:00,2024-10-21 12:54:58.232213590+00:00,10,2,38,A,B,2,233.78,200,130,166643,14908603,AAPL,0,200,-22.28317366208405
2024-10-21 12:54:58.287022773+00:00,2024-10-21 12:54:58.287022773+00:00,10,2,38,C,B,2,233.78,200,130,166050,14908620,AAPL,0,-200,-65.15664287531204
2024-10-21 12:54:58.287036014+00:00,2024-10-21 12:54:58.287036014+00:00,10,2,38,A,B,1,233.81,400,130,166679,14908621,AAPL,0,411,-15.249527055361465
2024-10-21 12:55:04.801390940+00:00,2024-10-21 12:55:04.801390940+00:00,10,2,38,C,B,1,233.81,400,130,165922,14915193,AAPL,0,-3398,-394.93761310245594
2024-10-21 12:55:04.801403945+00:00,2024-10-21 12:55:04.801403945+00:00,10,2,38,A,B,2,233.78,200,130,166161,14915194,AAPL,0,3187,300.46414995833726
2024-10-21 12:55:05.846852917+00:00,2024-10-21 12:55:05.846852917+00:00,10,2,38,A,A,0,233.98,400,130,166377,14916035,AAPL,400,2196,139.9266649164054
2024-10-21 12:55:07.137227591+00:00,2024-10-21 12:55:07.137227591+00:00,10,2,38,T,A,0,233.89,11,130,167174,14918143,AAPL,0,0,-43.71990826869805
2024-10-21 12:55:07.137227591+00:00,2024-10-21 12:55:07.137227591+00:00,10,2,38,C,B,0,233.89,11,130,167174,14918143,AAPL,-11,-3209,-388.8331969589621
2024-10-21 12:55:07.137250126+00:00,2024-10-21 12:55:07.137250126+00:00,10,2,38,A,A,0,233.96,100,130,167889,14918144,AAPL,100,1921,136.7582465773603
2024-10-21 12:55:07.137254976+00:00,2024-10-21 12:55:07.137254976+00:00,10,2,38,A,A,0,233.94,24,130,166375,14918145,AAPL,24,1882,164.56233920285692
2024-10-21 12:55:07.137277247+00:00,2024-10-21 12:55:07.137277247+00:00,10,2,38,A,A,0,233.94,11,130,166106,14918146,AAPL,11,11,-43.54119022774354
2024-10-21 12:55:07.137292058+00:00,2024-10-21 12:55:07.137292058+00:00,10,2,38,A,A,2,233.97,11,130,166220,14918148,AAPL,0,1664,154.62447461886475
2024-10-21 12:55:07.137297701+00:00,2024-10-21 12:55:07.137297701+00:00,10,2,38,C,B,1,233.78,200,130,165830,14918149,AAPL,0,-3202,-526.4132216260941
2024-10-21 12:55:07.137299614+00:00,2024-10-21 12:55:07.137299614+00:00,10,2,38,C,A,1,233.96,100,130,166940,14918150,AAPL,0,1764,161.4473148213579
2024-10-21 12:55:07.208362599+00:00,2024-10-21 12:55:07.208362599+00:00,10,2,38,A,B,1,233.75,400,130,166409,14918277,AAPL,0,3402,452.6190854936844
2024-10-21 12:55:07.208409169+00:00,2024-10-21 12:55:07.208409169+00:00,10,2,38,C,B,1,233.75,400,130,165908,14918278,AAPL,0,-3402,-540.0589020310805
2024-10-21 12:55:07.208422476+00:00,2024-10-21 12:55:07.208422476+00:00,10,2,38,A,B,1,233.73,200,130,166623,14918279,AAPL,0,200,-30.074227863711645
2024-10-21 12:55:07.237336751+00:00,2024-10-21 12:55:07.237336751+00:00,10,2,38,C,A,0,233.94,24,130,166025,14918331,AAPL,-24,-24,-44.109838539871525
2024-10-21 12:55:07.237363330+00:00,2024-10-21 12:55:07.237363330+00:00,10,2,38,C,A,1,233.97,11,130,166137,14918332,AAPL,0,1769,158.1000811514645
2024-10-21 12:55:07.393764372+00:00,2024-10-21 12:55:07.393764372+00:00,10,2,38,C,A,0,233.94,11,130,165986,14918488,AAPL,11,1832,135.31225515509203
2024-10-21 12:55:09.549131905+00:00,2024-10-21 12:55:09.549131905+00:00,10,2,38,A,A,0,233.97,400,130,166333,14921245,AAPL,400,1821,114.3410141570559
2024-10-21 12:55:12.192189397+00:00,2024-10-21 12:55:12.192189397+00:00,10,2,38,A,A,0,233.96,400,130,167081,14924646,AAPL,400,400,-37.22107041580687
2024-10-21 12:55:12.209405788+00:00,2024-10-21 12:55:12.209405788+00:00,10,2,38,C,B,1,233.73,200,130,165973,14924752,AAPL,0,-200,-57.36558867368446
2024-10-21 12:55:12.209418239+00:00,2024-10-21 12:55:12.209418239+00:00,10,2,38,A,B,2,233.71,200,130,166806,14924753,AAPL,0,3182,444.6207858296642
2024-10-21 12:55:12.300974358+00:00,2024-10-21 12:55:12.300974358+00:00,10,2,38,A,B,2,233.72,200,130,166149,14925001,AAPL,0,200,-22.28317366208405
2024-10-21 12:55:12.370199382+00:00,2024-10-21 12:55:12.370199382+00:00,10,2,38,A,B,1,233.73,200,130,167012,14925108,AAPL,0,-2982,-518.4149219620739
2024-10-21 12:55:13.264764014+00:00,2024-10-21 12:55:13.264764014+00:00,10,2,38,A,B,1,233.74,200,130,166214,14925616,AAPL,0,3202,438.97340508869803
2024-10-21 12:55:15.334545441+00:00,2024-10-21 12:55:15.334545441+00:00,10,2,38,A,B,0,233.85,4,130,166215,14926902,AAPL,4,3202,301.2796507591404
2024-10-21 12:55:15.338653449+00:00,2024-10-21 12:55:15.338653449+00:00,10,2,38,C,B,0,233.85,4,130,165966,14926922,AAPL,-4,-3202,-388.71946729653655
2024-10-21 12:55:15.998123326+00:00,2024-10-21 12:55:15.998123326+00:00,10,2,38,C,B,1,233.74,200,130,166578,14927541,AAPL,0,-3202,-526.4132216260941
2024-10-21 12:55:15.998136786+00:00,2024-10-21 12:55:15.998136786+00:00,10,2,38,A,B,1,233.73,200,130,166783,14927542,AAPL,0,200,-30.074227863711645
2024-10-21 12:55:16.052529509+00:00,2024-10-21 12:55:16.052529509+00:00,10,2,38,A,A,0,233.95,400,130,166341,14927607,AAPL,400,400,-37.22107041580687
2024-10-21 12:55:17.765334567+00:00,2024-10-21 12:55:17.765334567+00:00,10,2,38,C,B,1,233.73,200,130,166429,14928900,AAPL,0,-200,-57.36558867368446
2024-10-21 12:55:17.765347989+00:00,2024-10-21 12:55:17.765347989+00:00,10,2,38,A,B,2,233.7,200,130,166306,14928901,AAPL,0,200,-22.28317366208405
2024-10-21 12:55:20.823373698+00:00,2024-10-21 12:55:20.823373698+00:00,10,2,38,A,B,1,233.77,200,130,166605,14932844,AAPL,0,3202,438.97340508869803
2024-10-21 12:55:22.580537870+00:00,2024-10-21 12:55:22.580537870+00:00,10,2,38,A,A,0,233.94,400,130,166284,14934605,AAPL,400,400,-37.22107041580687
2024-10-21 12:55:23.609032313+00:00,2024-10-21 12:55:23.609032313+00:00,10,2,38,C,B,1,233.77,200,130,166537,14935574,AAPL,0,-3202,-526.4132216260941
2024-10-21 12:55:23.609045176+00:00,2024-10-21 12:55:23.609045176+00:00,10,2,38,A,B,1,233.75,200,130,165974,14935575,AAPL,0,3202,438.97340508869803
2024-10-21 12:55:23.680662027+00:00,2024-10-21 12:55:23.680662027+00:00,10,2,38,A,A,0,233.93,400,130,166582,14935877,AAPL,400,400,-37.22107041580687
2024-10-21 12:55:23.701596845+00:00,2024-10-21 12:55:23.701596845+00:00,10,2,38,C,A,0,233.93,200,130,166030,14935939,AAPL,-200,-200,-46.96932719514365
2024-10-21 12:55:23.701735603+00:00,2024-10-21 12:55:23.701735603+00:00,10,2,38,C,A,0,233.93,200,130,166747,14935940,AAPL,200,1621,111.09159523061028
2024-10-21 12:55:23.701747931+00:00,2024-10-21 12:55:23.701747931+00:00,10,2,38,A,A,1,233.99,200,130,166539,14935941,AAPL,0,1596,119.7821466585278
2024-10-21 12:55:24.862826730+00:00,2024-10-21 12:55:24.862826730+00:00,10,2,38,A,B,1,233.76,200,130,166356,14937768,AAPL,0,200,-30.074227863711645
2024-10-21 12:55:26.706482748+00:00,2024-10-21 12:55:26.706482748+00:00,10,2,38,A,A,1,233.99,200,130,166234,14939654,AAPL,0,200,-30.074227863711645
2024-10-21 12:55:37.151044095+00:00,2024-10-21 12:55:37.151044095+00:00,10,2,38,C,A,1,233.99,200,130,166225,14951165,AAPL,0,-200,-57.36558867368446
2024-10-21 12:55:37.151054693+00:00,2024-10-21 12:55:37.151054693+00:00,10,2,38,C,A,1,233.99,200,130,166450,14951166,AAPL,0,1596,119.7821466585278
2024-10-21 12:55:37.151066136+00:00,2024-10-21 12:55:37.151066136+00:00,10,2,38,A,A,1,234.0,200,130,166224,14951167,AAPL,0,200,-30.074227863711645
2024-10-21 12:55:42.999639664+00:00,2024-10-21 12:55:42.999639664+00:00,10,2,38,C,B,1,233.76,200,130,165948,14956353,AAPL,0,-3202,-526.4132216260941
2024-10-21 12:55:42.999652165+00:00,2024-10-21 12:55:42.999652165+00:00,10,2,38,A,B,1,233.75,200,130,166411,14956354,AAPL,0,3202,438.97340508869803
2024-10-21 12:55:42.999664407+00:00,2024-10-21 12:55:42.999664407+00:00,10,2,38,A,A,1,234.0,200,130,166497,14956355,AAPL,0,200,-30.074227863711645
2024-10-21 12:55:43.053918430+00:00,2024-10-21 12:55:43.053918430+00:00,10,2,38,C,A,1,234.0,200,130,166069,14956604,AAPL,0,-200,-57.36558867368446
2024-10-21 12:55:43.053930632+00:00,2024-10-21 12:55:43.053930632+00:00,10,2,38,A,A,1,233.99,200,130,166185,14956605,AAPL,0,1596,119.7821466585278
2024-10-21 12:55:44.065840207+00:00,2024-10-21 12:55:44.065840207+00:00,10,2,38,A,B,1,233.76,200,130,166528,14957803,AAPL,0,200,-30.074227863711645
2024-10-21 12:55:44.298847396+00:00,2024-10-21 12:55:44.298847396+00:00,10,2,38,C,B,1,233.76,200,130,166289,14958064,AAPL,0,-3202,-526.4132216260941
2024-10-21 12:55:44.298860589+00:00,2024-10-21 12:55:44.298860589+00:00,10,2,38,A,B,1,233.75,200,130,166665,14958065,AAPL,0,3202,438.97340508869803
2024-10-21 12:55:49.600508142+00:00,2024-10-21 12:55:49.600508142+00:00,10,2,38,A,A,0,233.92,4,130,166035,14962968,AAPL,4,1562,135.0039407259017
2024-10-21 12:55:49.600561018+00:00,2024-10-21 12:55:49.600561018+00:00,10,2,38,A,A,1,233.93,98,130,166458,14962969,AAPL,0,1551,116.08583404991232
2024-10-21 12:55:49.602960660+00:00,2024-10-21 12:55:49.602960660+00:00,10,2,38,C,A,2,233.98,25,130,166234,14962972,AAPL,0,1453,109.39945065146894
2024-10-21 12:55:51.620426502+00:00,2024-10-21 12:55:51.620426502+00:00,10,2,38,A,A,0,233.92,25,130,166761,14964537,AAPL,25,25,-43.31373090289235
2024-10-21 12:56:02.093908434+00:00,2024-10-21 12:56:02.093908434+00:00,10,2,38,A,A,2,233.99,200,130,166216,14975552,AAPL,0,200,-22.28317366208405
2024-10-21 12:56:03.269632443+00:00,2024-10-21 12:56:03.269632443+00:00,10,2,38,C,A,2,233.99,200,130,165856,14977002,AAPL,0,-200,-65.15664287531204
2024-10-21 12:56:03.269646561+00:00,2024-10-21 12:56:03.269646561+00:00,10,2,38,A,A,2,233.96,200,130,166601,14977003,AAPL,0,200,-22.28317366208405
2024-10-21 12:56:07.124679898+00:00,2024-10-21 12:56:07.124679898+00:00,10,2,38,A,B,1,233.76,200,130,166740,14982197,AAPL,0,200,-30.074227863711645
2024-10-21 12:56:08.881388845+00:00,2024-10-21 12:56:08.881388845+00:00,10,2,38,C,A,2,233.96,200,130,166132,14985590,AAPL,0,1533,133.23324229674952
2024-10-21 12:56:08.881400360+00:00,2024-10-21 12:56:08.881400360+00:00,10,2,38,A,A,2,233.98,200,130,166504,14985591,AAPL,0,1533,133.23324229674952
2024-10-21 12:56:09.292369731+00:00,2024-10-21 12:56:09.292369731+00:00,10,2,38,A,B,1,233.77,200,130,166492,14986201,AAPL,0,200,-30.074227863711645
2024-10-21 12:56:22.318827078+00:00,2024-10-21 12:56:22.318827078+00:00,10,2,38,T,B,0,233.92,4,0,169610,14997468,AAPL,0,0,-43.71990826869805
2024-10-21 12:56:22.318827078+00:00,2024-10-21 12:56:22.318827078+00:00,10,2,38,T,B,0,233.92,25,130,169610,14997469,AAPL,-4,-4,-43.784896647226965
2024-10-21 12:56:22.318827078+00:00,2024-10-21 12:56:22.318827078+00:00,10,2,38,C,A,0,233.92,25,130,169610,14997469,AAPL,25,1656,140.32580306099854
2024-10-21 12:56:22.318852373+00:00,2024-10-21 12:56:22.318852373+00:00,10,2,38,A,B,0,233.86,100,130,166234,14997470,AAPL,100,3298,302.8393718438343
2024-10-21 12:56:22.318854497+00:00,2024-10-21 12:56:22.318854497+00:00,10,2,38,A,B,0,233.86,37,130,166068,14997471,AAPL,37,37,-43.11876576730562
2024-10-21 12:56:22.318867022+00:00,2024-10-21 12:56:22.318867022+00:00,10,2,38,A,B,1,233.83,100,130,166255,14997473,AAPL,0,3074,302.866858981015
2024-10-21 12:56:22.318873215+00:00,2024-10-21 12:56:22.318873215+00:00,10,2,38,C,A,1,233.98,200,130,167115,14997474,AAPL,0,1596,119.7821466585278
2024-10-21 12:56:22.318879396+00:00,2024-10-21 12:56:22.318879396+00:00,10,2,38,A,B,0,233.86,9,130,166566,14997476,AAPL,-91,-91,-45.198393880230796
2024-10-21 12:56:22.318888491+00:00,2024-10-21 12:56:22.318888491+00:00,10,2,38,C,B,1,233.83,100,130,166069,14997477,AAPL,0,-3074,-390.30667551841117
2024-10-21 12:56:22.318892579+00:00,2024-10-21 12:56:22.318892579+00:00,10,2,38,A,B,1,233.82,9,130,166217,14997478,AAPL,0,2983,296.6580743967462
2024-10-21 12:56:22.418935993+00:00,2024-10-21 12:56:22.418935993+00:00,10,2,38,C,B,0,233.86,37,130,165996,14997645,AAPL,-37,-37,-44.32105077009049
2024-10-21 12:56:22.418961652+00:00,2024-10-21 12:56:22.418961652+00:00,10,2,38,C,B,1,233.82,9,130,165896,14997646,AAPL,0,-2983,-384.0978909341423
2024-10-21 12:56:22.418999332+00:00,2024-10-21 12:56:22.418999332+00:00,10,2,38,A,A,1,233.97,200,130,166313,14997647,AAPL,0,1596,119.7821466585278
2024-10-21 12:56:22.573764377+00:00,2024-10-21 12:56:22.573764377+00:00,10,2,38,C,B,0,233.86,9,130,166177,14997849,AAPL,-9,-3207,-388.80070276969764
2024-10-21 12:56:28.426425567+00:00,2024-10-21 12:56:28.426425567+00:00,10,2,38,C,B,1,233.77,200,130,166152,15003253,AAPL,0,-3202,-526.4132216260941
2024-10-21 12:56:28.426438060+00:00,2024-10-21 12:56:28.426438060+00:00,10,2,38,A,B,1,233.75,200,130,166334,15003254,AAPL,0,3202,438.97340508869803
2024-10-21 12:56:29.082300571+00:00,2024-10-21 12:56:29.082300571+00:00,10,2,38,A,B,1,233.76,200,130,166321,15004345,AAPL,0,200,-30.074227863711645
2024-10-21 12:56:43.345471121+00:00,2024-10-21 12:56:43.345471121+00:00,10,2,38,A,A,0,233.93,6,130,167397,15018826,AAPL,6,6,-43.622425700904685
2024-10-21 12:56:43.345495320+00:00,2024-10-21 12:56:43.345495320+00:00,10,2,38,C,B,1,233.76,200,130,166212,15018828,AAPL,0,-3202,-526.4132216260941
2024-10-21 12:56:43.349563754+00:00,2024-10-21 12:56:43.349563754+00:00,10,2,38,C,A,0,233.93,6,130,166153,15018932,AAPL,-6,-6,-43.81739083649142
2024-10-21 12:56:43.451978758+00:00,2024-10-21 12:56:43.451978758+00:00,10,2,38,A,B,1,233.76,200,130,166299,15019123,AAPL,0,3202,438.97340508869803
2024-10-21 12:56:49.157872964+00:00,2024-10-21 12:56:49.157872964+00:00,10,2,38,A,A,0,233.93,10,130,166484,15023750,AAPL,10,10,-43.55743732237577
2024-10-21 12:56:49.157900740+00:00,2024-10-21 12:56:49.157900740+00:00,10,2,38,A,A,0,233.91,148,130,166259,15023751,AAPL,148,1789,143.00647972101189
2024-10-21 12:56:49.161966909+00:00,2024-10-21 12:56:49.161966909+00:00,10,2,38,C,A,1,233.93,10,130,165950,15023756,AAPL,0,-10,-44.40219228894737
2024-10-21 12:56:49.162006671+00:00,2024-10-21 12:56:49.162006671+00:00,10,2,38,C,A,0,233.91,148,130,166305,15023757,AAPL,148,1779,142.32419570076257
2024-10-21 12:56:49.229676652+00:00,2024-10-21 12:56:49.229676652+00:00,10,2,38,C,B,1,233.76,200,130,166176,15023837,AAPL,0,-3202,-526.4132216260941
2024-10-21 12:56:49.229690482+00:00,2024-10-21 12:56:49.229690482+00:00,10,2,38,A,B,2,233.71,400,130,166517,15023838,AAPL,0,3382,466.05752043627825
2024-10-21 12:56:52.237667266+00:00,2024-10-21 12:56:52.237667266+00:00,10,2,38,C,B,2,233.71,200,130,166073,15027072,AAPL,0,-200,-65.15664287531204
2024-10-21 12:56:53.459845124+00:00,2024-10-21 12:56:53.459845124+00:00,10,2,38,A,B,2,233.71,200,130,166391,15028137,AAPL,0,200,-22.28317366208405
2024-10-21 12:56:54.514621370+00:00,2024-10-21 12:56:54.514621370+00:00,10,2,38,C,B,2,233.71,200,130,165975,15029190,AAPL,0,-200,-65.15664287531204
2024-10-21 12:56:54.514633369+00:00,2024-10-21 12:56:54.514633369+00:00,10,2,38,A,B,2,233.72,400,130,166273,15029191,AAPL,0,400,-0.84643905547005
2024-10-21 12:56:55.487592894+00:00,2024-10-21 12:56:55.487592894+00:00,10,2,38,A,A,0,233.92,10,130,166344,15030172,AAPL,10,1641,140.0820966415151
2024-10-21 12:56:55.488162035+00:00,2024-10-21 12:56:55.488162035+00:00,10,2,38,A,A,0,233.88,3,130,166601,15030174,AAPL,3,1539,117.95488408702909
2024-10-21 12:56:55.488202584+00:00,2024-10-21 12:56:55.488202584+00:00,10,2,38,A,A,1,233.9,93,130,166148,15030176,AAPL,0,1129,75.49681456906403
2024-10-21 12:56:55.489128406+00:00,2024-10-21 12:56:55.489128406+00:00,10,2,38,A,A,1,233.9,4,130,166295,15030177,AAPL,0,4,-43.44699466059832
2024-10-21 12:56:55.491687427+00:00,2024-10-21 12:56:55.491687427+00:00,10,2,38,C,A,2,233.92,10,130,165917,15030179,AAPL,0,1036,69.15157318074533
2024-10-21 12:56:55.492269126+00:00,2024-10-21 12:56:55.492269126+00:00,10,2,38,C,A,0,233.88,3,130,166084,15030180,AAPL,3,1626,123.89075506319816
2024-10-21 12:56:55.527565335+00:00,2024-10-21 12:56:55.527565335+00:00,10,2,38,C,A,0,233.9,4,130,166164,15030264,AAPL,-4,-4,-43.784896647226965
2024-10-21 12:56:56.401563592+00:00,2024-10-21 12:56:56.401563592+00:00,10,2,38,C,B,2,233.72,200,130,166677,15030971,AAPL,0,-200,-65.15664287531204
2024-10-21 12:56:57.109300963+00:00,2024-10-21 12:56:57.109300963+00:00,10,2,38,A,A,0,233.88,6,130,166288,15031446,AAPL,6,1625,123.66658273899513
2024-10-21 12:56:57.109313303+00:00,2024-10-21 12:56:57.109313303+00:00,10,2,38,C,A,0,233.88,6,130,167389,15031447,AAPL,6,1625,123.66658273899513
2024-10-21 12:56:57.109331676+00:00,2024-10-21 12:56:57.109331676+00:00,10,2,38,C,B,2,233.72,200,130,166265,15031448,AAPL,0,-3182,-532.0606023670604
2024-10-21 12:56:57.211996601+00:00,2024-10-21 12:56:57.211996601+00:00,10,2,38,A,B,2,233.72,200,130,166335,15031593,AAPL,0,3182,444.6207858296642
2024-10-21 12:57:02.679458939+00:00,2024-10-21 12:57:02.679458939+00:00,10,2,38,A,B,0,233.8,3,130,166525,15037679,AAPL,3,3,-43.67116698480137
2024-10-21 12:57:07.894276467+00:00,2024-10-21 12:57:07.894276467+00:00,10,2,38,C,B,5,233.6,1000,130,166186,15044550,AAPL,0,-1774,-259.82650187285736
2024-10-21 12:57:07.914190596+00:00,2024-10-21 12:57:07.914190596+00:00,10,2,38,A,B,5,233.6,1000,130,166291,15044613,AAPL,0,1774,172.38668533546124
2024-10-21 12:57:11.591940037+00:00,2024-10-21 12:57:11.591940037+00:00,10,2,38,A,B,2,233.72,200,130,166348,15047569,AAPL,0,200,-22.28317366208405
2024-10-21 12:57:11.661884620+00:00,2024-10-21 12:57:11.661884620+00:00,10,2,38,C,B,2,233.72,200,130,166154,15047746,AAPL,0,-200,-65.15664287531204
2024-10-21 12:57:18.749231265+00:00,2024-10-21 12:57:18.749231265+00:00,10,2,38,T,N,0,233.89,50,130,167730,15053182,AAPL,0,0,-43.71990826869805
2024-10-21 12:57:28.505373884+00:00,2024-10-21 12:57:28.505373884+00:00,10,2,38,C,B,2,233.72,200,130,165997,15066354,AAPL,0,-3182,-532.0606023670604
2024-10-21 12:57:28.505387072+00:00,2024-10-21 12:57:28.505387072+00:00,10,2,38,A,B,3,233.69,200,130,166388,15066355,AAPL,0,1975,214.06105318932686
2024-10-21 12:57:28.732652951+00:00,2024-10-21 12:57:28.732652951+00:00,10,2,38,A,B,2,233.7,200,130,166829,15066613,AAPL,0,-1775,-280.064135120109
2024-10-21 12:57:30.098442544+00:00,2024-10-21 12:57:30.098442544+00:00,10,2,38,C,B,2,233.7,200,130,165960,15067937,AAPL,0,-200,-65.15664287531204
2024-10-21 12:57:30.210776056+00:00,2024-10-21 12:57:30.210776056+00:00,10,2,38,A,B,3,233.69,200,130,166206,15068562,AAPL,0,1975,214.06105318932686
2024-10-21 12:57:31.558732931+00:00,2024-10-21 12:57:31.558732931+00:00,10,2,38,A,B,2,233.71,200,130,166451,15070600,AAPL,0,1407,228.3736869404027
2024-10-21 12:57:32.240045543+00:00,2024-10-21 12:57:32.240045543+00:00,10,2,38,A,B,2,233.71,200,130,166455,15071456,AAPL,0,200,-22.28317366208405
2024-10-21 12:57:34.892506576+00:00,2024-10-21 12:57:34.892506576+00:00,10,2,38,C,B,2,233.71,200,130,166411,15074627,AAPL,0,-200,-65.15664287531204
2024-10-21 12:57:35.231673580+00:00,2024-10-21 12:57:35.231673580+00:00,10,2,38,A,B,2,233.71,200,130,166637,15075406,AAPL,0,200,-22.28317366208405
2024-10-21 12:57:36.202783941+00:00,2024-10-21 12:57:36.202783941+00:00,10,2,38,C,B,2,233.71,200,130,166090,15076183,AAPL,0,-200,-65.15664287531204
2024-10-21 12:57:36.556498826+00:00,2024-10-21 12:57:36.556498826+00:00,10,2,38,A,B,0,233.86,22,130,167020,15076900,AAPL,22,3223,319.86419883452965
2024-10-21 12:57:37.356921695+00:00,2024-10-21 12:57:37.356921695+00:00,10,2,38,A,B,3,233.71,200,130,166219,15077820,AAPL,0,200,-2.186045699934712
2024-10-21 12:57:43.442533026+00:00,2024-10-21 12:57:43.442533026+00:00,10,2,38,C,B,3,233.71,200,130,165979,15083690,AAPL,0,-200,-85.25377083746139
2024-10-21 12:57:43.442545695+00:00,2024-10-21 12:57:43.442545695+00:00,10,2,38,A,B,2,233.76,200,130,166588,15083691,AAPL,0,220,-18.129787405207715
2024-10-21 12:57:48.025719444+00:00,2024-10-21 12:57:48.025719444+00:00,10,2,38,C,B,2,233.76,200,130,166309,15088296,AAPL,0,-3187,-387.9039664957333
2024-10-21 12:57:48.025732688+00:00,2024-10-21 12:57:48.025732688+00:00,10,2,38,A,B,3,233.72,400,130,166190,15088297,AAPL,0,3367,357.94175423237357
2024-10-21 12:58:02.614676805+00:00,2024-10-21 12:58:02.614676805+00:00,10,2,38,A,A,0,233.89,8,130,166451,15100675,AAPL,8,1627,123.69907692825959
2024-10-21 12:58:02.926203519+00:00,2024-10-21 12:58:02.926203519+00:00,10,2,38,A,B,2,233.77,400,130,166691,15101877,AAPL,0,420,3.306947201406287
2024-10-21 12:58:03.694780418+00:00,2024-10-21 12:58:03.694780418+00:00,10,2,38,A,B,2,233.78,400,130,166656,15104070,AAPL,0,400,-0.84643905547005
2024-10-21 12:58:04.432418262+00:00,2024-10-21 12:58:04.432418262+00:00,10,2,38,T,N,0,233.87,22,130,167028,15105052,AAPL,0,0,-43.71990826869805
2024-10-21 12:58:04.559873878+00:00,2024-10-21 12:58:04.559873878+00:00,10,2,38,A,B,1,233.85,100,130,166327,15105154,AAPL,0,3277,344.7222725688776
2024-10-21 12:58:04.664725575+00:00,2024-10-21 12:58:04.664725575+00:00,10,2,38,A,A,1,233.9,2,130,166427,15105290,AAPL,0,2,-43.583451464648185
2024-10-21 12:58:07.447014433+00:00,2024-10-21 12:58:07.447014433+00:00,10,2,38,A,A,1,233.9,200,130,166313,15108089,AAPL,0,200,-30.074227863711645
2024-10-21 12:58:10.664315609+00:00,2024-10-21 12:58:10.664315609+00:00,10,2,38,A,A,0,233.88,100,130,166261,15111525,AAPL,100,1429,101.86945667459256
2024-10-21 12:58:10.664349579+00:00,2024-10-21 12:58:10.664349579+00:00,10,2,38,C,B,3,233.78,400,130,166594,15111527,AAPL,0,-3163,-423.83867748131746
2024-10-21 12:58:10.664468587+00:00,2024-10-21 12:58:10.664468587+00:00,10,2,38,A,A,0,233.87,6,130,166657,15111531,AAPL,6,1335,122.4649554696875
2024-10-21 12:58:10.664469496+00:00,2024-10-21 12:58:10.664469496+00:00,10,2,38,T,A,0,233.86,22,130,168370,15111532,AAPL,0,0,-43.71990826869805
2024-10-21 12:58:10.664469496+00:00,2024-10-21 12:58:10.664469496+00:00,10,2,38,C,B,0,233.86,22,130,168370,15111532,AAPL,-22,-3123,-375.1480795959845
2024-10-21 12:58:10.664494919+00:00,2024-10-21 12:58:10.664494919+00:00,10,2,38,T,A,0,233.85,95,130,167292,15111534,AAPL,0,0,-43.71990826869805
2024-10-21 12:58:10.664494919+00:00,2024-10-21 12:58:10.664494919+00:00,10,2,38,C,B,0,233.85,95,130,167292,15111534,AAPL,-95,-95,-45.26338225875971
2024-10-21 12:58:10.664498353+00:00,2024-10-21 12:58:10.664498353+00:00,10,2,38,T,A,0,233.85,5,130,167296,15111535,AAPL,0,0,-43.71990826869805
2024-10-21 12:58:10.664498353+00:00,2024-10-21 12:58:10.664498353+00:00,10,2,38,C,B,0,233.85,5,130,167296,15111535,AAPL,-5,-3021,-513.8039743226179
2024-10-21 12:58:10.664507666+00:00,2024-10-21 12:58:10.664507666+00:00,10,2,38,C,A,4,233.93,98,130,166227,15111536,AAPL,0,926,53.42471602621047
2024-10-21 12:58:10.664525419+00:00,2024-10-21 12:58:10.664525419+00:00,10,2,38,A,A,1,233.88,15,130,167002,15111537,AAPL,0,15,-42.69648223832407
2024-10-21 12:58:10.664537782+00:00,2024-10-21 12:58:10.664537782+00:00,10,2,38,C,A,1,233.88,15,130,166036,15111538,AAPL,0,-15,-44.74333429907203
2024-10-21 12:58:10.664655804+00:00,2024-10-21 12:58:10.664655804+00:00,10,2,38,A,A,0,233.85,95,130,166337,15111539,AAPL,95,1332,95.4368233996285
2024-10-21 12:58:10.664709483+00:00,2024-10-21 12:58:10.664709483+00:00,10,2,38,C,A,2,233.88,100,130,166015,15111540,AAPL,0,1231,93.48397899741725
2024-10-21 12:58:10.665088334+00:00,2024-10-21 12:58:10.665088334+00:00,10,2,38,T,N,0,233.84,100,130,167292,15111544,AAPL,0,0,-43.71990826869805
2024-10-21 12:58:10.665164204+00:00,2024-10-21 12:58:10.665164204+00:00,10,2,38,C,B,4,233.6,1000,130,166776,15111545,AAPL,0,-1883,-284.51134911384725
2024-10-21 12:58:10.665444096+00:00,2024-10-21 12:58:10.665444096+00:00,10,2,38,C,A,4,233.97,200,130,165959,15111548,AAPL,0,928,47.728143791720605
2024-10-21 12:58:10.666096256+00:00,2024-10-21 12:58:10.666096256+00:00,10,2,38,T,B,0,233.85,95,130,167246,15111549,AAPL,0,0,-43.71990826869805
2024-10-21 12:58:10.666096256+00:00,2024-10-21 12:58:10.666096256+00:00,10,2,38,C,A,0,233.85,95,130,167246,15111549,AAPL,95,1632,129.2587573322806
2024-10-21 12:58:10.666117777+00:00,2024-10-21 12:58:10.666117777+00:00,10,2,38,A,B,0,233.82,100,130,166506,15111550,AAPL,100,2225,312.08719391399296
2024-10-21 12:58:10.666119828+00:00,2024-10-21 12:58:10.666119828+00:00,10,2,38,A,B,0,233.82,22,130,166239,15111551,AAPL,22,22,-43.362472186789034
2024-10-21 12:58:10.666134191+00:00,2024-10-21 12:58:10.666134191+00:00,10,2,38,A,B,1,233.81,9,130,166165,15111552,AAPL,0,2025,203.32899899037864
2024-10-21 12:58:10.666182330+00:00,2024-10-21 12:58:10.666182330+00:00,10,2,38,C,B,0,233.82,100,130,165993,15111553,AAPL,-100,-100,-45.34461773192085
2024-10-21 12:58:10.668387164+00:00,2024-10-21 12:58:10.668387164+00:00,10,2,38,T,B,0,233.87,6,0,170673,15111557,AAPL,0,0,-43.71990826869805
2024-10-21 12:58:10.668387164+00:00,2024-10-21 12:58:10.668387164+00:00,10,2,38,T,B,0,233.89,8,0,170673,15111558,AAPL,6,1642,144.05900101888395
2024-10-21 12:58:10.668387164+00:00,2024-10-21 12:58:10.668387164+00:00,10,2,38,T,B,0,233.9,93,0,170673,15111559,AAPL,8,1699,126.39382160795418
2024-10-21 12:58:10.668387164+00:00,2024-10-21 12:58:10.668387164+00:00,10,2,38,T,B,0,233.9,2,0,170673,15111560,AAPL,-93,-93,-45.23088806949525
2024-10-21 12:58:10.668387164+00:00,2024-10-21 12:58:10.668387164+00:00,10,2,38,C,A,0,233.9,200,130,170673,15111561,AAPL,202,1658,141.3798256967205
2024-10-21 12:58:10.668412244+00:00,2024-10-21 12:58:10.668412244+00:00,10,2,38,A,B,0,233.84,100,130,167630,15111562,AAPL,100,2132,194.1080649577564
2024-10-21 12:58:10.668421624+00:00,2024-10-21 12:58:10.668421624+00:00,10,2,38,A,B,1,233.83,9,130,166135,15111563,AAPL,0,1817,127.62217699373656
2024-10-21 12:58:10.668424903+00:00,2024-10-21 12:58:10.668424903+00:00,10,2,38,A,B,0,233.86,100,130,166107,15111564,AAPL,100,1987,93.82882593648574
2024-10-21 12:58:10.668436484+00:00,2024-10-21 12:58:10.668436484+00:00,10,2,38,A,B,0,233.86,100,130,166466,15111565,AAPL,100,100,-42.095198805475256
2024-10-21 12:58:10.668486990+00:00,2024-10-21 12:58:10.668486990+00:00,10,2,38,C,B,1,233.84,100,130,166538,15111567,AAPL,0,-1887,-179.64393301065905
2024-10-21 12:58:10.668495920+00:00,2024-10-21 12:58:10.668495920+00:00,10,2,38,C,B,0,233.86,100,130,165728,15111568,AAPL,-100,-100,-45.34461773192085
2024-10-21 12:58:10.668504902+00:00,2024-10-21 12:58:10.668504902+00:00,10,2,38,C,B,0,233.86,100,130,165906,15111569,AAPL,-100,-1917,-216.68670299435544
2024-10-21 12:58:10.668524657+00:00,2024-10-21 12:58:10.668524657+00:00,10,2,38,C,B,1,233.82,22,130,166034,15111570,AAPL,0,-2032,-279.9231720319297
2024-10-21 12:58:10.668685103+00:00,2024-10-21 12:58:10.668685103+00:00,10,2,38,A,B,0,233.85,100,130,166142,15111571,AAPL,100,2119,193.22109573143229
2024-10-21 12:58:10.668708138+00:00,2024-10-21 12:58:10.668708138+00:00,10,2,38,A,B,0,233.86,100,130,166372,15111575,AAPL,100,1995,134.06228329179825
2024-10-21 12:58:10.668768437+00:00,2024-10-21 12:58:10.668768437+00:00,10,2,38,A,B,0,233.87,15,130,167018,15111585,AAPL,15,1980,99.50183607178609
2024-10-21 12:58:10.668997172+00:00,2024-10-21 12:58:10.668997172+00:00,10,2,38,C,B,2,233.85,100,130,166020,15111586,AAPL,0,-1865,-179.87510598720561
2024-10-21 12:58:10.669075250+00:00,2024-10-21 12:58:10.669075250+00:00,10,2,38,C,B,1,233.86,100,130,165890,15111588,AAPL,0,-1895,-219.87739036597156
2024-10-21 12:58:10.672875445+00:00,2024-10-21 12:58:10.672875445+00:00,10,2,38,C,B,0,233.87,15,130,166708,15111601,AAPL,-15,-2034,-279.279909225089
2024-10-21 12:58:10.766666052+00:00,2024-10-21 12:58:10.766666052+00:00,10,2,38,A,B,4,233.7,200,130,166363,15111827,AAPL,0,200,-15.618851248241953
2024-10-21 12:58:10.766692893+00:00,2024-10-21 12:58:10.766692893+00:00,10,2,38,C,B,1,233.81,9,130,165806,15111828,AAPL,0,-2225,-318.86987254823083
2024-10-21 12:58:10.769583448+00:00,2024-10-21 12:58:10.769583448+00:00,10,2,38,C,B,0,233.83,9,130,166104,15111832,AAPL,-9,-2334,-439.58238740861964
2024-10-21 12:58:10.779690647+00:00,2024-10-21 12:58:10.779690647+00:00,10,2,38,A,A,0,233.98,200,130,166808,15111846,AAPL,200,1656,141.34733150745606
2024-10-21 12:58:10.931928238+00:00,2024-10-21 12:58:10.931928238+00:00,10,2,38,A,A,0,233.96,200,130,166272,15112013,AAPL,200,1796,123.03156558497341
2024-10-21 12:58:10.970212670+00:00,2024-10-21 12:58:10.970212670+00:00,10,2,38,A,B,8,233.4,1000,130,166160,15112060,AAPL,0,1000,43.203967713770176
2024-10-21 12:58:11.735054168+00:00,2024-10-21 12:58:11.735054168+00:00,10,2,38,A,B,2,233.7,200,130,166874,15112665,AAPL,0,200,-22.28317366208405
2024-10-21 12:58:11.739498889+00:00,2024-10-21 12:58:11.739498889+00:00,10,2,38,C,A,1,233.98,200,130,165811,15112668,AAPL,0,1596,119.7821466585278
2024-10-21 12:58:11.739510725+00:00,2024-10-21 12:58:11.739510725+00:00,10,2,38,A,A,2,234.01,200,130,165977,15112669,AAPL,0,1469,113.9608743849555
2024-10-21 12:58:11.741567426+00:00,2024-10-21 12:58:11.741567426+00:00,10,2,38,A,A,2,234.01,200,130,166090,15112672,AAPL,0,200,-22.28317366208405
2024-10-21 12:58:11.790575104+00:00,2024-10-21 12:58:11.790575104+00:00,10,2,38,C,B,2,233.7,200,130,165865,15112726,AAPL,0,-200,-65.15664287531204
2024-10-21 12:58:11.790587578+00:00,2024-10-21 12:58:11.790587578+00:00,10,2,38,A,B,2,233.72,400,130,166243,15112727,AAPL,0,3491,408.99836933028575
2024-10-21 12:58:13.632358940+00:00,2024-10-21 12:58:13.632358940+00:00,10,2,38,A,B,1,233.74,400,130,166150,15114194,AAPL,0,420,-14.284873998063839
2024-10-21 12:58:15.135381045+00:00,2024-10-21 12:58:15.135381045+00:00,10,2,38,C,A,2,234.01,200,130,166718,15117408,AAPL,0,-200,-65.15664287531204
2024-10-21 12:58:15.135391677+00:00,2024-10-21 12:58:15.135391677+00:00,10,2,38,C,A,2,234.01,200,130,166033,15117409,AAPL,0,1469,113.9608743849555
2024-10-21 12:58:15.135402966+00:00,2024-10-21 12:58:15.135402966+00:00,10,2,38,A,A,2,234.03,400,130,166672,15117410,AAPL,0,1669,135.39760899156948
2024-10-21 12:58:15.189814409+00:00,2024-10-21 12:58:15.189814409+00:00,10,2,38,A,B,1,233.75,400,130,166512,15117635,AAPL,0,400,-16.428547458725237
2024-10-21 12:58:15.280737422+00:00,2024-10-21 12:58:15.280737422+00:00,10,2,38,C,B,1,233.75,200,130,166451,15117891,AAPL,0,-200,-57.36558867368446
2024-10-21 12:58:15.315283786+00:00,2024-10-21 12:58:15.315283786+00:00,10,2,38,A,A,1,233.99,200,130,166378,15117923,AAPL,0,327,-16.46190138851175
2024-10-21 12:58:16.357123535+00:00,2024-10-21 12:58:16.357123535+00:00,10,2,38,A,A,1,233.98,200,130,166468,15118619,AAPL,0,200,-30.074227863711645
2024-10-21 12:58:20.739070247+00:00,2024-10-21 12:58:20.739070247+00:00,10,2,38,A,B,1,233.75,200,130,166212,15122732,AAPL,0,200,-30.074227863711645
2024-10-21 12:58:25.681145858+00:00,2024-10-21 12:58:25.681145858+00:00,10,2,38,A,B,0,233.85,100,130,166516,15126857,AAPL,100,2516,246.6677482544911
2024-10-21 12:58:25.752287218+00:00,2024-10-21 12:58:25.752287218+00:00,10,2,38,C,B,2,233.75,200,130,165946,15126921,AAPL,0,-200,-65.15664287531204
2024-10-21 12:58:38.664122485+00:00,2024-10-21 12:58:38.664122485+00:00,10,2,38,C,A,0,233.96,100,130,167158,15138662,AAPL,-100,-100,-45.34461773192085
2024-10-21 12:58:38.865141726+00:00,2024-10-21 12:58:38.865141726+00:00,10,2,38,A,A,0,233.95,100,130,166428,15138877,AAPL,100,1733,141.6807919624655
2024-10-21 12:58:38.865153436+00:00,2024-10-21 12:58:38.865153436+00:00,10,2,38,C,A,1,233.96,100,130,165768,15138878,AAPL,0,1633,140.05608249924268
2024-10-21 12:58:38.884268974+00:00,2024-10-21 12:58:38.884268974+00:00,10,2,38,A,B,2,233.75,200,130,166428,15138895,AAPL,0,200,-22.28317366208405
2024-10-21 12:58:38.934127462+00:00,2024-10-21 12:58:38.934127462+00:00,10,2,38,A,B,1,233.8,5,130,166389,15138947,AAPL,0,5,-43.37876625857339
2024-10-21 12:58:39.124837053+00:00,2024-10-21 12:58:39.124837053+00:00,10,2,38,A,A,1,233.97,100,130,166485,15139070,AAPL,0,1633,140.05608249924268
2024-10-21 12:58:39.665440876+00:00,2024-10-21 12:58:39.665440876+00:00,10,2,38,A,A,3,233.99,2,130,166293,15139454,AAPL,0,1230,65.6013348825665
2024-10-21 12:58:44.315042667+00:00,2024-10-21 12:58:44.315042667+00:00,10,2,38,C,B,2,233.75,200,130,165833,15142509,AAPL,0,-200,-65.15664287531204
2024-10-21 12:58:44.315056213+00:00,2024-10-21 12:58:44.315056213+00:00,10,2,38,A,B,2,233.79,200,130,166023,15142510,AAPL,0,200,-22.28317366208405
2024-10-21 12:58:53.553367785+00:00,2024-10-21 12:58:53.553367785+00:00,10,2,38,C,B,2,233.79,200,130,166945,15150005,AAPL,0,-2202,-310.0909230937014
2024-10-21 12:58:53.553380154+00:00,2024-10-21 12:58:53.553380154+00:00,10,2,38,A,B,2,233.75,400,130,166209,15150006,AAPL,0,2402,244.0878411629193
2024-10-21 12:58:54.392440802+00:00,2024-10-21 12:58:54.392440802+00:00,10,2,38,C,B,1,233.8,5,130,166042,15150515,AAPL,0,-5,-44.06105027882271
2024-10-21 12:58:54.393294723+00:00,2024-10-21 12:58:54.393294723+00:00,10,2,38,A,B,2,233.78,5,130,166503,15150517,AAPL,0,2392,270.71395071556606
2024-10-21 12:58:56.608715388+00:00,2024-10-21 12:58:56.608715388+00:00,10,2,38,A,B,2,233.78,200,130,166482,15151908,AAPL,0,-2187,-336.18111428118283
2024-10-21 12:58:56.926366487+00:00,2024-10-21 12:58:56.926366487+00:00,10,2,38,A,A,0,233.93,6,130,167363,15152092,AAPL,6,1136,79.08064998382598
2024-10-21 12:58:56.926409817+00:00,2024-10-21 12:58:56.926409817+00:00,10,2,38,A,A,1,233.94,87,130,166425,15152093,AAPL,0,1117,76.45541806920194
2024-10-21 12:58:56.930460468+00:00,2024-10-21 12:58:56.930460468+00:00,10,2,38,C,A,0,233.93,6,130,165987,15152094,AAPL,6,1123,76.55290063699532
2024-10-21 12:58:56.936864426+00:00,2024-10-21 12:58:56.936864426+00:00,10,2,38,T,N,0,233.87,50,0,168834,15152095,AAPL,0,0,-43.71990826869805
2024-10-21 12:58:56.936864426+00:00,2024-10-21 12:58:56.936864426+00:00,10,2,38,T,N,0,233.86,50,130,168834,15152096,AAPL,0,0,-43.71990826869805
2024-10-21 12:58:56.985971755+00:00,2024-10-21 12:58:56.985971755+00:00,10,2,38,C,A,1,233.95,100,130,166128,15152122,AAPL,0,1130,78.9831674160326
2024-10-21 12:58:56.985973938+00:00,2024-10-21 12:58:56.985973938+00:00,10,2,38,C,A,1,233.97,100,130,165744,15152123,AAPL,0,1530,93.8609096916737
2024-10-21 12:58:57.006192128+00:00,2024-10-21 12:58:57.006192128+00:00,10,2,38,C,B,2,233.78,200,130,165919,15152140,AAPL,0,-200,-65.15664287531204
2024-10-21 12:58:57.006204731+00:00,2024-10-21 12:58:57.006204731+00:00,10,2,38,A,B,3,233.74,400,130,166475,15152141,AAPL,0,2387,270.1780323504007
2024-10-21 12:58:57.186825862+00:00,2024-10-21 12:58:57.186825862+00:00,10,2,38,A,A,0,233.93,100,130,166419,15152321,AAPL,100,1617,94.5986499285724
2024-10-21 12:58:57.188827212+00:00,2024-10-21 12:58:57.188827212+00:00,10,2,38,C,A,3,233.99,2,130,165875,15152323,AAPL,0,1230,65.6013348825665
2024-10-21 12:58:57.245928065+00:00,2024-10-21 12:58:57.245928065+00:00,10,2,38,A,A,2,233.95,100,130,166359,15152431,AAPL,0,1528,117.4382261289492
2024-10-21 12:58:59.191738848+00:00,2024-10-21 12:58:59.191738848+00:00,10,2,38,A,A,0,233.93,2,130,166305,15153905,AAPL,2,2,-43.687414079433594
2024-10-21 12:59:00.362666414+00:00,2024-10-21 12:59:00.362666414+00:00,10,2,38,A,A,5,234.06,2,130,166250,15156337,AAPL,0,603,1.4945068462020796
2024-10-21 12:59:01.222899124+00:00,2024-10-21 12:59:01.222899124+00:00,10,2,38,C,A,3,233.98,200,130,166163,15158180,AAPL,0,930,60.87254062295504
2024-10-21 12:59:01.222911311+00:00,2024-10-21 12:59:01.222911311+00:00,10,2,38,A,A,3,234.0,200,130,166264,15158181,AAPL,0,200,-2.186045699934712
2024-10-21 12:59:01.250393352+00:00,2024-10-21 12:59:01.250393352+00:00,10,2,38,A,B,3,233.75,400,130,166304,15158292,AAPL,0,400,39.34781686882863
2024-10-21 12:59:01.302902468+00:00,2024-10-21 12:59:01.302902468+00:00,10,2,38,A,A,3,233.99,200,130,166534,15158498,AAPL,0,930,60.87254062295504
2024-10-21 12:59:02.387943682+00:00,2024-10-21 12:59:02.387943682+00:00,10,2,38,A,B,3,233.76,400,130,166889,15159802,AAPL,0,400,39.34781686882863
2024-10-21 12:59:02.700990199+00:00,2024-10-21 12:59:02.700990199+00:00,10,2,38,A,B,0,233.85,100,130,166736,15160277,AAPL,100,100,-42.095198805475256
2024-10-21 12:59:18.925937054+00:00,2024-10-21 12:59:18.925937054+00:00,10,2,38,C,B,2,233.78,5,130,166278,15176333,AAPL,0,-2392,-358.15376725296215
2024-10-21 12:59:18.926788826+00:00,2024-10-21 12:59:18.926788826+00:00,10,2,38,A,B,1,233.8,5,130,166880,15176334,AAPL,0,5,-43.37876625857339
2024-10-21 12:59:29.383886738+00:00,2024-10-21 12:59:29.383886738+00:00,10,2,38,C,A,2,233.95,100,130,166115,15185846,AAPL,0,1030,71.59090792626205
2024-10-21 12:59:29.584160244+00:00,2024-10-21 12:59:29.584160244+00:00,10,2,38,C,A,0,233.93,100,130,166979,15185982,AAPL,100,1119,71.9586864441048
2024-10-21 12:59:29.843991689+00:00,2024-10-21 12:59:29.843991689+00:00,10,2,38,A,A,2,233.94,100,130,166337,15186122,AAPL,0,100,-33.00154096539105
2024-10-21 12:59:34.987099899+00:00,2024-10-21 12:59:34.987099899+00:00,10,2,38,C,B,2,233.76,200,130,166325,15192540,AAPL,0,-200,-65.15664287531204
2024-10-21 12:59:41.219174443+00:00,2024-10-21 12:59:41.219174443+00:00,10,2,38,A,B,2,233.76,200,130,166389,15199613,AAPL,0,200,-22.28317366208405
2024-10-21 12:59:41.751768006+00:00,2024-10-21 12:59:41.751768006+00:00,10,2,38,A,B,0,233.87,151,130,166137,15199989,AAPL,151,2757,288.3135138324819
2024-10-21 12:59:41.751808827+00:00,2024-10-21 12:59:41.751808827+00:00,10,2,38,C,A,3,233.99,200,130,166110,15199990,AAPL,0,930,60.87254062295504
2024-10-21 12:59:41.752297252+00:00,2024-10-21 12:59:41.752297252+00:00,10,2,38,A,A,3,234.0,200,130,166197,15199993,AAPL,0,200,-2.186045699934712
2024-10-21 12:59:41.755876256+00:00,2024-10-21 12:59:41.755876256+00:00,10,2,38,C,B,0,233.87,151,130,166171,15199997,AAPL,-151,-2757,-375.753330369878
2024-10-21 12:59:58.443981541+00:00,2024-10-21 12:59:58.443981541+00:00,10,2,38,A,A,3,233.99,200,130,166307,15218660,AAPL,0,930,60.87254062295504
2024-10-21 13:00:00.834769249+00:00,2024-10-21 13:00:00.834769249+00:00,10,2,38,C,B,2,233.76,200,130,166788,15229999,AAPL,0,-200,-65.15664287531204
2024-10-21 13:00:00.834779433+00:00,2024-10-21 13:00:00.834779433+00:00,10,2,38,C,B,2,233.76,200,130,165820,15230000,AAPL,0,-2202,-310.0909230937014
2024-10-21 13:00:00.834789913+00:00,2024-10-21 13:00:00.834789913+00:00,10,2,38,A,B,2,233.75,400,130,166085,15230001,AAPL,0,2402,244.0878411629193
2024-10-21 13:00:02.522599613+00:00,2024-10-21 13:00:02.522599613+00:00,10,2,38,C,B,2,233.75,200,130,166621,15233887,AAPL,0,-200,-65.15664287531204
2024-10-21 13:00:04.240937700+00:00,2024-10-21 13:00:04.240937700+00:00,10,2,38,A,B,2,233.75,200,130,166298,15238147,AAPL,0,200,-22.28317366208405
2024-10-21 13:00:05.482580960+00:00,2024-10-21 13:00:05.482580960+00:00,10,2,38,A,A,3,233.98,200,130,166290,15241828,AAPL,0,200,-2.186045699934712
2024-10-21 13:00:07.149349109+00:00,2024-10-21 13:00:07.149349109+00:00,10,2,38,C,B,2,233.75,200,130,166723,15245036,AAPL,0,-200,-65.15664287531204
2024-10-21 13:00:07.149359620+00:00,2024-10-21 13:00:07.149359620+00:00,10,2,38,C,B,2,233.75,200,130,166153,15245037,AAPL,0,-2202,-310.0909230937014
2024-10-21 13:00:07.149370167+00:00,2024-10-21 13:00:07.149370167+00:00,10,2,38,A,B,2,233.73,400,130,166423,15245038,AAPL,0,400,-0.84643905547005
2024-10-21 13:00:07.381906885+00:00,2024-10-21 13:00:07.381906885+00:00,10,2,38,A,B,2,233.74,400,130,166435,15245418,AAPL,0,2402,244.0878411629193
2024-10-21 13:00:08.520115733+00:00,2024-10-21 13:00:08.520115733+00:00,10,2,38,A,B,2,233.75,400,130,166481,15247169,AAPL,0,400,-0.84643905547005
2024-10-21 13:00:12.307331848+00:00,2024-10-21 13:00:12.307331848+00:00,10,2,38,C,B,2,233.75,400,130,165924,15253520,AAPL,0,-2402,-331.5276577003154
2024-10-21 13:00:12.307344629+00:00,2024-10-21 13:00:12.307344629+00:00,10,2,38,A,B,2,233.73,400,130,166234,15253521,AAPL,0,400,-0.84643905547005
2024-10-21 13:00:21.846946300+00:00,2024-10-21 13:00:21.846946300+00:00,10,2,38,C,A,2,233.94,100,130,166218,15266703,AAPL,0,-100,-54.438275572005054
2024-10-21 13:00:22.047186467+00:00,2024-10-21 13:00:22.047186467+00:00,10,2,38,C,A,0,233.92,100,130,166484,15266818,AAPL,100,1119,71.9586864441048
2024-10-21 13:00:22.047193836+00:00,2024-10-21 13:00:22.047193836+00:00,10,2,38,A,A,0,233.91,100,130,166575,15266819,AAPL,100,1119,71.9586864441048
2024-10-21 13:00:22.047247171+00:00,2024-10-21 13:00:22.047247171+00:00,10,2,38,A,A,1,233.92,84,130,166293,15266820,AAPL,0,1003,69.1767239283224
2024-10-21 13:00:22.047528913+00:00,2024-10-21 13:00:22.047528913+00:00,10,2,38,A,A,2,233.93,1,130,166000,15266821,AAPL,0,1,-43.61272459566498
2024-10-21 13:00:22.049440630+00:00,2024-10-21 13:00:22.049440630+00:00,10,2,38,C,A,2,233.93,2,130,166222,15266825,AAPL,0,-2,-43.93427561476419
2024-10-21 13:00:22.051622729+00:00,2024-10-21 13:00:22.051622729+00:00,10,2,38,C,A,2,233.93,1,130,166614,15266832,AAPL,0,918,63.33835448519505
2024-10-21 13:00:22.306998857+00:00,2024-10-21 13:00:22.306998857+00:00,10,2,38,A,A,2,233.93,100,130,166811,15267068,AAPL,0,1017,73.949538115469
2024-10-21 13:00:23.028961848+00:00,2024-10-21 13:00:23.028961848+00:00,10,2,38,A,B,2,233.74,400,130,166625,15268240,AAPL,0,2402,244.0878411629193
2024-10-21 13:00:23.497741295+00:00,2024-10-21 13:00:23.497741295+00:00,10,2,38,A,B,2,233.75,400,130,166424,15269042,AAPL,0,400,-0.84643905547005
2024-10-21 13:00:24.055121332+00:00,2024-10-21 13:00:24.055121332+00:00,10,2,38,A,A,0,233.91,2,130,166074,15269794,AAPL,2,2,-43.687414079433594
2024-10-21 13:00:32.311803698+00:00,2024-10-21 13:00:32.311803698+00:00,10,2,38,T,N,0,233.89,1,130,167980,15280011,AAPL,0,0,-43.71990826869805
2024-10-21 13:00:37.203589594+00:00,2024-10-21 13:00:37.203589594+00:00,10,2,38,C,A,2,233.93,100,130,166196,15287883,AAPL,0,1017,73.949538115469
2024-10-21 13:00:37.403888415+00:00,2024-10-21 13:00:37.403888415+00:00,10,2,38,A,A,0,233.9,100,130,166226,15288461,AAPL,100,1203,80.81860581670573
2024-10-21 13:00:37.403900812+00:00,2024-10-21 13:00:37.403900812+00:00,10,2,38,C,A,1,233.91,100,130,165995,15288463,AAPL,0,-100,-50.54274847119126
2024-10-21 13:00:37.663834055+00:00,2024-10-21 13:00:37.663834055+00:00,10,2,38,A,A,2,233.92,100,130,166393,15289184,AAPL,0,100,-33.00154096539105
2024-10-21 13:00:37.909519348+00:00,2024-10-21 13:00:37.909519348+00:00,10,2,38,C,A,1,233.91,2,130,166274,15289964,AAPL,0,1103,83.08942345429674
2024-10-21 13:00:39.919001937+00:00,2024-10-21 13:00:39.919001937+00:00,10,2,38,A,A,0,233.9,2,130,166314,15292137,AAPL,2,2,-43.687414079433594
2024-10-21 13:00:41.254543871+00:00,2024-10-21 13:00:41.254543871+00:00,10,2,38,C,B,2,233.75,400,130,166197,15294062,AAPL,0,-2402,-331.5276577003154
2024-10-21 13:00:41.254556294+00:00,2024-10-21 13:00:41.254556294+00:00,10,2,38,A,B,2,233.74,400,130,166087,15294063,AAPL,0,2402,244.0878411629193
2024-10-21 13:00:47.280596294+00:00,2024-10-21 13:00:47.280596294+00:00,10,2,38,A,A,0,233.89,1,130,166225,15300645,AAPL,1,1204,89.92851075142218
2024-10-21 13:00:47.280659810+00:00,2024-10-21 13:00:47.280659810+00:00,10,2,38,A,A,1,233.9,84,130,166147,15300646,AAPL,0,84,-37.988722498603764
2024-10-21 13:00:47.281137105+00:00,2024-10-21 13:00:47.281137105+00:00,10,2,38,T,N,0,233.86,53,130,167382,15300647,AAPL,0,0,-43.71990826869805
2024-10-21 13:00:47.281141058+00:00,2024-10-21 13:00:47.281141058+00:00,10,2,38,T,N,0,233.86,47,130,168065,15300648,AAPL,0,0,-43.71990826869805
2024-10-21 13:00:47.281338436+00:00,2024-10-21 13:00:47.281338436+00:00,10,2,38,T,A,0,233.85,100,0,168171,15300649,AAPL,0,0,-43.71990826869805
2024-10-21 13:00:47.281338436+00:00,2024-10-21 13:00:47.281338436+00:00,10,2,38,T,A,0,233.85,85,130,168171,15300650,AAPL,-100,-100,-45.34461773192085
2024-10-21 13:00:47.281338436+00:00,2024-10-21 13:00:47.281338436+00:00,10,2,38,C,B,0,233.85,85,130,168171,15300650,AAPL,-85,-85,-45.10091131243743
2024-10-21 13:00:47.281361951+00:00,2024-10-21 13:00:47.281361951+00:00,10,2,38,A,A,0,233.87,100,130,166237,15300651,AAPL,100,1387,101.89506502443476
2024-10-21 13:00:47.281390357+00:00,2024-10-21 13:00:47.281390357+00:00,10,2,38,C,B,2,233.74,400,130,165785,15300652,AAPL,0,-2402,-331.5276577003154
2024-10-21 13:00:47.281409424+00:00,2024-10-21 13:00:47.281409424+00:00,10,2,38,C,A,0,233.87,100,130,165820,15300654,AAPL,100,1387,101.89506502443476
2024-10-21 13:00:47.281544196+00:00,2024-10-21 13:00:47.281544196+00:00,10,2,38,A,A,0,233.89,100,130,166595,15300656,AAPL,100,100,-42.095198805475256
2024-10-21 13:00:47.281567592+00:00,2024-10-21 13:00:47.281567592+00:00,10,2,38,T,A,0,233.85,15,130,167355,15300657,AAPL,0,0,-43.71990826869805
2024-10-21 13:00:47.281567592+00:00,2024-10-21 13:00:47.281567592+00:00,10,2,38,C,B,0,233.85,15,130,167355,15300657,AAPL,-15,-2145,-398.48714941777433
2024-10-21 13:00:47.281588001+00:00,2024-10-21 13:00:47.281588001+00:00,10,2,38,A,A,0,233.88,100,130,166333,15300658,AAPL,100,1487,108.71790522692797
2024-10-21 13:00:47.281592801+00:00,2024-10-21 13:00:47.281592801+00:00,10,2,38,A,A,0,233.87,1,130,166824,15300659,AAPL,1,1088,85.62052784252538
2024-10-21 13:00:47.281602730+00:00,2024-10-21 13:00:47.281602730+00:00,10,2,38,C,A,1,233.88,100,130,165849,15300660,AAPL,0,1087,85.60428074789314
2024-10-21 13:00:47.281718049+00:00,2024-10-21 13:00:47.281718049+00:00,10,2,38,C,A,4,233.94,87,130,165940,15300662,AAPL,0,916,42.05481041177375
2024-10-21 13:00:47.281791800+00:00,2024-10-21 13:00:47.281791800+00:00,10,2,38,C,A,1,233.89,1,130,166472,15300664,AAPL,0,-1,-43.788136670722984
2024-10-21 13:00:47.281884865+00:00,2024-10-21 13:00:47.281884865+00:00,10,2,38,C,A,1,233.89,100,130,165973,15300665,AAPL,0,1300,110.13409754465643
2024-10-21 13:00:47.283236429+00:00,2024-10-21 13:00:47.283236429+00:00,10,2,38,C,A,1,233.9,2,130,166125,15300670,AAPL,0,-2,-43.85636507274791
2024-10-21 13:00:47.340772919+00:00,2024-10-21 13:00:47.340772919+00:00,10,2,38,C,A,2,233.92,100,130,166079,15300914,AAPL,0,-100,-54.438275572005054
2024-10-21 13:00:47.350814208+00:00,2024-10-21 13:00:47.350814208+00:00,10,2,38,A,B,1,233.74,200,130,165944,15300937,AAPL,0,2311,323.1529672274075
2024-10-21 13:00:47.352683135+00:00,2024-10-21 13:00:47.352683135+00:00,10,2,38,C,B,1,233.74,200,130,166248,15300939,AAPL,0,-2311,-410.59278376480364
2024-10-21 13:00:47.381671412+00:00,2024-10-21 13:00:47.381671412+00:00,10,2,38,C,A,0,233.87,1,130,165898,15300980,AAPL,1,1199,82.44624222495267
2024-10-21 13:00:47.391389607+00:00,2024-10-21 13:00:47.391389607+00:00,10,2,38,A,B,1,233.74,200,130,166164,15300985,AAPL,0,2311,323.1529672274075
2024-10-21 13:00:47.540862619+00:00,2024-10-21 13:00:47.540862619+00:00,10,2,38,A,A,0,233.89,100,130,166210,15301109,AAPL,100,1298,84.05470459354324
2024-10-21 13:00:48.046853525+00:00,2024-10-21 13:00:48.046853525+00:00,10,2,38,A,A,0,233.88,100,130,166072,15301547,AAPL,100,1298,90.77750837743142
2024-10-21 13:00:48.046865874+00:00,2024-10-21 13:00:48.046865874+00:00,10,2,38,C,A,1,233.89,100,130,165831,15301548,AAPL,0,1198,89.15279891420863
2024-10-21 13:00:48.047217522+00:00,2024-10-21 13:00:48.047217522+00:00,10,2,38,A,A,0,233.88,84,130,166238,15301549,AAPL,84,84,-42.3551523195909
2024-10-21 13:00:48.057752746+00:00,2024-10-21 13:00:48.057752746+00:00,10,2,38,A,B,7,233.51,115,130,166511,15301566,AAPL,0,354,-14.926848080178011
2024-10-21 13:00:48.106791240+00:00,2024-10-21 13:00:48.106791240+00:00,10,2,38,C,A,1,233.9,100,130,166404,15301609,AAPL,0,-100,-50.54274847119126
2024-10-21 13:00:48.270719410+00:00,2024-10-21 13:00:48.270719410+00:00,10,2,38,C,B,8,233.5,124,130,166452,15301878,AAPL,0,-124,-54.49846889052411
2024-10-21 13:00:48.306982169+00:00,2024-10-21 13:00:48.306982169+00:00,10,2,38,A,A,1,233.89,100,130,166355,15301906,AAPL,0,1098,78.43443161090163
2024-10-21 13:00:49.286612720+00:00,2024-10-21 13:00:49.286612720+00:00,10,2,38,A,A,0,233.88,2,130,166263,15303016,AAPL,2,2,-43.687414079433594
2024-10-21 13:00:49.631471943+00:00,2024-10-21 13:00:49.631471943+00:00,10,2,38,A,A,4,233.98,200,130,166406,15303681,AAPL,0,200,-15.618851248241953
2024-10-21 13:00:49.661620967+00:00,2024-10-21 13:00:49.661620967+00:00,10,2,38,C,B,1,233.74,200,130,166280,15303728,AAPL,0,-2193,-404.45744356643866
2024-10-21 13:00:49.661634376+00:00,2024-10-21 13:00:49.661634376+00:00,10,2,38,A,B,2,233.71,200,130,166236,15303729,AAPL,0,2173,322.66500777000874
2024-10-21 13:00:49.664098756+00:00,2024-10-21 13:00:49.664098756+00:00,10,2,38,C,A,0,233.88,2,130,166053,15303735,AAPL,-2,-2,-43.75240245796251
2024-10-21 13:00:49.688039551+00:00,2024-10-21 13:00:49.688039551+00:00,10,2,38,C,A,4,233.98,200,130,166043,15303775,AAPL,0,-200,-71.82096528915415
2024-10-21 13:00:49.688052684+00:00,2024-10-21 13:00:49.688052684+00:00,10,2,38,A,A,4,233.97,400,130,166448,15303776,AAPL,0,400,12.482205772214147
2024-10-21 13:00:49.716064956+00:00,2024-10-21 13:00:49.716064956+00:00,10,2,38,A,B,2,233.72,200,130,166656,15303806,AAPL,0,200,-22.28317366208405
2024-10-21 13:00:49.726074065+00:00,2024-10-21 13:00:49.726074065+00:00,10,2,38,A,A,0,233.88,200,130,166977,15303813,AAPL,200,1230,76.51441654165163
2024-10-21 13:00:49.778826185+00:00,2024-10-21 13:00:49.778826185+00:00,10,2,38,C,A,0,233.88,200,130,165873,15303859,AAPL,-200,-200,-46.96932719514365
2024-10-21 13:00:49.778838318+00:00,2024-10-21 13:00:49.778838318+00:00,10,2,38,A,A,3,233.91,200,130,166738,15303860,AAPL,0,914,70.39919009164875
2024-10-21 13:00:54.716822373+00:00,2024-10-21 13:00:54.716822373+00:00,10,2,38,A,B,1,233.74,200,130,166790,15309431,AAPL,0,220,-27.93055440305024
2024-10-21 13:00:59.693940803+00:00,2024-10-21 13:00:59.693940803+00:00,10,2,38,A,A,3,233.91,200,130,166383,15313485,AAPL,0,200,-2.186045699934712
2024-10-21 13:00:59.747110424+00:00,2024-10-21 13:00:59.747110424+00:00,10,2,38,C,A,3,233.91,200,130,165884,15313513,AAPL,0,-200,-85.25377083746139
2024-10-21 13:00:59.747122038+00:00,2024-10-21 13:00:59.747122038+00:00,10,2,38,A,A,0,233.88,200,130,166470,15313514,AAPL,200,1114,73.64860901809435
2024-10-21 13:01:00.264901397+00:00,2024-10-21 13:01:00.264901397+00:00,10,2,38,C,A,5,234.06,2,130,166161,15315304,AAPL,0,603,1.4945068462020796
2024-10-21 13:01:02.339834695+00:00,2024-10-21 13:01:02.339834695+00:00,10,2,38,C,A,0,233.88,200,128,167068,15320522,AAPL,-200,-200,-46.96932719514365
2024-10-21 13:01:02.339847159+00:00,2024-10-21 13:01:02.339847159+00:00,10,2,38,A,A,2,233.9,200,130,166209,15320527,AAPL,0,200,-22.28317366208405
2024-10-21 13:01:02.394404993+00:00,2024-10-21 13:01:02.394404993+00:00,10,2,38,A,B,1,233.75,200,130,166248,15320720,AAPL,0,200,-30.074227863711645
2024-10-21 13:01:05.134038116+00:00,2024-10-21 13:01:05.134038116+00:00,10,2,38,A,A,1,233.89,17,130,166279,15324844,AAPL,0,17,-42.56002543427421
2024-10-21 13:01:05.134048475+00:00,2024-10-21 13:01:05.134048475+00:00,10,2,38,C,B,1,233.75,200,130,166054,15324845,AAPL,0,-2193,-404.45744356643866
2024-10-21 13:01:05.138120217+00:00,2024-10-21 13:01:05.138120217+00:00,10,2,38,C,A,1,233.89,17,130,165925,15324852,AAPL,0,-17,-44.879791103121896
2024-10-21 13:01:05.235815575+00:00,2024-10-21 13:01:05.235815575+00:00,10,2,38,A,B,1,233.75,200,130,166588,15325023,AAPL,0,2193,317.0176270290425
2024-10-21 13:01:05.393823832+00:00,2024-10-21 13:01:05.393823832+00:00,10,2,38,C,A,0,233.88,100,130,165997,15325163,AAPL,-100,-100,-45.34461773192085
2024-10-21 13:01:05.393825110+00:00,2024-10-21 13:01:05.393825110+00:00,10,2,38,A,A,0,233.87,100,130,166177,15325164,AAPL,100,1380,108.48187810412409
2024-10-21 13:01:05.899852701+00:00,2024-10-21 13:01:05.899852701+00:00,10,2,38,A,A,0,233.87,81,130,166491,15325614,AAPL,81,81,-42.40389360348759
2024-10-21 13:01:05.959248966+00:00,2024-10-21 13:01:05.959248966+00:00,10,2,38,C,A,2,233.89,100,130,166199,15325636,AAPL,0,1196,101.125982870807
2024-10-21 13:01:06.034140717+00:00,2024-10-21 13:01:06.034140717+00:00,10,2,38,A,A,2,233.89,200,130,166364,15325710,AAPL,0,1096,70.31048760535066
2024-10-21 13:01:06.159894555+00:00,2024-10-21 13:01:06.159894555+00:00,10,2,38,C,A,0,233.87,100,130,166108,15325922,AAPL,-100,-100,-45.34461773192085
2024-10-21 13:01:06.159895738+00:00,2024-10-21 13:01:06.159895738+00:00,10,2,38,A,A,0,233.86,100,130,167082,15325923,AAPL,100,1261,92.31910899510412
2024-10-21 13:01:06.160259036+00:00,2024-10-21 13:01:06.160259036+00:00,10,2,38,A,A,0,233.86,81,130,166432,15325924,AAPL,81,81,-42.40389360348759
2024-10-21 13:01:06.160299314+00:00,2024-10-21 13:01:06.160299314+00:00,10,2,38,C,A,5,233.92,84,130,165949,15325925,AAPL,0,712,22.828163915729046
2024-10-21 13:01:06.417068923+00:00,2024-10-21 13:01:06.417068923+00:00,10,2,38,C,A,3,233.89,200,130,165993,15326184,AAPL,0,1012,72.9633932886194
2024-10-21 13:01:06.417082645+00:00,2024-10-21 13:01:06.417082645+00:00,10,2,38,A,A,4,233.92,400,130,166482,15326185,AAPL,0,1128,75.8292008121767
2024-10-21 13:01:06.419808801+00:00,2024-10-21 13:01:06.419808801+00:00,10,2,38,A,A,1,233.87,100,130,166437,15326187,AAPL,0,100,-36.897068066204845
2024-10-21 13:01:06.420441261+00:00,2024-10-21 13:01:06.420441261+00:00,10,2,38,A,A,0,233.85,4,130,166098,15326188,AAPL,4,1562,129.72856615778628
2024-10-21 13:01:06.487767695+00:00,2024-10-21 13:01:06.487767695+00:00,10,2,38,C,B,1,233.75,200,130,166270,15326228,AAPL,0,-2193,-404.45744356643866
2024-10-21 13:01:06.487780628+00:00,2024-10-21 13:01:06.487780628+00:00,10,2,38,A,B,1,233.73,200,130,166255,15326229,AAPL,0,200,-30.074227863711645
2024-10-21 13:01:06.928932179+00:00,2024-10-21 13:01:06.928932179+00:00,10,2,38,C,A,1,233.86,100,130,165938,15326867,AAPL,0,-100,-50.54274847119126
2024-10-21 13:01:06.928934336+00:00,2024-10-21 13:01:06.928934336+00:00,10,2,38,A,A,0,233.85,100,130,166933,15326868,AAPL,100,100,-42.095198805475256
2024-10-21 13:01:07.114657176+00:00,2024-10-21 13:01:07.114657176+00:00,10,2,38,A,A,4,233.89,200,130,166751,15327206,AAPL,0,284,-3.4337575386000094
2024-10-21 13:01:07.491424602+00:00,2024-10-21 13:01:07.491424602+00:00,10,2,38,A,B,1,233.74,200,130,166557,15327669,AAPL,0,2193,317.0176270290425
2024-10-21 13:01:07.809440257+00:00,2024-10-21 13:01:07.809440257+00:00,10,2,38,C,A,4,233.89,200,130,165904,15328307,AAPL,0,912,50.92922093618515
2024-10-21 13:01:07.809453384+00:00,2024-10-21 13:01:07.809453384+00:00,10,2,38,A,A,5,233.91,200,130,166026,15328308,AAPL,0,828,39.65519808618697
2024-10-21 13:01:07.864852819+00:00,2024-10-21 13:01:07.864852819+00:00,10,2,38,C,B,1,233.74,200,130,166215,15328450,AAPL,0,-2193,-404.45744356643866
2024-10-21 13:01:07.864865339+00:00,2024-10-21 13:01:07.864865339+00:00,10,2,38,A,B,2,233.7,400,130,165995,15328451,AAPL,0,400,-0.84643905547005
2024-10-21 13:01:08.021159560+00:00,2024-10-21 13:01:08.021159560+00:00,10,2,38,A,A,4,233.9,200,130,166412,15328790,AAPL,0,1028,67.75625510664308
2024-10-21 13:01:10.260620882+00:00,2024-10-21 13:01:10.260620882+00:00,10,2,38,T,N,0,233.81,50,130,168336,15332085,AAPL,0,0,-43.71990826869805
2024-10-21 13:01:10.260688910+00:00,2024-10-21 13:01:10.260688910+00:00,10,2,38,T,N,0,233.81,100,130,167675,15332088,AAPL,0,0,-43.71990826869805
2024-10-21 13:01:13.991855366+00:00,2024-10-21 13:01:13.991855366+00:00,10,2,38,C,B,2,233.7,200,130,166179,15336473,AAPL,0,-200,-65.15664287531204
2024-10-21 13:01:13.993575048+00:00,2024-10-21 13:01:13.993575048+00:00,10,2,38,C,B,2,233.7,200,130,166437,15336474,AAPL,0,-200,-65.15664287531204
2024-10-21 13:01:13.993804360+00:00,2024-10-21 13:01:13.993804360+00:00,10,2,38,A,A,0,233.84,81,130,166145,15336478,AAPL,81,1443,118.32452736063335
2024-10-21 13:01:13.993845419+00:00,2024-10-21 13:01:13.993845419+00:00,10,2,38,C,A,5,233.9,84,130,166100,15336480,AAPL,0,-84,-55.90500197834
2024-10-21 13:01:14.053073117+00:00,2024-10-21 13:01:14.053073117+00:00,10,2,38,C,A,3,233.87,100,130,166096,15336600,AAPL,0,-100,-64.48683955307972
2024-10-21 13:01:14.101635781+00:00,2024-10-21 13:01:14.101635781+00:00,10,2,38,A,B,2,233.7,200,130,165991,15336698,AAPL,0,200,-22.28317366208405
2024-10-21 13:01:14.254042044+00:00,2024-10-21 13:01:14.254042044+00:00,10,2,38,A,A,0,233.84,100,130,166088,15336925,AAPL,100,100,-42.095198805475256
2024-10-21 13:01:14.254340207+00:00,2024-10-21 13:01:14.254340207+00:00,10,2,38,A,A,3,233.87,15,130,166193,15336926,AAPL,0,15,-40.6048685760408
2024-10-21 13:01:14.258450289+00:00,2024-10-21 13:01:14.258450289+00:00,10,2,38,C,A,3,233.87,15,130,165744,15336932,AAPL,0,-15,-46.834947961355304
2024-10-21 13:01:14.551172515+00:00,2024-10-21 13:01:14.551172515+00:00,10,2,38,A,B,2,233.7,200,130,166301,15337373,AAPL,0,200,-22.28317366208405
2024-10-21 13:01:14.757245185+00:00,2024-10-21 13:01:14.757245185+00:00,10,2,38,A,A,0,233.83,100,130,166259,15337586,AAPL,100,1458,82.51146353476882
2024-10-21 13:01:14.757257838+00:00,2024-10-21 13:01:14.757257838+00:00,10,2,38,C,A,1,233.84,100,130,165928,15337587,AAPL,0,-100,-50.54274847119126
2024-10-21 13:01:14.757605580+00:00,2024-10-21 13:01:14.757605580+00:00,10,2,38,A,A,0,233.83,81,130,166519,15337588,AAPL,81,81,-42.40389360348759
2024-10-21 13:01:14.817149379+00:00,2024-10-21 13:01:14.817149379+00:00,10,2,38,C,A,2,233.85,100,130,166048,15337627,AAPL,0,-100,-54.438275572005054
2024-10-21 13:01:15.017831294+00:00,2024-10-21 13:01:15.017831294+00:00,10,2,38,A,A,1,233.84,100,130,167164,15337819,AAPL,0,100,-36.897068066204845
2024-10-21 13:01:22.653792170+00:00,2024-10-21 13:01:22.653792170+00:00,10,2,38,C,A,6,233.9,200,130,166424,15350247,AAPL,0,827,17.003075166318215
2024-10-21 13:01:22.653805266+00:00,2024-10-21 13:01:22.653805266+00:00,10,2,38,A,A,6,233.92,200,130,166156,15350248,AAPL,0,827,17.003075166318215
2024-10-21 13:01:22.709886825+00:00,2024-10-21 13:01:22.709886825+00:00,10,2,38,A,A,6,233.91,200,130,166229,15350318,AAPL,0,200,-24.51528773164737
2024-10-21 13:01:22.771731264+00:00,2024-10-21 13:01:22.771731264+00:00,10,2,38,C,B,2,233.7,200,130,166406,15350432,AAPL,0,-200,-65.15664287531204
2024-10-21 13:01:22.771744033+00:00,2024-10-21 13:01:22.771744033+00:00,10,2,38,A,B,2,233.71,400,130,166285,15350433,AAPL,0,2373,344.10174237662267
2024-10-21 13:01:24.376253116+00:00,2024-10-21 13:01:24.376253116+00:00,10,2,38,T,N,0,233.81,10,130,167481,15352678,AAPL,0,0,-43.71990826869805
2024-10-21 13:01:31.407847430+00:00,2024-10-21 13:01:31.407847430+00:00,10,2,38,C,A,5,233.88,84,130,166364,15362425,AAPL,0,911,29.188168875960162
2024-10-21 13:01:36.770750984+00:00,2024-10-21 13:01:36.770750984+00:00,10,2,38,C,B,2,233.71,400,130,166115,15369095,AAPL,0,-2373,-431.5415589140188
2024-10-21 13:01:36.770763949+00:00,2024-10-21 13:01:36.770763949+00:00,10,2,38,A,B,2,233.7,200,130,166695,15369096,AAPL,0,200,-22.28317366208405
2024-10-21 13:01:38.009732596+00:00,2024-10-21 13:01:38.009732596+00:00,10,2,38,A,B,2,233.7,200,130,166681,15370896,AAPL,0,200,-22.28317366208405
2024-10-21 13:01:38.212599640+00:00,2024-10-21 13:01:38.212599640+00:00,10,2,38,C,B,2,233.7,200,130,165913,15372025,AAPL,0,-200,-65.15664287531204
2024-10-21 13:01:41.028235004+00:00,2024-10-21 13:01:41.028235004+00:00,10,2,38,A,A,5,233.9,200,130,166370,15376264,AAPL,0,200,-14.707780388598184
2024-10-21 13:01:41.825702493+00:00,2024-10-21 13:01:41.825702493+00:00,10,2,38,A,B,2,233.7,200,130,166377,15377231,AAPL,0,200,-22.28317366208405
2024-10-21 13:01:43.524114303+00:00,2024-10-21 13:01:43.524114303+00:00,10,2,38,A,A,0,233.82,16,130,166353,15379681,AAPL,16,1371,72.97413140203267
2024-10-21 13:01:43.583733107+00:00,2024-10-21 13:01:43.583733107+00:00,10,2,38,C,A,2,233.84,100,130,166499,15379834,AAPL,0,-100,-54.438275572005054
2024-10-21 13:01:43.783882145+00:00,2024-10-21 13:01:43.783882145+00:00,10,2,38,A,A,0,233.82,100,130,166697,15380020,AAPL,100,100,-42.095198805475256
2024-10-21 13:01:45.884946041+00:00,2024-10-21 13:01:45.884946041+00:00,10,2,38,T,A,0,233.8,10,0,171304,15382571,AAPL,0,0,-43.71990826869805
2024-10-21 13:01:45.884946041+00:00,2024-10-21 13:01:45.884946041+00:00,10,2,38,T,A,0,233.8,1,0,171304,15382572,AAPL,-10,-10,-43.882379215020336
2024-10-21 13:01:45.884946041+00:00,2024-10-21 13:01:45.884946041+00:00,10,2,38,T,A,0,233.8,3,0,171304,15382573,AAPL,-1,-1,-43.736155363330276
2024-10-21 13:01:45.884946041+00:00,2024-10-21 13:01:45.884946041+00:00,10,2,38,T,A,0,233.8,5,130,171304,15382574,AAPL,-3,-3,-43.76864955259474
2024-10-21 13:01:45.884946041+00:00,2024-10-21 13:01:45.884946041+00:00,10,2,38,C,B,0,233.8,5,130,171304,15382574,AAPL,-5,-2507,-319.01575977689583
2024-10-21 13:01:45.885003513+00:00,2024-10-21 13:01:45.885003513+00:00,10,2,38,A,A,2,233.84,10,130,166088,15382575,AAPL,0,10,-42.648071538367354
2024-10-21 13:01:45.885132988+00:00,2024-10-21 13:01:45.885132988+00:00,10,2,38,C,B,1,233.7,200,130,166007,15382576,AAPL,0,-200,-57.36558867368446
2024-10-21 13:01:45.885143787+00:00,2024-10-21 13:01:45.885143787+00:00,10,2,38,C,B,1,233.7,200,130,166121,15382577,AAPL,0,-200,-57.36558867368446
2024-10-21 13:01:45.889098836+00:00,2024-10-21 13:01:45.889098836+00:00,10,2,38,C,A,2,233.84,10,130,165836,15382590,AAPL,0,-10,-44.79174499902875
2024-10-21 13:01:45.934608846+00:00,2024-10-21 13:01:45.934608846+00:00,10,2,38,A,B,1,233.7,200,130,167267,15382673,AAPL,0,200,-30.074227863711645
2024-10-21 13:01:45.952579456+00:00,2024-10-21 13:01:45.952579456+00:00,10,2,38,C,B,1,233.7,200,130,166088,15382702,AAPL,0,-200,-57.36558867368446
2024-10-21 13:01:46.089830558+00:00,2024-10-21 13:01:46.089830558+00:00,10,2,38,A,B,2,233.69,200,130,166438,15382946,AAPL,0,1075,79.32271176831044
2024-10-21 13:01:53.318700214+00:00,2024-10-21 13:01:53.318700214+00:00,10,2,38,A,A,0,233.81,4,128,169417,15392479,AAPL,4,975,52.16576458674694
2024-10-21 13:01:53.318745624+00:00,2024-10-21 13:01:53.318745624+00:00,10,2,38,C,B,2,233.69,200,130,165824,15392493,AAPL,0,-1075,-166.76252830570655
2024-10-21 13:01:53.319069858+00:00,2024-10-21 13:01:53.319069858+00:00,10,2,38,A,A,0,233.81,16,130,166520,15392523,AAPL,16,16,-43.459954754582405
2024-10-21 13:01:53.319109528+00:00,2024-10-21 13:01:53.319109528+00:00,10,2,38,C,A,6,233.87,81,130,166512,15392532,AAPL,0,508,-4.347110517858495
2024-10-21 13:01:53.357137118+00:00,2024-10-21 13:01:53.357137118+00:00,10,2,38,C,A,0,233.81,4,130,166438,15392815,AAPL,-4,-4,-43.784896647226965
2024-10-21 13:01:53.421896177+00:00,2024-10-21 13:01:53.421896177+00:00,10,2,38,A,B,2,233.68,200,130,166094,15393428,AAPL,0,1075,79.32271176831044
2024-10-21 13:01:53.580085827+00:00,2024-10-21 13:01:53.580085827+00:00,10,2,38,C,A,1,233.82,100,130,166226,15394155,AAPL,0,-100,-50.54274847119126
2024-10-21 13:01:53.580087339+00:00,2024-10-21 13:01:53.580087339+00:00,10,2,38,A,A,0,233.81,100,130,166381,15394156,AAPL,100,100,-42.095198805475256
2024-10-21 13:01:53.886883978+00:00,2024-10-21 13:01:53.886883978+00:00,10,2,38,C,A,2,233.83,100,130,166304,15394651,AAPL,0,-100,-54.438275572005054
2024-10-21 13:01:54.087201713+00:00,2024-10-21 13:01:54.087201713+00:00,10,2,38,C,A,0,233.81,100,130,166352,15394876,AAPL,-100,-100,-45.34461773192085
2024-10-21 13:01:54.087204965+00:00,2024-10-21 13:01:54.087204965+00:00,10,2,38,A,A,0,233.8,100,130,166193,15394877,AAPL,100,806,28.866577137528193
2024-10-21 13:01:54.087566172+00:00,2024-10-21 13:01:54.087566172+00:00,10,2,38,A,A,0,233.8,81,130,166373,15394878,AAPL,81,81,-42.40389360348759
2024-10-21 13:01:54.087608499+00:00,2024-10-21 13:01:54.087608499+00:00,10,2,38,C,A,6,233.86,81,130,166112,15394879,AAPL,0,508,-4.347110517858495
2024-10-21 13:01:54.347089082+00:00,2024-10-21 13:01:54.347089082+00:00,10,2,38,A,A,1,233.81,100,130,166171,15395285,AAPL,0,100,-36.897068066204845
2024-10-21 13:01:54.854313070+00:00,2024-10-21 13:01:54.854313070+00:00,10,2,38,C,A,0,233.8,100,130,166307,15396091,AAPL,-100,-100,-45.34461773192085
2024-10-21 13:01:54.854320646+00:00,2024-10-21 13:01:54.854320646+00:00,10,2,38,A,A,0,233.79,100,130,166681,15396092,AAPL,100,906,34.297175564681645
2024-10-21 13:01:54.854683427+00:00,2024-10-21 13:01:54.854683427+00:00,10,2,38,A,A,0,233.79,81,130,166300,15396093,AAPL,81,81,-42.40389360348759
2024-10-21 13:01:54.854726318+00:00,2024-10-21 13:01:54.854726318+00:00,10,2,38,C,A,6,233.85,4,130,166363,15396094,AAPL,0,431,-11.740889424623008
2024-10-21 13:01:54.914155820+00:00,2024-10-21 13:01:54.914155820+00:00,10,2,38,C,A,2,233.81,100,130,166292,15396134,AAPL,0,-100,-54.438275572005054
2024-10-21 13:01:55.114822843+00:00,2024-10-21 13:01:55.114822843+00:00,10,2,38,A,A,1,233.8,100,130,166642,15396426,AAPL,0,100,-36.897068066204845
2024-10-21 13:01:55.619347215+00:00,2024-10-21 13:01:55.619347215+00:00,10,2,38,A,A,0,233.78,100,130,166477,15396971,AAPL,100,1083,46.34788988944068
2024-10-21 13:01:55.619359544+00:00,2024-10-21 13:01:55.619359544+00:00,10,2,38,C,A,1,233.79,100,130,165886,15396972,AAPL,0,-100,-50.54274847119126
2024-10-21 13:01:55.619386195+00:00,2024-10-21 13:01:55.619386195+00:00,10,2,38,C,A,1,233.79,81,130,165938,15396973,AAPL,0,883,37.90034022372467
2024-10-21 13:01:55.619397108+00:00,2024-10-21 13:01:55.619397108+00:00,10,2,38,C,A,1,233.8,81,130,165758,15396974,AAPL,0,-81,-49.24640883271754
2024-10-21 13:01:55.619408622+00:00,2024-10-21 13:01:55.619408622+00:00,10,2,38,C,A,2,233.81,16,130,165905,15396976,AAPL,0,1021,45.17156282507357
2024-10-21 13:01:55.619418677+00:00,2024-10-21 13:01:55.619418677+00:00,10,2,38,C,A,2,233.82,16,130,165966,15396977,AAPL,0,1006,69.57227928834995
2024-10-21 13:01:55.619428622+00:00,2024-10-21 13:01:55.619428622+00:00,10,2,38,C,A,2,233.83,81,130,166406,15396978,AAPL,0,1090,73.23123564774843
2024-10-21 13:01:55.619439498+00:00,2024-10-21 13:01:55.619439498+00:00,10,2,38,C,A,2,233.84,81,130,166579,15396979,AAPL,0,1509,115.40173634132088
2024-10-21 13:01:55.619990738+00:00,2024-10-21 13:01:55.619990738+00:00,10,2,38,A,A,0,233.78,81,130,166434,15396980,AAPL,81,81,-42.40389360348759
2024-10-21 13:01:55.679367069+00:00,2024-10-21 13:01:55.679367069+00:00,10,2,38,C,A,0,233.78,100,130,166931,15397037,AAPL,-100,-100,-45.34461773192085
2024-10-21 13:01:55.679377988+00:00,2024-10-21 13:01:55.679377988+00:00,10,2,38,C,A,1,233.8,100,130,165817,15397038,AAPL,0,1633,140.05608249924268
2024-10-21 13:01:55.691001931+00:00,2024-10-21 13:01:55.691001931+00:00,10,2,38,C,B,2,233.68,200,130,166325,15397044,AAPL,0,-1075,-166.76252830570655
2024-10-21 13:01:55.691014779+00:00,2024-10-21 13:01:55.691014779+00:00,10,2,38,A,B,3,233.64,400,130,166339,15397045,AAPL,0,1274,140.7460329863793
2024-10-21 13:01:55.879929994+00:00,2024-10-21 13:01:55.879929994+00:00,10,2,38,A,A,1,233.79,100,130,166292,15397238,AAPL,0,1633,140.05608249924268
2024-10-21 13:01:55.939347809+00:00,2024-10-21 13:01:55.939347809+00:00,10,2,38,A,A,0,233.78,100,130,166458,15397303,AAPL,100,100,-42.095198805475256
2024-10-21 13:01:56.191953909+00:00,2024-10-21 13:01:56.191953909+00:00,10,2,38,A,A,2,233.9,200,130,166150,15397459,AAPL,0,200,-22.28317366208405
2024-10-21 13:01:56.246908570+00:00,2024-10-21 13:01:56.246908570+00:00,10,2,38,C,A,2,233.9,200,130,165925,15397494,AAPL,0,-200,-65.15664287531204
2024-10-21 13:01:56.246922313+00:00,2024-10-21 13:01:56.246922313+00:00,10,2,38,A,A,2,233.87,400,130,166347,15397495,AAPL,0,400,-0.84643905547005
2024-10-21 13:01:56.993831894+00:00,2024-10-21 13:01:56.993831894+00:00,10,2,38,C,A,2,233.87,400,130,165844,15398556,AAPL,0,1733,154.6699769033635
2024-10-21 13:01:56.993844895+00:00,2024-10-21 13:01:56.993844895+00:00,10,2,38,A,A,2,233.9,200,130,166105,15398557,AAPL,0,1533,133.23324229674952
2024-10-21 13:01:57.165899729+00:00,2024-10-21 13:01:57.165899729+00:00,10,2,38,C,B,3,233.64,400,130,166321,15398751,AAPL,0,-1274,-228.18584952377543
2024-10-21 13:01:57.165912786+00:00,2024-10-21 13:01:57.165912786+00:00,10,2,38,A,B,3,233.61,200,130,167699,15398752,AAPL,0,1074,99.21217041761595
2024-10-21 13:01:58.745358302+00:00,2024-10-21 13:01:58.745358302+00:00,10,2,38,A,B,3,233.64,200,130,166339,15400319,AAPL,0,200,-2.186045699934712
2024-10-21 13:01:59.675052114+00:00,2024-10-21 13:01:59.675052114+00:00,10,2,38,A,A,0,233.78,100,130,166470,15401144,AAPL,100,100,-42.095198805475256
2024-10-21 13:02:00.466387757+00:00,2024-10-21 13:02:00.466387757+00:00,10,2,38,A,B,3,233.64,200,130,166152,15403649,AAPL,0,200,-2.186045699934712
2024-10-21 13:02:00.466402127+00:00,2024-10-21 13:02:00.466402127+00:00,10,2,38,A,A,2,233.9,200,130,165909,15403650,AAPL,0,200,-22.28317366208405
2024-10-21 13:02:00.468799008+00:00,2024-10-21 13:02:00.468799008+00:00,10,2,38,C,B,3,233.64,200,130,166103,15403653,AAPL,0,-200,-85.25377083746139
2024-10-21 13:02:00.468810088+00:00,2024-10-21 13:02:00.468810088+00:00,10,2,38,C,B,3,233.64,200,130,165862,15403654,AAPL,0,-1074,-186.65198695501206
2024-10-21 13:02:00.468935740+00:00,2024-10-21 13:02:00.468935740+00:00,10,2,38,A,A,2,233.83,65,130,166349,15403655,AAPL,0,1693,155.22066014155513
2024-10-21 13:02:00.473030295+00:00,2024-10-21 13:02:00.473030295+00:00,10,2,38,C,A,2,233.83,65,130,165805,15403660,AAPL,0,1693,155.22066014155513
2024-10-21 13:02:00.488266361+00:00,2024-10-21 13:02:00.488266361+00:00,10,2,38,A,A,0,233.76,1,130,166319,15403694,AAPL,1,2010,178.16051676135066
2024-10-21 13:02:00.488297237+00:00,2024-10-21 13:02:00.488297237+00:00,10,2,38,A,A,1,233.77,81,130,166003,15403695,AAPL,0,1590,132.2412447828705
2024-10-21 13:02:00.488423390+00:00,2024-10-21 13:02:00.488423390+00:00,10,2,38,A,A,0,233.76,8,130,166043,15403697,AAPL,8,8,-43.58993151164023
2024-10-21 13:02:00.499390446+00:00,2024-10-21 13:02:00.499390446+00:00,10,2,38,C,A,0,233.76,1,130,166621,15403711,AAPL,-1,-1,-43.736155363330276
2024-10-21 13:02:00.521318201+00:00,2024-10-21 13:02:00.521318201+00:00,10,2,38,C,A,4,233.9,200,130,165815,15403729,AAPL,0,-200,-71.82096528915415
2024-10-21 13:02:00.521332116+00:00,2024-10-21 13:02:00.521332116+00:00,10,2,38,A,A,4,233.89,400,130,166726,15403730,AAPL,0,400,12.482205772214147
2024-10-21 13:02:00.543537646+00:00,2024-10-21 13:02:00.543537646+00:00,10,2,38,A,A,0,233.76,200,130,166327,15403800,AAPL,200,1328,79.07861973862228
2024-10-21 13:02:00.547471734+00:00,2024-10-21 13:02:00.547471734+00:00,10,2,38,C,A,3,233.79,100,130,165895,15403823,AAPL,0,1328,85.95292754126054
2024-10-21 13:02:00.557303929+00:00,2024-10-21 13:02:00.557303929+00:00,10,2,38,A,A,3,233.82,86,130,167925,15403851,AAPL,0,1314,83.04555716144712
2024-10-21 13:02:00.558727390+00:00,2024-10-21 13:02:00.558727390+00:00,10,2,38,C,A,0,233.76,200,130,165936,15403856,AAPL,-200,-200,-46.96932719514365
2024-10-21 13:02:00.561398333+00:00,2024-10-21 13:02:00.561398333+00:00,10,2,38,C,A,3,233.82,86,130,165953,15403861,AAPL,0,1314,83.04555716144712
2024-10-21 13:02:00.572273497+00:00,2024-10-21 13:02:00.572273497+00:00,10,2,38,A,A,0,233.75,81,130,166851,15403875,AAPL,81,1679,134.08479256308
2024-10-21 13:02:00.603031343+00:00,2024-10-21 13:02:00.603031343+00:00,10,2,38,C,A,3,233.78,100,130,166361,15403910,AAPL,0,-100,-64.48683955307972
2024-10-21 13:02:00.603034863+00:00,2024-10-21 13:02:00.603034863+00:00,10,2,38,C,A,3,233.78,100,130,166590,15403911,AAPL,0,-100,-64.48683955307972
2024-10-21 13:02:00.632932221+00:00,2024-10-21 13:02:00.632932221+00:00,10,2,38,A,A,1,233.76,200,130,166270,15403963,AAPL,0,200,-30.074227863711645
2024-10-21 13:02:00.753033427+00:00,2024-10-21 13:02:00.753033427+00:00,10,2,38,A,B,3,233.58,200,130,166339,15404125,AAPL,0,200,-2.186045699934712
2024-10-21 13:02:00.763036835+00:00,2024-10-21 13:02:00.763036835+00:00,10,2,38,A,B,3,233.58,200,130,166521,15404141,AAPL,0,200,-2.186045699934712
2024-10-21 13:02:00.828077266+00:00,2024-10-21 13:02:00.828077266+00:00,10,2,38,C,A,1,233.76,200,130,165952,15404254,AAPL,0,-200,-57.36558867368446
2024-10-21 13:02:00.828089935+00:00,2024-10-21 13:02:00.828089935+00:00,10,2,38,A,A,4,233.81,400,130,165958,15404255,AAPL,0,1128,75.8292008121767
2024-10-21 13:02:00.831877617+00:00,2024-10-21 13:02:00.831877617+00:00,10,2,38,A,A,0,233.75,200,130,166176,15404257,AAPL,200,200,-40.470489342252456
2024-10-21 13:02:00.831882513+00:00,2024-10-21 13:02:00.831882513+00:00,10,2,38,A,A,1,233.76,100,130,166176,15404258,AAPL,0,100,-36.897068066204845
2024-10-21 13:02:00.850825310+00:00,2024-10-21 13:02:00.850825310+00:00,10,2,38,T,A,0,233.73,20,130,168101,15404276,AAPL,0,0,-43.71990826869805
2024-10-21 13:02:00.850825310+00:00,2024-10-21 13:02:00.850825310+00:00,10,2,38,C,B,0,233.73,20,130,168101,15404276,AAPL,-20,-2512,-356.10716081751826
2024-10-21 13:02:00.850908070+00:00,2024-10-21 13:02:00.850908070+00:00,10,2,38,A,A,2,233.77,23,130,166063,15404278,AAPL,0,23,-41.25468378893744
2024-10-21 13:02:00.850932826+00:00,2024-10-21 13:02:00.850932826+00:00,10,2,38,A,A,4,233.81,86,130,166766,15404279,AAPL,0,86,-31.636453749901932
2024-10-21 13:02:00.851097126+00:00,2024-10-21 13:02:00.851097126+00:00,10,2,38,A,A,0,233.74,4,130,166275,15404284,AAPL,4,1692,144.93408361887782
2024-10-21 13:02:00.851457343+00:00,2024-10-21 13:02:00.851457343+00:00,10,2,38,A,A,0,233.74,16,130,166076,15404287,AAPL,16,16,-43.459954754582405
2024-10-21 13:02:00.855017272+00:00,2024-10-21 13:02:00.855017272+00:00,10,2,38,C,A,3,233.77,23,130,166160,15404294,AAPL,0,-23,-48.49630246410583
2024-10-21 13:02:00.855026125+00:00,2024-10-21 13:02:00.855026125+00:00,10,2,38,C,A,5,233.81,86,130,165734,15404295,AAPL,0,-86,-56.195123257141
2024-10-21 13:02:00.876214037+00:00,2024-10-21 13:02:00.876214037+00:00,10,2,38,A,A,0,233.73,81,130,166094,15404360,AAPL,81,1679,114.56601620322805
2024-10-21 13:02:00.889534250+00:00,2024-10-21 13:02:00.889534250+00:00,10,2,38,C,A,1,233.74,4,130,165807,15404372,AAPL,0,-4,-43.99282187679778
2024-10-21 13:02:00.899219069+00:00,2024-10-21 13:02:00.899219069+00:00,10,2,38,A,A,5,233.78,200,130,166084,15404382,AAPL,0,1227,65.21982358346877
2024-10-21 13:02:00.927615176+00:00,2024-10-21 13:02:00.927615176+00:00,10,2,38,T,A,0,233.7,900,130,166792,15404430,AAPL,0,0,-43.71990826869805
2024-10-21 13:02:00.927615176+00:00,2024-10-21 13:02:00.927615176+00:00,10,2,38,C,B,0,233.7,900,130,166792,15404430,AAPL,-900,-900,-58.34229343770322
2024-10-21 13:02:00.927646147+00:00,2024-10-21 13:02:00.927646147+00:00,10,2,38,A,A,0,233.72,200,130,166196,15404431,AAPL,200,1675,120.55136423441715
2024-10-21 13:02:00.927671794+00:00,2024-10-21 13:02:00.927671794+00:00,10,2,38,C,B,2,233.58,200,130,165844,15404432,AAPL,0,-200,-65.15664287531204
2024-10-21 13:02:00.927682794+00:00,2024-10-21 13:02:00.927682794+00:00,10,2,38,C,B,2,233.58,200,130,166898,15404434,AAPL,0,-200,-65.15664287531204
2024-10-21 13:02:00.928003213+00:00,2024-10-21 13:02:00.928003213+00:00,10,2,38,A,A,0,233.72,81,130,166178,15404442,AAPL,81,81,-42.40389360348759
2024-10-21 13:02:00.928041580+00:00,2024-10-21 13:02:00.928041580+00:00,10,2,38,C,A,6,233.78,81,130,165970,15404444,AAPL,0,-81,-51.49777958620358
2024-10-21 13:02:00.935398656+00:00,2024-10-21 13:02:00.935398656+00:00,10,2,38,C,A,3,233.75,200,130,165998,15404453,AAPL,0,-200,-85.25377083746139
2024-10-21 13:02:00.935401504+00:00,2024-10-21 13:02:00.935401504+00:00,10,2,38,C,A,4,233.76,100,130,165850,15404454,AAPL,0,-100,-57.770436778926104
2024-10-21 13:02:00.973406066+00:00,2024-10-21 13:02:00.973406066+00:00,10,2,38,C,A,0,233.72,200,130,165803,15404483,AAPL,-200,-200,-46.96932719514365
2024-10-21 13:02:01.033287331+00:00,2024-10-21 13:02:01.033287331+00:00,10,2,38,A,B,2,233.58,400,130,166283,15404608,AAPL,0,400,-0.84643905547005
2024-10-21 13:02:01.135551441+00:00,2024-10-21 13:02:01.135551441+00:00,10,2,38,A,A,1,233.73,100,130,166677,15404707,AAPL,0,100,-36.897068066204845
2024-10-21 13:02:01.188132386+00:00,2024-10-21 13:02:01.188132386+00:00,10,2,38,A,A,0,233.72,200,130,166296,15404804,AAPL,200,200,-40.470489342252456
2024-10-21 13:02:01.533605979+00:00,2024-10-21 13:02:01.533605979+00:00,10,2,38,C,A,0,233.72,81,130,165958,15405343,AAPL,-81,-81,-45.035922933908516
2024-10-21 13:02:01.533611324+00:00,2024-10-21 13:02:01.533611324+00:00,10,2,38,C,A,1,233.73,81,130,165730,15405344,AAPL,0,-81,-49.24640883271754
2024-10-21 13:02:01.533616664+00:00,2024-10-21 13:02:01.533616664+00:00,10,2,38,C,A,2,233.74,16,130,165695,15405345,AAPL,0,1013,48.41318234745518
2024-10-21 13:02:01.533622158+00:00,2024-10-21 13:02:01.533622158+00:00,10,2,38,C,A,3,233.76,8,130,165672,15405346,AAPL,0,917,52.69748068222222
2024-10-21 13:02:01.533628256+00:00,2024-10-21 13:02:01.533628256+00:00,10,2,38,C,A,2,233.75,81,130,165901,15405347,AAPL,0,1090,73.23123564774843
2024-10-21 13:02:01.533638903+00:00,2024-10-21 13:02:01.533638903+00:00,10,2,38,C,A,2,233.77,81,130,165642,15405348,AAPL,0,1509,115.40173634132088
2024-10-21 13:02:01.533643884+00:00,2024-10-21 13:02:01.533643884+00:00,10,2,38,A,A,0,233.71,81,130,165936,15405349,AAPL,81,1809,132.3999211991461
2024-10-21 13:02:01.592865605+00:00,2024-10-21 13:02:01.592865605+00:00,10,2,38,C,A,2,233.73,100,130,165927,15405439,AAPL,0,1528,117.4382261289492
2024-10-21 13:02:01.793250270+00:00,2024-10-21 13:02:01.793250270+00:00,10,2,38,A,A,0,233.71,200,130,166211,15405637,AAPL,200,200,-40.470489342252456
2024-10-21 13:02:03.532792430+00:00,2024-10-21 13:02:03.532792430+00:00,10,2,38,A,A,2,233.76,200,130,166352,15408276,AAPL,0,200,-22.28317366208405
2024-10-21 13:02:04.538283059+00:00,2024-10-21 13:02:04.538283059+00:00,10,2,38,T,A,0,233.7,180,130,167594,15410027,AAPL,0,0,-43.71990826869805
2024-10-21 13:02:04.538283059+00:00,2024-10-21 13:02:04.538283059+00:00,10,2,38,C,B,0,233.7,180,130,167594,15410027,AAPL,-180,-180,-46.64438530249908
2024-10-21 13:02:04.538335499+00:00,2024-10-21 13:02:04.538335499+00:00,10,2,38,C,B,2,233.58,400,130,166036,15410028,AAPL,0,-400,-86.59337748192605
2024-10-21 13:02:04.557444177+00:00,2024-10-21 13:02:04.557444177+00:00,10,2,38,A,B,2,233.58,200,130,166677,15410055,AAPL,0,200,-22.28317366208405
2024-10-21 13:02:04.585465906+00:00,2024-10-21 13:02:04.585465906+00:00,10,2,38,A,B,2,233.58,200,130,166508,15410094,AAPL,0,200,-22.28317366208405
2024-10-21 13:02:04.612481758+00:00,2024-10-21 13:02:04.612481758+00:00,10,2,38,C,A,2,233.76,200,130,166359,15410201,AAPL,0,1533,133.23324229674952
2024-10-21 13:02:04.612494059+00:00,2024-10-21 13:02:04.612494059+00:00,10,2,38,A,A,2,233.78,200,130,166479,15410202,AAPL,0,1533,133.23324229674952
2024-10-21 13:02:05.526065625+00:00,2024-10-21 13:02:05.526065625+00:00,10,2,38,C,B,2,233.58,200,130,166705,15411702,AAPL,0,-200,-65.15664287531204
2024-10-21 13:02:05.526078693+00:00,2024-10-21 13:02:05.526078693+00:00,10,2,38,A,B,2,233.61,200,130,166266,15411703,AAPL,0,1084,124.25254693943889
2024-10-21 13:02:05.613608760+00:00,2024-10-21 13:02:05.613608760+00:00,10,2,38,T,A,0,233.7,120,0,168761,15411774,AAPL,0,0,-43.71990826869805
2024-10-21 13:02:05.613608760+00:00,2024-10-21 13:02:05.613608760+00:00,10,2,38,T,A,0,233.7,7,130,168761,15411775,AAPL,-120,-120,-45.6695596245654
2024-10-21 13:02:05.613608760+00:00,2024-10-21 13:02:05.613608760+00:00,10,2,38,C,B,0,233.7,7,130,168761,15411775,AAPL,-7,-1092,-211.87432154128552
2024-10-21 13:02:05.613676908+00:00,2024-10-21 13:02:05.613676908+00:00,10,2,38,C,B,1,233.61,200,130,166044,15411777,AAPL,0,-1129,-161.34174657348018
2024-10-21 13:02:05.613767492+00:00,2024-10-21 13:02:05.613767492+00:00,10,2,38,A,A,3,233.79,86,130,166939,15411780,AAPL,0,1314,83.04555716144712
2024-10-21 13:02:05.614743449+00:00,2024-10-21 13:02:05.614743449+00:00,10,2,38,A,A,0,233.7,2,130,166008,15411782,AAPL,2,1497,113.88581362370832
2024-10-21 13:02:05.614959701+00:00,2024-10-21 13:02:05.614959701+00:00,10,2,38,A,A,2,233.72,4,130,166311,15411783,AAPL,0,4,-43.291173576565775
2024-10-21 13:02:05.615589936+00:00,2024-10-21 13:02:05.615589936+00:00,10,2,38,T,A,0,233.66,1,130,171440,15411786,AAPL,0,0,-43.71990826869805
2024-10-21 13:02:05.615589936+00:00,2024-10-21 13:02:05.615589936+00:00,10,2,38,C,B,0,233.66,1,130,171440,15411786,AAPL,-1,-1040,-143.09122508557553
2024-10-21 13:02:05.615614835+00:00,2024-10-21 13:02:05.615614835+00:00,10,2,38,A,A,0,233.68,1,130,166775,15411789,AAPL,1,1402,123.85519805609952
2024-10-21 13:02:05.615952955+00:00,2024-10-21 13:02:05.615952955+00:00,10,2,38,A,A,1,233.69,82,130,166840,15411804,AAPL,0,1482,127.89582072238748
2024-10-21 13:02:05.615975118+00:00,2024-10-21 13:02:05.615975118+00:00,10,2,38,A,A,0,233.68,4,130,166423,15411805,AAPL,4,4,-43.65491989016914
2024-10-21 13:02:05.617862987+00:00,2024-10-21 13:02:05.617862987+00:00,10,2,38,C,A,6,233.79,86,130,166079,15411807,AAPL,0,713,6.056441460199326
2024-10-21 13:02:05.619066257+00:00,2024-10-21 13:02:05.619066257+00:00,10,2,38,C,A,4,233.72,4,130,166016,15411808,AAPL,0,-4,-44.28192940910717
2024-10-21 13:02:05.673847211+00:00,2024-10-21 13:02:05.673847211+00:00,10,2,38,C,A,3,233.71,100,130,166006,15411878,AAPL,0,-100,-64.48683955307972
2024-10-21 13:02:05.675014223+00:00,2024-10-21 13:02:05.675014223+00:00,10,2,38,C,A,3,233.71,100,130,166145,15411881,AAPL,0,-100,-64.48683955307972
2024-10-21 13:02:05.675016935+00:00,2024-10-21 13:02:05.675016935+00:00,10,2,38,C,A,4,233.72,200,130,166213,15411882,AAPL,0,1028,67.75625510664308
2024-10-21 13:02:05.715696027+00:00,2024-10-21 13:02:05.715696027+00:00,10,2,38,C,A,0,233.68,1,130,166040,15411899,AAPL,-1,-1,-43.736155363330276
2024-10-21 13:02:05.725381659+00:00,2024-10-21 13:02:05.725381659+00:00,10,2,38,A,B,4,233.48,400,130,166370,15412202,AAPL,0,689,36.23392279360965
2024-10-21 13:02:05.875153265+00:00,2024-10-21 13:02:05.875153265+00:00,10,2,38,A,A,1,233.69,200,130,166336,15412607,AAPL,0,200,-30.074227863711645
2024-10-21 13:02:05.882759100+00:00,2024-10-21 13:02:05.882759100+00:00,10,2,38,A,A,2,233.7,100,130,166182,15412636,AAPL,0,100,-33.00154096539105
2024-10-21 13:02:06.177206010+00:00,2024-10-21 13:02:06.177206010+00:00,10,2,38,C,A,1,233.69,100,130,166383,15413127,AAPL,0,-100,-50.54274847119126
2024-10-21 13:02:06.377828230+00:00,2024-10-21 13:02:06.377828230+00:00,10,2,38,C,A,1,233.69,100,130,166606,15413586,AAPL,0,-100,-50.54274847119126
2024-10-21 13:02:06.377834609+00:00,2024-10-21 13:02:06.377834609+00:00,10,2,38,A,A,0,233.68,100,130,166157,15413587,AAPL,100,100,-42.095198805475256
2024-10-21 13:02:06.642038480+00:00,2024-10-21 13:02:06.642038480+00:00,10,2,38,A,B,3,233.5,200,130,166302,15414893,AAPL,0,-489,-82.13987676224242
2024-10-21 13:02:07.056407619+00:00,2024-10-21 13:02:07.056407619+00:00,10,2,38,A,B,2,233.51,200,130,166249,15415628,AAPL,0,0,-63.81703623084739
2024-10-21 13:02:07.667678198+00:00,2024-10-21 13:02:07.667678198+00:00,10,2,38,A,B,1,233.54,200,130,166475,15416493,AAPL,0,734,34.82549883594294
2024-10-21 13:02:13.203808325+00:00,2024-10-21 13:02:13.203808325+00:00,10,2,38,A,A,4,233.78,200,130,166268,15423310,AAPL,0,200,-15.618851248241953
2024-10-21 13:02:13.262517762+00:00,2024-10-21 13:02:13.262517762+00:00,10,2,38,C,A,4,233.78,200,130,165946,15423382,AAPL,0,-200,-71.82096528915415
2024-10-21 13:02:13.262530556+00:00,2024-10-21 13:02:13.262530556+00:00,10,2,38,A,A,2,233.7,400,130,166501,15423383,AAPL,0,1328,90.6016130049486
2024-10-21 13:02:14.078140536+00:00,2024-10-21 13:02:14.078140536+00:00,10,2,38,A,A,0,233.68,1,130,166150,15424415,AAPL,1,1,-43.70366117406583
2024-10-21 13:02:16.458029734+00:00,2024-10-21 13:02:16.458029734+00:00,10,2,38,C,B,1,233.54,200,130,166099,15426638,AAPL,0,-734,-122.26531537333905
2024-10-21 13:02:16.458042005+00:00,2024-10-21 13:02:16.458042005+00:00,10,2,38,A,B,3,233.5,200,130,166677,15426639,AAPL,0,200,-2.186045699934712
2024-10-21 13:02:17.186032750+00:00,2024-10-21 13:02:17.186032750+00:00,10,2,38,A,A,0,233.65,4,130,166964,15427459,AAPL,4,1502,151.2760416920037
2024-10-21 13:02:17.186071606+00:00,2024-10-21 13:02:17.186071606+00:00,10,2,38,C,B,3,233.5,200,130,166003,15427460,AAPL,0,-200,-85.25377083746139
2024-10-21 13:02:17.186181809+00:00,2024-10-21 13:02:17.186181809+00:00,10,2,38,A,A,0,233.65,16,130,166835,15427464,AAPL,16,16,-43.459954754582405
2024-10-21 13:02:17.186194946+00:00,2024-10-21 13:02:17.186194946+00:00,10,2,38,C,A,4,233.71,81,130,166013,15427465,AAPL,0,809,31.00801486454921
2024-10-21 13:02:17.186538717+00:00,2024-10-21 13:02:17.186538717+00:00,10,2,38,A,A,0,233.63,12,130,166261,15427470,AAPL,12,1449,120.00344239036
2024-10-21 13:02:17.186674729+00:00,2024-10-21 13:02:17.186674729+00:00,10,2,38,A,A,0,233.63,48,130,167180,15427473,AAPL,48,48,-42.94004772635111
2024-10-21 13:02:17.186686642+00:00,2024-10-21 13:02:17.186686642+00:00,10,2,38,C,A,4,233.7,2,130,165870,15427474,AAPL,0,-2,-44.000918838902614
2024-10-21 13:02:17.186892213+00:00,2024-10-21 13:02:17.186892213+00:00,10,2,38,C,A,3,233.69,82,130,166040,15427477,AAPL,0,1310,106.90861297559769
2024-10-21 13:02:17.190125762+00:00,2024-10-21 13:02:17.190125762+00:00,10,2,38,A,A,0,233.6,82,130,166128,15427486,AAPL,82,1495,119.25464651300551
2024-10-21 13:02:17.190140340+00:00,2024-10-21 13:02:17.190140340+00:00,10,2,38,C,A,2,233.65,4,130,166047,15427487,AAPL,0,-4,-44.14864296083033
2024-10-21 13:02:17.190162546+00:00,2024-10-21 13:02:17.190162546+00:00,10,2,38,C,A,3,233.68,4,130,165949,15427488,AAPL,0,-4,-44.55058552007332
2024-10-21 13:02:17.190465707+00:00,2024-10-21 13:02:17.190465707+00:00,10,2,38,T,B,0,233.6,82,130,167556,15427490,AAPL,0,0,-43.71990826869805
2024-10-21 13:02:17.190465707+00:00,2024-10-21 13:02:17.190465707+00:00,10,2,38,C,A,0,233.6,82,130,167556,15427490,AAPL,82,1487,117.99523456949797
2024-10-21 13:02:17.190483254+00:00,2024-10-21 13:02:17.190483254+00:00,10,2,38,C,A,3,233.7,400,130,165992,15427491,AAPL,0,-400,-126.78763340622474
2024-10-21 13:02:17.190634749+00:00,2024-10-21 13:02:17.190634749+00:00,10,2,38,C,A,0,233.63,12,130,165993,15427492,AAPL,-12,-12,-43.91487340428478
2024-10-21 13:02:17.246026005+00:00,2024-10-21 13:02:17.246026005+00:00,10,2,38,C,A,3,233.7,100,130,166325,15427550,AAPL,0,1328,85.95292754126054
2024-10-21 13:02:17.246305868+00:00,2024-10-21 13:02:17.246305868+00:00,10,2,38,C,A,2,233.68,100,130,166127,15427551,AAPL,0,-100,-54.438275572005054
2024-10-21 13:02:17.291149576+00:00,2024-10-21 13:02:17.291149576+00:00,10,2,38,A,B,3,233.5,200,130,166691,15427580,AAPL,0,200,-2.186045699934712
2024-10-21 13:02:17.291164570+00:00,2024-10-21 13:02:17.291164570+00:00,10,2,38,A,A,3,233.7,200,130,166417,15427581,AAPL,0,1428,106.71985882564222
2024-10-21 13:02:17.326291877+00:00,2024-10-21 13:02:17.326291877+00:00,10,2,38,A,A,3,233.7,200,130,166777,15427607,AAPL,0,200,-2.186045699934712
2024-10-21 13:02:17.451147618+00:00,2024-10-21 13:02:17.451147618+00:00,10,2,38,A,A,0,233.63,200,130,166449,15427702,AAPL,200,200,-40.470489342252456
2024-10-21 13:02:17.451151260+00:00,2024-10-21 13:02:17.451151260+00:00,10,2,38,A,A,1,233.64,100,130,166462,15427703,AAPL,0,1245,84.57464909604283
2024-10-21 13:02:19.513201357+00:00,2024-10-21 13:02:19.513201357+00:00,10,2,38,A,B,1,233.53,200,130,166198,15429570,AAPL,0,0,-71.608090432475
2024-10-21 13:02:19.536601031+00:00,2024-10-21 13:02:19.536601031+00:00,10,2,38,T,B,0,233.63,1,130,167045,15429600,AAPL,0,0,-43.71990826869805
2024-10-21 13:02:19.536601031+00:00,2024-10-21 13:02:19.536601031+00:00,10,2,38,C,A,0,233.63,1,130,167045,15429600,AAPL,-1,-1,-43.736155363330276
2024-10-21 13:02:19.876892416+00:00,2024-10-21 13:02:19.876892416+00:00,10,2,38,C,B,1,233.53,200,130,165966,15429915,AAPL,0,-200,-57.36558867368446
2024-10-21 13:02:19.876904712+00:00,2024-10-21 13:02:19.876904712+00:00,10,2,38,A,B,3,233.5,200,130,166271,15429916,AAPL,0,200,-2.186045699934712
2024-10-21 13:02:20.932833275+00:00,2024-10-21 13:02:20.932833275+00:00,10,2,38,C,B,3,233.5,200,130,166061,15430993,AAPL,0,-200,-85.25377083746139
2024-10-21 13:02:20.933057922+00:00,2024-10-21 13:02:20.933057922+00:00,10,2,38,A,A,0,233.62,82,130,166443,15430994,AAPL,82,1474,101.03358462019807
2024-10-21 13:02:20.992255017+00:00,2024-10-21 13:02:20.992255017+00:00,10,2,38,C,A,1,233.63,100,130,166029,15431032,AAPL,0,-100,-50.54274847119126
2024-10-21 13:02:20.992403217+00:00,2024-10-21 13:02:20.992403217+00:00,10,2,38,C,A,2,233.64,100,130,166377,15431034,AAPL,0,1145,82.84890756019719
2024-10-21 13:02:21.000274259+00:00,2024-10-21 13:02:21.000274259+00:00,10,2,38,A,B,4,233.47,400,130,166028,15431041,AAPL,0,689,36.23392279360965
2024-10-21 13:02:21.192906010+00:00,2024-10-21 13:02:21.192906010+00:00,10,2,38,A,A,0,233.62,200,130,166952,15431320,AAPL,200,200,-40.470489342252456
2024-10-21 13:02:21.563478775+00:00,2024-10-21 13:02:21.563478775+00:00,10,2,38,C,A,4,233.7,200,130,165934,15432053,AAPL,0,-200,-71.82096528915415
2024-10-21 13:02:21.563491796+00:00,2024-10-21 13:02:21.563491796+00:00,10,2,38,A,A,2,233.65,200,130,166193,15432054,AAPL,0,1128,69.16487839833461
2024-10-21 13:02:22.575417566+00:00,2024-10-21 13:02:22.575417566+00:00,10,2,38,T,B,0,233.62,6,130,167252,15433064,AAPL,0,0,-43.71990826869805
2024-10-21 13:02:22.575417566+00:00,2024-10-21 13:02:22.575417566+00:00,10,2,38,C,A,0,233.62,6,130,167252,15433064,AAPL,-6,-6,-43.81739083649142
2024-10-21 13:02:22.644977353+00:00,2024-10-21 13:02:22.644977353+00:00,10,2,38,C,A,2,233.65,200,130,166165,15433106,AAPL,0,-200,-65.15664287531204
2024-10-21 13:02:22.644990352+00:00,2024-10-21 13:02:22.644990352+00:00,10,2,38,A,A,4,233.7,400,130,166729,15433107,AAPL,0,1128,75.8292008121767
2024-10-21 13:02:26.004586835+00:00,2024-10-21 13:02:26.004586835+00:00,10,2,38,C,B,4,233.47,400,130,166047,15436578,AAPL,0,-689,-123.67373933100575
2024-10-21 13:02:26.004599650+00:00,2024-10-21 13:02:26.004599650+00:00,10,2,38,A,B,4,233.45,400,130,166301,15436579,AAPL,0,400,12.482205772214147
2024-10-21 13:02:26.805812700+00:00,2024-10-21 13:02:26.805812700+00:00,10,2,38,A,A,3,233.66,4,130,166310,15437192,AAPL,0,1033,69.6385085027644
2024-10-21 13:02:26.805844770+00:00,2024-10-21 13:02:26.805844770+00:00,10,2,38,A,A,6,233.72,89,130,166299,15437193,AAPL,0,716,6.3445107682550805
2024-10-21 13:02:26.806107899+00:00,2024-10-21 13:02:26.806107899+00:00,10,2,38,A,A,0,233.61,4,130,166039,15437195,AAPL,4,1164,56.818973940362405
2024-10-21 13:02:26.806466236+00:00,2024-10-21 13:02:26.806466236+00:00,10,2,38,A,A,0,233.61,16,130,166075,15437197,AAPL,16,16,-43.459954754582405
2024-10-21 13:02:26.806545827+00:00,2024-10-21 13:02:26.806545827+00:00,10,2,38,T,A,0,233.58,500,0,169468,15437198,AAPL,0,0,-43.71990826869805
2024-10-21 13:02:26.806545827+00:00,2024-10-21 13:02:26.806545827+00:00,10,2,38,T,A,0,233.58,5,130,169468,15437199,AAPL,-500,-500,-51.84345558481204
2024-10-21 13:02:26.806545827+00:00,2024-10-21 13:02:26.806545827+00:00,10,2,38,C,B,0,233.58,5,130,169468,15437199,AAPL,-5,-1039,-172.76321829765345
2024-10-21 13:02:26.806571123+00:00,2024-10-21 13:02:26.806571123+00:00,10,2,38,A,A,0,233.6,6,130,166284,15437201,AAPL,106,1186,66.95912416633291
2024-10-21 13:02:26.806584268+00:00,2024-10-21 13:02:26.806584268+00:00,10,2,38,A,A,0,233.6,100,130,166221,15437202,AAPL,100,100,-42.095198805475256
2024-10-21 13:02:26.806596745+00:00,2024-10-21 13:02:26.806596745+00:00,10,2,38,A,A,0,233.6,100,130,165935,15437203,AAPL,100,100,-42.095198805475256
2024-10-21 13:02:26.806614516+00:00,2024-10-21 13:02:26.806614516+00:00,10,2,38,C,B,3,232.6,1000,130,165670,15437206,AAPL,0,-400,-126.78763340622474
2024-10-21 13:02:26.806616034+00:00,2024-10-21 13:02:26.806616034+00:00,10,2,38,C,A,0,233.6,100,130,165769,15437207,AAPL,-100,-100,-45.34461773192085
2024-10-21 13:02:26.806637489+00:00,2024-10-21 13:02:26.806637489+00:00,10,2,38,C,A,0,233.6,100,130,165957,15437208,AAPL,-100,-100,-45.34461773192085
2024-10-21 13:02:26.806690074+00:00,2024-10-21 13:02:26.806690074+00:00,10,2,38,C,A,0,233.6,100,130,165805,15437209,AAPL,-100,-100,-45.34461773192085
2024-10-21 13:02:26.806928491+00:00,2024-10-21 13:02:26.806928491+00:00,10,2,38,A,A,0,233.6,82,130,296736,15437210,AAPL,82,82,-42.38764650885536
2024-10-21 13:02:26.808727277+00:00,2024-10-21 13:02:26.808727277+00:00,10,2,38,C,A,8,233.72,89,130,165882,15437212,AAPL,0,216,-28.520999888335524
2024-10-21 13:02:26.809920136+00:00,2024-10-21 13:02:26.809920136+00:00,10,2,38,C,A,5,233.66,4,130,165904,15437215,AAPL,0,632,3.230749332953988
2024-10-21 13:02:26.844545346+00:00,2024-10-21 13:02:26.844545346+00:00,10,2,38,C,A,1,233.61,4,130,165842,15437247,AAPL,0,-4,-43.99282187679778
2024-10-21 13:02:26.865265424+00:00,2024-10-21 13:02:26.865265424+00:00,10,2,38,C,A,2,233.62,100,130,166230,15437259,AAPL,0,-100,-54.438275572005054
2024-10-21 13:02:26.866143539+00:00,2024-10-21 13:02:26.866143539+00:00,10,2,38,C,A,2,233.63,100,130,167367,15437261,AAPL,0,-200,-75.20520685638672
2024-10-21 13:02:26.906652410+00:00,2024-10-21 13:02:26.906652410+00:00,10,2,38,C,A,0,233.6,6,130,165893,15437315,AAPL,-6,-6,-43.81739083649142
2024-10-21 13:02:26.911316679+00:00,2024-10-21 13:02:26.911316679+00:00,10,2,38,A,B,3,233.47,200,130,166429,15437317,AAPL,0,589,35.434009071014685
2024-10-21 13:02:26.934279106+00:00,2024-10-21 13:02:26.934279106+00:00,10,2,38,A,A,5,233.67,200,130,166500,15437326,AAPL,0,201,-14.61175728591293
2024-10-21 13:02:27.066058714+00:00,2024-10-21 13:02:27.066058714+00:00,10,2,38,A,A,1,233.61,100,130,166153,15437421,AAPL,0,100,-36.897068066204845
2024-10-21 13:02:27.066172137+00:00,2024-10-21 13:02:27.066172137+00:00,10,2,38,A,A,0,233.6,200,130,166219,15437422,AAPL,200,200,-40.470489342252456
2024-10-21 13:02:27.798414858+00:00,2024-10-21 13:02:27.798414858+00:00,10,2,38,A,A,3,233.63,1,130,166213,15437983,AAPL,0,1,-43.51223895585424
2024-10-21 13:02:29.795444570+00:00,2024-10-21 13:02:29.795444570+00:00,10,2,38,C,A,0,233.6,100,130,166374,15439827,AAPL,-100,-100,-45.34461773192085
2024-10-21 13:02:29.923107931+00:00,2024-10-21 13:02:29.923107931+00:00,10,2,38,A,A,5,233.66,200,130,167218,15440238,AAPL,0,200,-14.707780388598184
2024-10-21 13:02:38.731508348+00:00,2024-10-21 13:02:38.731508348+00:00,10,2,38,T,N,0,233.55,50,0,172449,15450097,AAPL,0,0,-43.71990826869805
2024-10-21 13:02:38.731508348+00:00,2024-10-21 13:02:38.731508348+00:00,10,2,38,T,N,0,233.54,50,0,172449,15450098,AAPL,0,0,-43.71990826869805
2024-10-21 13:02:38.731508348+00:00,2024-10-21 13:02:38.731508348+00:00,10,2,38,T,A,0,233.53,10,0,172449,15450099,AAPL,0,0,-43.71990826869805
2024-10-21 13:02:38.731508348+00:00,2024-10-21 13:02:38.731508348+00:00,10,2,38,T,A,0,233.53,4,130,172449,15450100,AAPL,-10,-10,-43.882379215020336
2024-10-21 13:02:38.731508348+00:00,2024-10-21 13:02:38.731508348+00:00,10,2,38,C,B,0,233.53,4,130,172449,15450100,AAPL,-4,-4,-43.784896647226965
2024-10-21 13:02:38.731600377+00:00,2024-10-21 13:02:38.731600377+00:00,10,2,38,A,A,7,233.71,87,130,166175,15450101,AAPL,0,314,-20.4188798474014
2024-10-21 13:02:38.731649841+00:00,2024-10-21 13:02:38.731649841+00:00,10,2,38,C,B,3,233.47,200,130,166382,15450104,AAPL,0,-589,-122.8738256084108
2024-10-21 13:02:38.731920607+00:00,2024-10-21 13:02:38.731920607+00:00,10,2,38,A,A,0,233.59,100,130,166003,15450107,AAPL,100,953,41.90684661933444
2024-10-21 13:02:38.731943932+00:00,2024-10-21 13:02:38.731943932+00:00,10,2,38,A,A,0,233.59,100,130,166589,15450108,AAPL,100,100,-42.095198805475256
2024-10-21 13:02:38.732079511+00:00,2024-10-21 13:02:38.732079511+00:00,10,2,38,A,A,0,233.58,6,130,166396,15450110,AAPL,6,932,52.6766268196687
2024-10-21 13:02:38.732093418+00:00,2024-10-21 13:02:38.732093418+00:00,10,2,38,C,A,6,233.65,16,130,166139,15450111,AAPL,0,304,-22.30491729400984
2024-10-21 13:02:38.732244823+00:00,2024-10-21 13:02:38.732244823+00:00,10,2,38,T,A,0,233.53,16,130,167927,15450114,AAPL,0,0,-43.71990826869805
2024-10-21 13:02:38.732244823+00:00,2024-10-21 13:02:38.732244823+00:00,10,2,38,C,B,0,233.53,16,130,167927,15450114,AAPL,-16,-675,-106.74422150184024
2024-10-21 13:02:38.732252265+00:00,2024-10-21 13:02:38.732252265+00:00,10,2,38,A,A,0,233.56,148,130,166195,15450115,AAPL,148,1064,70.13753362012874
2024-10-21 13:02:38.732265738+00:00,2024-10-21 13:02:38.732265738+00:00,10,2,38,A,A,1,233.57,100,130,166654,15450116,AAPL,0,929,75.94325660908547
2024-10-21 13:02:38.732267454+00:00,2024-10-21 13:02:38.732267454+00:00,10,2,38,A,A,0,233.56,6,130,166567,15450117,AAPL,6,6,-43.622425700904685
2024-10-21 13:02:38.732278341+00:00,2024-10-21 13:02:38.732278341+00:00,10,2,38,A,A,1,233.57,34,130,166298,15450118,AAPL,0,34,-41.40014259985036
2024-10-21 13:02:38.732312347+00:00,2024-10-21 13:02:38.732312347+00:00,10,2,38,C,A,1,233.57,100,130,166113,15450119,AAPL,0,-100,-50.54274847119126
2024-10-21 13:02:38.732326763+00:00,2024-10-21 13:02:38.732326763+00:00,10,2,38,C,A,3,233.59,100,130,165940,15450120,AAPL,0,-100,-64.48683955307972
2024-10-21 13:02:38.732374886+00:00,2024-10-21 13:02:38.732374886+00:00,10,2,38,C,A,3,233.59,100,130,166300,15450121,AAPL,0,723,47.71038308401217
2024-10-21 13:02:38.732553558+00:00,2024-10-21 13:02:38.732553558+00:00,10,2,38,A,A,1,233.57,100,130,166128,15450124,AAPL,0,100,-36.897068066204845
2024-10-21 13:02:38.732591521+00:00,2024-10-21 13:02:38.732591521+00:00,10,2,38,A,A,0,233.56,100,130,166297,15450125,AAPL,100,100,-42.095198805475256
2024-10-21 13:02:38.732609438+00:00,2024-10-21 13:02:38.732609438+00:00,10,2,38,A,A,0,233.56,82,130,166098,15450126,AAPL,82,82,-42.38764650885536
2024-10-21 13:02:38.732621749+00:00,2024-10-21 13:02:38.732621749+00:00,10,2,38,C,A,6,233.63,47,130,165962,15450127,AAPL,0,-47,-48.23299409490496
2024-10-21 13:02:38.732712645+00:00,2024-10-21 13:02:38.732712645+00:00,10,2,38,C,A,5,233.62,76,130,166227,15450128,AAPL,0,365,-12.720655239850688
2024-10-21 13:02:38.732737568+00:00,2024-10-21 13:02:38.732737568+00:00,10,2,38,C,A,1,233.57,100,130,166049,15450129,AAPL,0,-100,-50.54274847119126
2024-10-21 13:02:38.732854326+00:00,2024-10-21 13:02:38.732854326+00:00,10,2,38,C,A,0,233.56,100,130,166268,15450130,AAPL,-100,-100,-45.34461773192085
2024-10-21 13:02:38.733588429+00:00,2024-10-21 13:02:38.733588429+00:00,10,2,38,A,A,0,233.52,100,130,166272,15450133,AAPL,100,963,41.27060532607837
2024-10-21 13:02:38.733599937+00:00,2024-10-21 13:02:38.733599937+00:00,10,2,38,C,A,1,233.56,148,130,165972,15450134,AAPL,0,-148,-53.817711768387994
2024-10-21 13:02:38.733612793+00:00,2024-10-21 13:02:38.733612793+00:00,10,2,38,T,B,0,233.52,100,130,166952,15450135,AAPL,0,0,-43.71990826869805
2024-10-21 13:02:38.733612793+00:00,2024-10-21 13:02:38.733612793+00:00,10,2,38,C,A,0,233.52,100,130,166952,15450135,AAPL,100,815,31.17280182638843
2024-10-21 13:02:38.733619694+00:00,2024-10-21 13:02:38.733619694+00:00,10,2,38,C,A,4,233.61,16,130,165940,15450136,AAPL,0,-16,-45.96799283033454
2024-10-21 13:02:38.733622488+00:00,2024-10-21 13:02:38.733622488+00:00,10,2,38,A,A,0,233.52,100,130,167136,15450137,AAPL,100,799,28.851831595980446
2024-10-21 13:02:38.733624693+00:00,2024-10-21 13:02:38.733624693+00:00,10,2,38,C,A,7,233.66,200,130,166176,15450138,AAPL,0,288,-23.841286936973894
2024-10-21 13:02:38.733633515+00:00,2024-10-21 13:02:38.733633515+00:00,10,2,38,C,A,1,233.56,6,130,165840,15450139,AAPL,0,-6,-44.12927868084764
2024-10-21 13:02:38.733657813+00:00,2024-10-21 13:02:38.733657813+00:00,10,2,38,C,A,4,233.6,82,130,165822,15450140,AAPL,0,-82,-55.24134164708506
2024-10-21 13:02:38.735695353+00:00,2024-10-21 13:02:38.735695353+00:00,10,2,38,C,A,8,233.71,87,130,166745,15450141,AAPL,0,214,-28.694847640300463
2024-10-21 13:02:38.773470233+00:00,2024-10-21 13:02:38.773470233+00:00,10,2,38,T,A,0,233.51,115,130,167623,15450181,AAPL,0,0,-43.71990826869805
2024-10-21 13:02:38.773470233+00:00,2024-10-21 13:02:38.773470233+00:00,10,2,38,C,B,0,233.51,115,130,167623,15450181,AAPL,-115,-660,-107.32950468859912
2024-10-21 13:02:38.773551432+00:00,2024-10-21 13:02:38.773551432+00:00,10,2,38,A,A,4,233.59,87,130,166355,15450183,AAPL,0,416,0.23543036522110508
2024-10-21 13:02:38.773770468+00:00,2024-10-21 13:02:38.773770468+00:00,10,2,38,A,A,1,233.56,100,130,166111,15450184,AAPL,0,100,-36.897068066204845
2024-10-21 13:02:38.774077016+00:00,2024-10-21 13:02:38.774077016+00:00,10,2,38,C,A,1,233.56,100,130,165987,15450187,AAPL,0,-100,-50.54274847119126
2024-10-21 13:02:38.777643183+00:00,2024-10-21 13:02:38.777643183+00:00,10,2,38,C,A,4,233.59,87,130,166175,15450192,AAPL,0,416,0.23543036522110508
2024-10-21 13:02:38.791493467+00:00,2024-10-21 13:02:38.791493467+00:00,10,2,38,C,A,5,233.61,100,130,166004,15450201,AAPL,0,329,-12.128962973119439
2024-10-21 13:02:38.792274452+00:00,2024-10-21 13:02:38.792274452+00:00,10,2,38,C,A,4,233.6,100,130,166466,15450202,AAPL,0,729,12.090066881581329
2024-10-21 13:02:38.833763026+00:00,2024-10-21 13:02:38.833763026+00:00,10,2,38,C,A,2,233.57,34,130,165967,15450286,AAPL,0,670,15.818896890777157
2024-10-21 13:02:38.834574584+00:00,2024-10-21 13:02:38.834574584+00:00,10,2,38,A,A,4,233.66,200,130,167088,15450296,AAPL,0,829,38.889187865943704
2024-10-21 13:02:38.850282237+00:00,2024-10-21 13:02:38.850282237+00:00,10,2,38,A,A,4,233.65,200,130,166416,15450306,AAPL,0,200,-15.618851248241953
2024-10-21 13:02:38.882132027+00:00,2024-10-21 13:02:38.882132027+00:00,10,2,38,A,B,5,233.32,200,130,166292,15450329,AAPL,0,466,8.03406812658613
2024-10-21 13:02:38.892136187+00:00,2024-10-21 13:02:38.892136187+00:00,10,2,38,A,B,4,233.37,200,130,166317,15450353,AAPL,0,245,-9.091122475219484
2024-10-21 13:02:38.993894779+00:00,2024-10-21 13:02:38.993894779+00:00,10,2,38,A,A,0,233.52,100,130,166505,15450421,AAPL,100,100,-42.095198805475256
2024-10-21 13:02:38.993898183+00:00,2024-10-21 13:02:38.993898183+00:00,10,2,38,A,A,1,233.53,100,130,166239,15450422,AAPL,0,1017,43.90502816542277
2024-10-21 13:02:39.030301612+00:00,2024-10-21 13:02:39.030301612+00:00,10,2,38,A,A,5,233.64,200,130,166912,15450481,AAPL,0,200,-14.707780388598184
2024-10-21 13:02:39.065030299+00:00,2024-10-21 13:02:39.065030299+00:00,10,2,38,A,A,5,233.64,200,130,166661,15450530,AAPL,0,200,-14.707780388598184
2024-10-21 13:02:39.119325935+00:00,2024-10-21 13:02:39.119325935+00:00,10,2,38,A,B,4,233.38,200,130,166386,15450589,AAPL,0,200,-15.618851248241953
2024-10-21 13:02:39.119338697+00:00,2024-10-21 13:02:39.119338697+00:00,10,2,38,C,A,5,233.64,200,130,165952,15450590,AAPL,0,-200,-72.73203614879793
2024-10-21 13:02:39.119349845+00:00,2024-10-21 13:02:39.119349845+00:00,10,2,38,A,A,4,233.59,400,130,166210,15450591,AAPL,0,401,12.627266411614645
2024-10-21 13:02:39.238884226+00:00,2024-10-21 13:02:39.238884226+00:00,10,2,38,C,A,3,233.58,6,130,165881,15450683,AAPL,0,1035,55.48766828932838
2024-10-21 13:02:39.309689370+00:00,2024-10-21 13:02:39.309689370+00:00,10,2,38,A,B,4,233.38,200,130,166391,15450772,AAPL,0,200,-15.618851248241953
2024-10-21 13:02:39.364436653+00:00,2024-10-21 13:02:39.364436653+00:00,10,2,38,C,B,4,233.38,200,130,166199,15450814,AAPL,0,-200,-71.82096528915415
2024-10-21 13:02:39.364449708+00:00,2024-10-21 13:02:39.364449708+00:00,10,2,38,A,B,2,233.41,400,130,166406,15450815,AAPL,0,519,23.19456889552878
2024-10-21 13:02:41.411027687+00:00,2024-10-21 13:02:41.411027687+00:00,10,2,38,C,A,2,233.56,82,130,165927,15452381,AAPL,0,1112,102.78542245682831
2024-10-21 13:02:41.411037542+00:00,2024-10-21 13:02:41.411037542+00:00,10,2,38,T,B,0,233.52,100,0,168570,15452382,AAPL,0,0,-43.71990826869805
2024-10-21 13:02:41.411037542+00:00,2024-10-21 13:02:41.411037542+00:00,10,2,38,T,B,0,233.52,100,130,168570,15452383,AAPL,-100,-100,-45.34461773192085
2024-10-21 13:02:41.411037542+00:00,2024-10-21 13:02:41.411037542+00:00,10,2,38,C,A,0,233.52,100,130,168570,15452383,AAPL,100,1330,71.29628024815459
2024-10-21 13:02:41.411049221+00:00,2024-10-21 13:02:41.411049221+00:00,10,2,38,A,A,0,233.52,28,130,166988,15452384,AAPL,28,1258,70.1264894346342
2024-10-21 13:02:41.411096752+00:00,2024-10-21 13:02:41.411096752+00:00,10,2,38,C,A,2,233.59,400,130,166556,15452385,AAPL,0,1130,62.8487305824386
2024-10-21 13:02:41.411130976+00:00,2024-10-21 13:02:41.411130976+00:00,10,2,38,T,B,0,233.52,2,130,168881,15452389,AAPL,0,0,-43.71990826869805
2024-10-21 13:02:41.411130976+00:00,2024-10-21 13:02:41.411130976+00:00,10,2,38,C,A,0,233.52,2,130,168881,15452389,AAPL,-2,-2,-43.75240245796251
2024-10-21 13:02:41.411157988+00:00,2024-10-21 13:02:41.411157988+00:00,10,2,38,C,A,0,233.52,26,130,167146,15452390,AAPL,26,1356,72.74611390568688
2024-10-21 13:02:41.457798577+00:00,2024-10-21 13:02:41.457798577+00:00,10,2,38,A,A,1,233.59,200,130,166083,15452416,AAPL,0,1430,79.14652964774217
2024-10-21 13:02:41.470363167+00:00,2024-10-21 13:02:41.470363167+00:00,10,2,38,C,A,0,233.53,100,130,165798,15452441,AAPL,100,1530,80.77123911096496
2024-10-21 13:02:41.470410254+00:00,2024-10-21 13:02:41.470410254+00:00,10,2,38,C,A,0,233.59,200,130,165702,15452442,AAPL,200,1535,115.22133869163909
2024-10-21 13:02:41.470423231+00:00,2024-10-21 13:02:41.470423231+00:00,10,2,38,A,A,0,233.62,400,130,165925,15452443,AAPL,400,1735,118.47075761808466
2024-10-21 13:02:41.730788179+00:00,2024-10-21 13:02:41.730788179+00:00,10,2,38,A,A,1,233.63,100,130,166479,15452622,AAPL,0,100,-36.897068066204845
2024-10-21 13:02:41.730793259+00:00,2024-10-21 13:02:41.730793259+00:00,10,2,38,A,A,0,233.62,100,130,166190,15452623,AAPL,100,100,-42.095198805475256
2024-10-21 13:02:41.854813935+00:00,2024-10-21 13:02:41.854813935+00:00,10,2,38,C,A,0,233.62,400,130,166247,15452775,AAPL,-400,-400,-50.218746121589234
2024-10-21 13:02:41.854827150+00:00,2024-10-21 13:02:41.854827150+00:00,10,2,38,A,A,2,233.64,400,130,166294,15452776,AAPL,0,1629,108.26713478295069
2024-10-21 13:02:41.914311910+00:00,2024-10-21 13:02:41.914311910+00:00,10,2,38,C,A,1,233.63,100,130,166456,15452835,AAPL,0,-100,-50.54274847119126
2024-10-21 13:02:41.914315184+00:00,2024-10-21 13:02:41.914315184+00:00,10,2,38,C,A,0,233.62,100,130,165935,15452836,AAPL,100,1730,109.96007264819843
2024-10-21 13:02:41.925260783+00:00,2024-10-21 13:02:41.925260783+00:00,10,2,38,C,A,1,233.64,400,130,166041,15452851,AAPL,0,1734,139.19505217314136
2024-10-21 13:02:41.925274240+00:00,2024-10-21 13:02:41.925274240+00:00,10,2,38,A,A,1,233.67,400,130,166377,15452852,AAPL,0,1734,139.19505217314136
2024-10-21 13:02:42.184807957+00:00,2024-10-21 13:02:42.184807957+00:00,10,2,38,A,A,1,233.67,100,130,166464,15453146,AAPL,0,100,-36.897068066204845
2024-10-21 13:02:42.184809660+00:00,2024-10-21 13:02:42.184809660+00:00,10,2,38,A,A,2,233.68,100,130,166474,15453147,AAPL,0,100,-33.00154096539105
2024-10-21 13:02:42.838988143+00:00,2024-10-21 13:02:42.838988143+00:00,10,2,38,C,A,1,233.67,100,130,166024,15453878,AAPL,0,-100,-50.54274847119126
2024-10-21 13:02:42.838994562+00:00,2024-10-21 13:02:42.838994562+00:00,10,2,38,A,A,1,233.66,100,130,166373,15453879,AAPL,0,1829,135.85690626982557
2024-10-21 13:02:42.893706138+00:00,2024-10-21 13:02:42.893706138+00:00,10,2,38,A,A,1,233.65,400,130,166661,15453911,AAPL,0,500,-5.710180155418238
2024-10-21 13:02:42.953240291+00:00,2024-10-21 13:02:42.953240291+00:00,10,2,38,C,A,3,233.68,100,130,166121,15453947,AAPL,0,-100,-64.48683955307972
2024-10-21 13:02:43.153825930+00:00,2024-10-21 13:02:43.153825930+00:00,10,2,38,A,A,1,233.65,100,130,166281,15454304,AAPL,0,100,-36.897068066204845
2024-10-21 13:02:43.993948059+00:00,2024-10-21 13:02:43.993948059+00:00,10,2,38,C,A,1,233.65,100,130,166049,15455087,AAPL,0,-100,-50.54274847119126
2024-10-21 13:02:43.993951138+00:00,2024-10-21 13:02:43.993951138+00:00,10,2,38,A,A,1,233.64,100,130,166194,15455088,AAPL,0,1329,90.23083275646967
2024-10-21 13:02:44.048983873+00:00,2024-10-21 13:02:44.048983873+00:00,10,2,38,A,A,1,233.64,400,130,166622,15455124,AAPL,0,1629,110.69935336394927
2024-10-21 13:02:44.108506435+00:00,2024-10-21 13:02:44.108506435+00:00,10,2,38,C,A,2,233.66,100,130,166100,15455148,AAPL,0,1329,76.11203287302969
2024-10-21 13:02:44.308787770+00:00,2024-10-21 13:02:44.308787770+00:00,10,2,38,A,A,2,233.65,100,130,166573,15455247,AAPL,0,1329,76.11203287302969
2024-10-21 13:02:45.295289876+00:00,2024-10-21 13:02:45.295289876+00:00,10,2,38,C,A,1,233.64,100,130,165982,15456681,AAPL,0,-100,-50.54274847119126
2024-10-21 13:02:45.295296308+00:00,2024-10-21 13:02:45.295296308+00:00,10,2,38,A,A,0,233.63,100,130,166302,15456682,AAPL,100,100,-42.095198805475256
2024-10-21 13:02:45.785897261+00:00,2024-10-21 13:02:45.785897261+00:00,10,2,38,A,B,0,233.51,1,130,167112,15457231,AAPL,1,945,88.8793457516452
2024-10-21 13:02:54.065366756+00:00,2024-10-21 13:02:54.065366756+00:00,10,2,38,A,A,0,233.63,400,130,167313,15467051,AAPL,400,2129,109.90223153589369
2024-10-21 13:02:54.125064769+00:00,2024-10-21 13:02:54.125064769+00:00,10,2,38,C,A,1,233.65,100,130,166007,15467201,AAPL,0,1434,118.72653156566179
2024-10-21 13:02:54.324971177+00:00,2024-10-21 13:02:54.324971177+00:00,10,2,38,A,A,0,233.62,100,130,166403,15467479,AAPL,100,1935,147.7108302408823
2024-10-21 13:02:54.324983380+00:00,2024-10-21 13:02:54.324983380+00:00,10,2,38,C,A,1,233.63,100,130,166367,15467480,AAPL,0,-100,-50.54274847119126
2024-10-21 13:02:54.584880408+00:00,2024-10-21 13:02:54.584880408+00:00,10,2,38,A,A,2,233.64,100,130,166507,15467935,AAPL,0,1329,76.11203287302969
2024-10-21 13:02:57.486428159+00:00,2024-10-21 13:02:57.486428159+00:00,10,2,38,A,A,0,233.57,2,130,166166,15470893,AAPL,2,1332,90.37051061876717
2024-10-21 13:03:00.362452201+00:00,2024-10-21 13:03:00.362452201+00:00,10,2,38,C,B,3,233.41,400,130,166007,15476067,AAPL,0,-829,-167.87231989641984
2024-10-21 13:03:00.362466018+00:00,2024-10-21 13:03:00.362466018+00:00,10,2,38,A,B,3,233.4,200,130,166371,15476068,AAPL,0,200,-2.186045699934712
2024-10-21 13:03:00.793886150+00:00,2024-10-21 13:03:00.793886150+00:00,10,2,38,A,B,3,233.4,200,130,166236,15477163,AAPL,0,200,-2.186045699934712
2024-10-21 13:03:04.859893835+00:00,2024-10-21 13:03:04.859893835+00:00,10,2,38,C,B,3,233.4,200,130,166132,15482508,AAPL,0,-200,-85.25377083746139
2024-10-21 13:03:04.859912246+00:00,2024-10-21 13:03:04.859912246+00:00,10,2,38,A,B,3,233.44,200,130,166388,15482512,AAPL,0,629,38.898640790260394
2024-10-21 13:03:05.981522150+00:00,2024-10-21 13:03:05.981522150+00:00,10,2,38,A,A,1,233.62,400,130,166336,15484179,AAPL,0,0,-59.30201667195323
2024-10-21 13:03:06.041021112+00:00,2024-10-21 13:03:06.041021112+00:00,10,2,38,C,A,3,233.64,100,130,166157,15484259,AAPL,0,829,40.53452334074844
2024-10-21 13:03:06.241417113+00:00,2024-10-21 13:03:06.241417113+00:00,10,2,38,A,A,1,233.61,100,130,166197,15484486,AAPL,0,1330,80.38993808823881
2024-10-21 13:03:06.241421839+00:00,2024-10-21 13:03:06.241421839+00:00,10,2,38,C,A,2,233.62,100,130,166532,15484487,AAPL,0,-100,-54.438275572005054
2024-10-21 13:03:06.501857672+00:00,2024-10-21 13:03:06.501857672+00:00,10,2,38,A,A,3,233.63,100,130,166003,15484858,AAPL,0,100,-22.952976984316383
2024-10-21 13:03:07.939878188+00:00,2024-10-21 13:03:07.939878188+00:00,10,2,38,C,A,4,233.68,1,130,166193,15486767,AAPL,0,729,19.76759205636678
2024-10-21 13:03:07.940732514+00:00,2024-10-21 13:03:07.940732514+00:00,10,2,38,A,A,0,233.56,1,130,166708,15486768,AAPL,1,1332,127.75691690611058
2024-10-21 13:03:07.941102172+00:00,2024-10-21 13:03:07.941102172+00:00,10,2,38,A,A,0,233.56,4,130,166215,15486769,AAPL,4,4,-43.65491989016914
2024-10-21 13:03:08.001204760+00:00,2024-10-21 13:03:08.001204760+00:00,10,2,38,C,A,2,233.61,100,130,166054,15486800,AAPL,0,1329,127.60421300742851
2024-10-21 13:03:08.001215687+00:00,2024-10-21 13:03:08.001215687+00:00,10,2,38,C,A,3,233.63,100,130,165814,15486801,AAPL,0,-100,-64.48683955307972
2024-10-21 13:03:08.076045762+00:00,2024-10-21 13:03:08.076045762+00:00,10,2,38,C,A,2,233.62,400,130,165996,15486846,AAPL,0,1629,108.26713478295069
2024-10-21 13:03:08.076059309+00:00,2024-10-21 13:03:08.076059309+00:00,10,2,38,A,A,2,233.63,200,130,166493,15486847,AAPL,0,200,-22.28317366208405
2024-10-21 13:03:08.078451618+00:00,2024-10-21 13:03:08.078451618+00:00,10,2,38,C,A,2,233.63,200,130,165878,15486855,AAPL,0,-200,-65.15664287531204
2024-10-21 13:03:08.078463238+00:00,2024-10-21 13:03:08.078463238+00:00,10,2,38,A,A,3,233.67,200,130,166583,15486856,AAPL,0,1428,106.71985882564222
2024-10-21 13:03:08.201611100+00:00,2024-10-21 13:03:08.201611100+00:00,10,2,38,A,A,2,233.58,100,130,166203,15486985,AAPL,0,1029,58.65418040787142
2024-10-21 13:03:08.201621143+00:00,2024-10-21 13:03:08.201621143+00:00,10,2,38,A,A,3,233.6,100,130,166356,15486986,AAPL,0,929,60.562634655670934
2024-10-21 13:03:08.261719560+00:00,2024-10-21 13:03:08.261719560+00:00,10,2,38,C,A,3,233.6,100,130,166212,15487067,AAPL,0,929,60.562634655670934
2024-10-21 13:03:08.462566235+00:00,2024-10-21 13:03:08.462566235+00:00,10,2,38,C,A,1,233.58,100,130,166758,15487196,AAPL,0,1129,65.47702061036463
2024-10-21 13:03:08.506351384+00:00,2024-10-21 13:03:08.506351384+00:00,10,2,38,C,A,1,233.57,100,130,166541,15487209,AAPL,0,-100,-50.54274847119126
2024-10-21 13:03:08.722906904+00:00,2024-10-21 13:03:08.722906904+00:00,10,2,38,A,A,3,233.66,100,130,166371,15487411,AAPL,0,1028,68.49507507610228
2024-10-21 13:03:08.766043114+00:00,2024-10-21 13:03:08.766043114+00:00,10,2,38,A,A,3,233.64,100,130,166506,15487444,AAPL,0,1028,74.47265788079667
2024-10-21 13:03:10.001483055+00:00,2024-10-21 13:03:10.001483055+00:00,10,2,38,A,A,2,233.61,14,130,167038,15488500,AAPL,0,1042,47.26790835190298
2024-10-21 13:03:10.005577236+00:00,2024-10-21 13:03:10.005577236+00:00,10,2,38,C,A,2,233.61,14,130,165971,15488504,AAPL,0,1042,47.26790835190298
2024-10-21 13:03:10.060817080+00:00,2024-10-21 13:03:10.060817080+00:00,10,2,38,C,A,3,233.64,100,130,166297,15488528,AAPL,0,1028,74.47265788079667
2024-10-21 13:03:10.060828163+00:00,2024-10-21 13:03:10.060828163+00:00,10,2,38,C,A,3,233.66,100,130,165906,15488529,AAPL,0,1028,68.49507507610228
2024-10-21 13:03:10.320895435+00:00,2024-10-21 13:03:10.320895435+00:00,10,2,38,A,A,3,233.64,100,130,166904,15488716,AAPL,0,1028,68.49507507610228
2024-10-21 13:03:10.320899236+00:00,2024-10-21 13:03:10.320899236+00:00,10,2,38,A,A,4,233.66,100,130,166159,15488717,AAPL,0,928,53.70572659641501
2024-10-21 13:03:10.584070039+00:00,2024-10-21 13:03:10.584070039+00:00,10,2,38,C,A,3,233.64,100,130,166023,15488963,AAPL,0,1028,74.47265788079667
2024-10-21 13:03:10.584073624+00:00,2024-10-21 13:03:10.584073624+00:00,10,2,38,C,A,3,233.66,100,130,165727,15488964,AAPL,0,1028,68.49507507610228
2024-10-21 13:03:10.784152799+00:00,2024-10-21 13:03:10.784152799+00:00,10,2,38,A,A,2,233.62,100,130,166136,15489209,AAPL,0,1029,58.65418040787142
2024-10-21 13:03:10.784155033+00:00,2024-10-21 13:03:10.784155033+00:00,10,2,38,A,A,3,233.63,100,130,166267,15489210,AAPL,0,100,-22.952976984316383
2024-10-21 13:03:10.896699549+00:00,2024-10-21 13:03:10.896699549+00:00,10,2,38,T,B,0,233.56,1,130,166903,15489316,AAPL,0,0,-43.71990826869805
2024-10-21 13:03:10.896699549+00:00,2024-10-21 13:03:10.896699549+00:00,10,2,38,C,A,0,233.56,1,130,166903,15489316,AAPL,-1,-1,-43.736155363330276
2024-10-21 13:03:12.236621705+00:00,2024-10-21 13:03:12.236621705+00:00,10,2,38,C,A,2,233.62,100,130,165956,15490431,AAPL,0,1129,79.4211116922531
2024-10-21 13:03:12.236624590+00:00,2024-10-21 13:03:12.236624590+00:00,10,2,38,C,A,2,233.63,100,130,165705,15490432,AAPL,0,-100,-54.438275572005054
2024-10-21 13:03:12.436828266+00:00,2024-10-21 13:03:12.436828266+00:00,10,2,38,A,A,2,233.58,100,130,166242,15490583,AAPL,0,1029,58.65418040787142
2024-10-21 13:03:12.436831902+00:00,2024-10-21 13:03:12.436831902+00:00,10,2,38,A,A,0,233.56,100,130,165914,15490584,AAPL,100,100,-42.095198805475256
2024-10-21 13:03:12.741835279+00:00,2024-10-21 13:03:12.741835279+00:00,10,2,38,T,B,0,233.56,4,0,172388,15491476,AAPL,0,0,-43.71990826869805
2024-10-21 13:03:12.741835279+00:00,2024-10-21 13:03:12.741835279+00:00,10,2,38,T,B,0,233.56,100,0,172388,15491477,AAPL,-4,-4,-43.784896647226965
2024-10-21 13:03:12.741835279+00:00,2024-10-21 13:03:12.741835279+00:00,10,2,38,T,B,0,233.57,2,0,172388,15491478,AAPL,100,1131,60.41534667514408
2024-10-21 13:03:12.741835279+00:00,2024-10-21 13:03:12.741835279+00:00,10,2,38,T,B,0,233.58,11,130,172388,15491479,AAPL,2,1531,113.68237689043293
2024-10-21 13:03:12.741835279+00:00,2024-10-21 13:03:12.741835279+00:00,10,2,38,C,A,0,233.58,11,130,172388,15491479,AAPL,-11,-11,-43.89862630965256
2024-10-21 13:03:12.741861917+00:00,2024-10-21 13:03:12.741861917+00:00,10,2,38,A,B,0,233.52,100,130,166514,15491480,AAPL,100,790,35.41996910738522
2024-10-21 13:03:12.741864310+00:00,2024-10-21 13:03:12.741864310+00:00,10,2,38,A,B,0,233.53,22,130,167128,15491482,AAPL,122,812,38.654707023363805
2024-10-21 13:03:12.741876084+00:00,2024-10-21 13:03:12.741876084+00:00,10,2,38,A,B,1,233.52,100,130,166016,15491484,AAPL,0,100,-36.897068066204845
2024-10-21 13:03:12.741878320+00:00,2024-10-21 13:03:12.741878320+00:00,10,2,38,A,B,1,233.52,22,130,166079,15491485,AAPL,0,22,-42.218883424149546
2024-10-21 13:03:12.741890372+00:00,2024-10-21 13:03:12.741890372+00:00,10,2,38,A,B,0,233.53,100,130,166038,15491486,AAPL,100,100,-42.095198805475256
2024-10-21 13:03:12.741904697+00:00,2024-10-21 13:03:12.741904697+00:00,10,2,38,C,B,0,233.53,100,130,165940,15491487,AAPL,-100,-100,-45.34461773192085
2024-10-21 13:03:12.741928024+00:00,2024-10-21 13:03:12.741928024+00:00,10,2,38,C,B,1,233.52,100,130,167892,15491488,AAPL,0,-100,-50.54274847119126
2024-10-21 13:03:12.741933888+00:00,2024-10-21 13:03:12.741933888+00:00,10,2,38,T,N,0,233.57,100,130,167185,15491489,AAPL,0,0,-43.71990826869805
2024-10-21 13:03:12.741981193+00:00,2024-10-21 13:03:12.741981193+00:00,10,2,38,C,B,0,233.53,100,130,166045,15491490,AAPL,-100,-100,-45.34461773192085
2024-10-21 13:03:12.742259611+00:00,2024-10-21 13:03:12.742259611+00:00,10,2,38,C,B,1,233.52,100,130,165939,15491491,AAPL,0,-100,-50.54274847119126
2024-10-21 13:03:12.742343106+00:00,2024-10-21 13:03:12.742343106+00:00,10,2,38,A,B,0,233.53,100,130,166238,15491493,AAPL,100,100,-42.095198805475256
2024-10-21 13:03:12.742497801+00:00,2024-10-21 13:03:12.742497801+00:00,10,2,38,T,B,0,233.58,1,130,167554,15491494,AAPL,0,0,-43.71990826869805
2024-10-21 13:03:12.742497801+00:00,2024-10-21 13:03:12.742497801+00:00,10,2,38,C,A,0,233.58,1,130,167554,15491494,AAPL,-1,-1,-43.736155363330276
2024-10-21 13:03:12.742589599+00:00,2024-10-21 13:03:12.742589599+00:00,10,2,38,C,B,0,233.53,100,130,165886,15491495,AAPL,-100,-100,-45.34461773192085
2024-10-21 13:03:12.841946356+00:00,2024-10-21 13:03:12.841946356+00:00,10,2,38,C,B,0,233.53,22,130,166037,15491696,AAPL,-22,-634,-119.14799873959242
2024-10-21 13:03:12.841977245+00:00,2024-10-21 13:03:12.841977245+00:00,10,2,38,C,B,0,233.52,22,130,166040,15491697,AAPL,-22,-712,-121.59251226346755
2024-10-21 13:03:13.806051892+00:00,2024-10-21 13:03:13.806051892+00:00,10,2,38,C,A,0,233.58,88,130,165955,15492558,AAPL,88,1622,134.73121502641047
2024-10-21 13:03:14.007072365+00:00,2024-10-21 13:03:14.007072365+00:00,10,2,38,A,A,0,233.56,100,130,166754,15492762,AAPL,100,1634,134.92618016199722
2024-10-21 13:03:14.007436799+00:00,2024-10-21 13:03:14.007436799+00:00,10,2,38,A,A,0,233.56,86,130,166458,15492764,AAPL,86,86,-42.322658130326445
2024-10-21 13:03:14.772488041+00:00,2024-10-21 13:03:14.772488041+00:00,10,2,38,C,A,0,233.56,100,130,166489,15493581,AAPL,-100,-100,-45.34461773192085
2024-10-21 13:03:14.772520788+00:00,2024-10-21 13:03:14.772520788+00:00,10,2,38,A,A,0,233.55,100,130,166353,15493582,AAPL,100,1615,114.31939453604221
2024-10-21 13:03:14.772879460+00:00,2024-10-21 13:03:14.772879460+00:00,10,2,38,A,A,0,233.55,86,130,166604,15493583,AAPL,86,86,-42.322658130326445
2024-10-21 13:03:20.213773571+00:00,2024-10-21 13:03:20.213773571+00:00,10,2,38,T,B,0,233.55,100,0,171902,15498601,AAPL,0,0,-43.71990826869805
2024-10-21 13:03:20.213773571+00:00,2024-10-21 13:03:20.213773571+00:00,10,2,38,T,B,0,233.55,86,130,171902,15498602,AAPL,-100,-100,-45.34461773192085
2024-10-21 13:03:20.213773571+00:00,2024-10-21 13:03:20.213773571+00:00,10,2,38,C,A,0,233.55,86,130,171902,15498602,AAPL,86,1601,114.09193521119103
2024-10-21 13:03:20.213797145+00:00,2024-10-21 13:03:20.213797145+00:00,10,2,38,A,B,0,233.53,100,130,166055,15498605,AAPL,100,790,35.41996910738522
2024-10-21 13:03:20.213802636+00:00,2024-10-21 13:03:20.213802636+00:00,10,2,38,A,B,0,233.53,6,130,166093,15498606,AAPL,6,6,-43.622425700904685
2024-10-21 13:03:20.213809939+00:00,2024-10-21 13:03:20.213809939+00:00,10,2,38,A,B,0,233.53,100,130,165995,15498607,AAPL,100,100,-42.095198805475256
2024-10-21 13:03:20.213821110+00:00,2024-10-21 13:03:20.213821110+00:00,10,2,38,A,B,1,233.52,100,130,166745,15498608,AAPL,0,690,36.672561478232
2024-10-21 13:03:20.213842517+00:00,2024-10-21 13:03:20.213842517+00:00,10,2,38,C,B,0,233.53,100,130,167710,15498610,AAPL,-100,1433,131.6085328335267
2024-10-21 13:03:20.213865521+00:00,2024-10-21 13:03:20.213865521+00:00,10,2,38,C,B,0,233.53,100,130,165877,15498619,AAPL,-100,-100,-45.34461773192085
2024-10-21 13:03:20.213922684+00:00,2024-10-21 13:03:20.213922684+00:00,10,2,38,C,B,1,233.52,100,130,166242,15498623,AAPL,0,-690,-124.11237801562811
2024-10-21 13:03:20.313883054+00:00,2024-10-21 13:03:20.313883054+00:00,10,2,38,C,B,0,233.53,6,130,166059,15498833,AAPL,-6,-696,-121.3325587493519
2024-10-21 13:03:20.322973910+00:00,2024-10-21 13:03:20.322973910+00:00,10,2,38,A,A,2,233.67,200,130,166231,15498844,AAPL,0,1533,133.23324229674952
2024-10-21 13:03:20.473833853+00:00,2024-10-21 13:03:20.473833853+00:00,10,2,38,A,A,0,233.55,100,130,166327,15499029,AAPL,100,1615,114.31939453604221
2024-10-21 13:03:20.474197048+00:00,2024-10-21 13:03:20.474197048+00:00,10,2,38,A,A,0,233.55,86,130,166213,15499030,AAPL,86,86,-42.322658130326445
2024-10-21 13:03:20.486975799+00:00,2024-10-21 13:03:20.486975799+00:00,10,2,38,T,B,0,233.55,100,0,169138,15499057,AAPL,0,0,-43.71990826869805
2024-10-21 13:03:20.486975799+00:00,2024-10-21 13:03:20.486975799+00:00,10,2,38,T,B,0,233.55,86,0,169138,15499058,AAPL,-100,-100,-45.34461773192085
2024-10-21 13:03:20.486975799+00:00,2024-10-21 13:03:20.486975799+00:00,10,2,38,T,B,0,233.56,14,130,169138,15499059,AAPL,86,1601,114.09193521119103
2024-10-21 13:03:20.486975799+00:00,2024-10-21 13:03:20.486975799+00:00,10,2,38,C,A,0,233.56,14,130,169138,15499059,AAPL,-14,-14,-43.947367593549245
2024-10-21 13:03:20.487001821+00:00,2024-10-21 13:03:20.487001821+00:00,10,2,38,A,B,0,233.53,6,130,166047,15499060,AAPL,6,696,33.892742211955806
2024-10-21 13:03:20.487002677+00:00,2024-10-21 13:03:20.487002677+00:00,10,2,38,A,B,0,233.53,100,128,166696,15499061,AAPL,100,100,-42.095198805475256
2024-10-21 13:03:20.487016407+00:00,2024-10-21 13:03:20.487016407+00:00,10,2,38,A,B,0,233.53,100,130,166193,15499063,AAPL,100,100,-42.095198805475256
2024-10-21 13:03:20.487027392+00:00,2024-10-21 13:03:20.487027392+00:00,10,2,38,A,B,1,233.52,100,130,166034,15499064,AAPL,0,690,36.672561478232
2024-10-21 13:03:20.487038621+00:00,2024-10-21 13:03:20.487038621+00:00,10,2,38,C,B,0,233.53,100,130,166932,15499065,AAPL,-100,-100,-45.34461773192085
2024-10-21 13:03:20.487048628+00:00,2024-10-21 13:03:20.487048628+00:00,10,2,38,C,B,0,233.53,100,130,165740,15499066,AAPL,-100,-100,-45.34461773192085
2024-10-21 13:03:20.487075702+00:00,2024-10-21 13:03:20.487075702+00:00,10,2,38,C,B,1,233.52,100,130,167917,15499070,AAPL,0,-690,-124.11237801562811
2024-10-21 13:03:20.487648190+00:00,2024-10-21 13:03:20.487648190+00:00,10,2,38,C,A,2,233.67,200,130,165830,15499122,AAPL,0,1533,133.23324229674952
2024-10-21 13:03:20.587081704+00:00,2024-10-21 13:03:20.587081704+00:00,10,2,38,C,B,0,233.53,6,130,166056,15499418,AAPL,-6,-696,-121.3325587493519
2024-10-21 13:03:20.596628869+00:00,2024-10-21 13:03:20.596628869+00:00,10,2,38,A,A,2,233.67,200,130,166431,15499434,AAPL,0,1533,133.23324229674952
2024-10-21 13:03:20.996838322+00:00,2024-10-21 13:03:20.996838322+00:00,10,2,38,A,B,2,233.45,200,130,166269,15500616,AAPL,0,-429,-104.9017227210425
2024-10-21 13:03:23.618858827+00:00,2024-10-21 13:03:23.618858827+00:00,10,2,38,T,B,0,233.56,18,130,167803,15503652,AAPL,0,0,-43.71990826869805
2024-10-21 13:03:23.618858827+00:00,2024-10-21 13:03:23.618858827+00:00,10,2,38,C,A,0,233.56,18,130,167803,15503652,AAPL,-18,-18,-44.012355972078154
2024-10-21 13:03:23.619129617+00:00,2024-10-21 13:03:23.619129617+00:00,10,2,38,C,A,2,233.67,200,130,166757,15503658,AAPL,0,1533,133.23324229674952
2024-10-21 13:03:23.701512507+00:00,2024-10-21 13:03:23.701512507+00:00,10,2,38,C,A,1,233.63,1,130,166161,15503963,AAPL,0,1397,106.20469465556631
2024-10-21 13:03:23.720191320+00:00,2024-10-21 13:03:23.720191320+00:00,10,2,38,A,A,1,233.67,200,130,166268,15504006,AAPL,0,1596,119.7821466585278
2024-10-21 13:03:24.863758285+00:00,2024-10-21 13:03:24.863758285+00:00,10,2,38,C,B,2,233.45,200,130,166211,15505335,AAPL,0,-200,-65.15664287531204
2024-10-21 13:03:24.863770627+00:00,2024-10-21 13:03:24.863770627+00:00,10,2,38,A,B,3,233.44,200,130,166122,15505336,AAPL,0,629,38.898640790260394
2024-10-21 13:03:25.546508920+00:00,2024-10-21 13:03:25.546508920+00:00,10,2,38,A,A,1,233.67,200,130,166335,15506440,AAPL,0,200,-30.074227863711645
2024-10-21 13:03:25.598507727+00:00,2024-10-21 13:03:25.598507727+00:00,10,2,38,C,A,1,233.67,200,130,165905,15506756,AAPL,0,-200,-57.36558867368446
2024-10-21 13:03:25.598520614+00:00,2024-10-21 13:03:25.598520614+00:00,10,2,38,A,A,1,233.66,200,130,166317,15506757,AAPL,0,200,-30.074227863711645
2024-10-21 13:03:25.666338141+00:00,2024-10-21 13:03:25.666338141+00:00,10,2,38,A,A,1,233.65,200,130,166185,15507372,AAPL,0,200,-30.074227863711645
2024-10-21 13:03:36.191870141+00:00,2024-10-21 13:03:36.191870141+00:00,10,2,38,A,A,1,233.59,14,130,166781,15521083,AAPL,0,1547,134.18843992509855
2024-10-21 13:03:36.195963623+00:00,2024-10-21 13:03:36.195963623+00:00,10,2,38,C,A,1,233.59,14,130,166142,15521093,AAPL,0,1547,134.18843992509855
2024-10-21 13:03:40.012377997+00:00,2024-10-21 13:03:40.012377997+00:00,10,2,38,C,A,1,233.65,200,130,165931,15524605,AAPL,0,1596,119.7821466585278
2024-10-21 13:03:40.012390526+00:00,2024-10-21 13:03:40.012390526+00:00,10,2,38,A,A,1,233.67,200,130,166391,15524606,AAPL,0,1596,119.7821466585278
2024-10-21 13:03:41.173109512+00:00,2024-10-21 13:03:41.173109512+00:00,10,2,38,A,A,1,233.66,200,130,166423,15525711,AAPL,0,200,-30.074227863711645
2024-10-21 13:03:45.203430807+00:00,2024-10-21 13:03:45.203430807+00:00,10,2,38,C,B,3,233.44,200,130,166065,15529456,AAPL,0,-629,-126.3384573276565
2024-10-21 13:03:45.203443133+00:00,2024-10-21 13:03:45.203443133+00:00,10,2,38,A,B,3,233.43,200,130,166054,15529457,AAPL,0,629,38.898640790260394
2024-10-21 13:03:45.257822337+00:00,2024-10-21 13:03:45.257822337+00:00,10,2,38,A,A,1,233.65,200,130,166252,15529529,AAPL,0,200,-30.074227863711645
2024-10-21 13:03:48.395621585+00:00,2024-10-21 13:03:48.395621585+00:00,10,2,38,C,A,1,233.65,200,130,165910,15533013,AAPL,0,1596,119.7821466585278
2024-10-21 13:03:48.395634304+00:00,2024-10-21 13:03:48.395634304+00:00,10,2,38,A,A,1,233.67,200,130,166509,15533014,AAPL,0,1596,119.7821466585278
2024-10-21 13:03:48.450060300+00:00,2024-10-21 13:03:48.450060300+00:00,10,2,38,A,B,3,233.44,200,130,166764,15533110,AAPL,0,200,-2.186045699934712
2024-10-21 13:03:48.567162849+00:00,2024-10-21 13:03:48.567162849+00:00,10,2,38,T,B,0,233.56,46,130,167735,15533364,AAPL,0,0,-43.71990826869805
2024-10-21 13:03:48.567162849+00:00,2024-10-21 13:03:48.567162849+00:00,10,2,38,C,A,0,233.56,46,130,167735,15533364,AAPL,-46,-46,-44.46727462178054
2024-10-21 13:03:53.449986144+00:00,2024-10-21 13:03:53.449986144+00:00,10,2,38,A,B,2,233.45,200,130,166431,15537955,AAPL,0,-429,-104.9017227210425
2024-10-21 13:03:58.123721435+00:00,2024-10-21 13:03:58.123721435+00:00,10,2,38,A,B,0,233.54,1,130,166140,15542692,AAPL,1,746,52.816523282881796
2024-10-21 13:03:59.183603746+00:00,2024-10-21 13:03:59.183603746+00:00,10,2,38,T,B,0,233.56,8,128,168167,15543663,AAPL,0,0,-43.71990826869805
2024-10-21 13:03:59.183603746+00:00,2024-10-21 13:03:59.183603746+00:00,10,2,38,C,A,0,233.56,8,128,168167,15543663,AAPL,8,1604,119.91212341558561
2024-10-21 13:03:59.183669679+00:00,2024-10-21 13:03:59.183669679+00:00,10,2,38,C,A,0,233.67,200,130,165943,15543692,AAPL,200,1656,141.34733150745606
2024-10-21 13:03:59.183876209+00:00,2024-10-21 13:03:59.183876209+00:00,10,2,38,A,B,1,233.53,100,128,168639,15543709,AAPL,0,790,49.698158682615414
2024-10-21 13:03:59.184222352+00:00,2024-10-21 13:03:59.184222352+00:00,10,2,38,C,B,1,233.53,100,130,165723,15543733,AAPL,0,-790,-137.13797522001153
2024-10-21 13:03:59.248163697+00:00,2024-10-21 13:03:59.248163697+00:00,10,2,38,A,A,0,233.68,200,130,166215,15543881,AAPL,200,1656,141.34733150745606
2024-10-21 13:03:59.856550937+00:00,2024-10-21 13:03:59.856550937+00:00,10,2,38,C,A,0,233.68,200,130,165901,15544651,AAPL,200,1656,141.34733150745606
2024-10-21 13:03:59.856562661+00:00,2024-10-21 13:03:59.856562661+00:00,10,2,38,A,A,0,233.7,200,130,166663,15544652,AAPL,200,1656,141.34733150745606
2024-10-21 13:03:59.914652027+00:00,2024-10-21 13:03:59.914652027+00:00,10,2,38,A,B,3,233.46,200,130,166792,15544766,AAPL,0,589,35.434009071014685
2024-10-21 13:04:00.251822386+00:00,2024-10-21 13:04:00.251822386+00:00,10,2,38,A,A,0,233.7,200,130,166313,15546766,AAPL,200,200,-40.470489342252456
2024-10-21 13:04:02.656590751+00:00,2024-10-21 13:04:02.656590751+00:00,10,2,38,A,A,0,233.61,20,130,166645,15549881,AAPL,20,1816,133.75276895615875
2024-10-21 13:04:03.284191279+00:00,2024-10-21 13:04:03.284191279+00:00,10,2,38,C,A,1,233.7,200,130,166019,15550828,AAPL,0,-200,-57.36558867368446
2024-10-21 13:04:03.284204503+00:00,2024-10-21 13:04:03.284204503+00:00,10,2,38,A,A,1,233.69,200,130,166333,15550829,AAPL,0,200,-30.074227863711645
2024-10-21 13:04:07.992810696+00:00,2024-10-21 13:04:07.992810696+00:00,10,2,38,A,A,1,233.68,200,130,166225,15556265,AAPL,0,200,-30.074227863711645
2024-10-21 13:04:12.059103619+00:00,2024-10-21 13:04:12.059103619+00:00,10,2,38,C,A,1,233.68,200,130,165886,15560379,AAPL,0,1596,119.7821466585278
2024-10-21 13:04:12.059115861+00:00,2024-10-21 13:04:12.059115861+00:00,10,2,38,A,A,1,233.7,200,130,166360,15560380,AAPL,0,1596,119.7821466585278
2024-10-21 13:04:12.262890838+00:00,2024-10-21 13:04:12.262890838+00:00,10,2,38,A,A,1,233.7,200,130,166345,15560889,AAPL,0,200,-30.074227863711645
2024-10-21 13:04:13.166105605+00:00,2024-10-21 13:04:13.166105605+00:00,10,2,38,C,A,1,233.7,200,130,166077,15561894,AAPL,0,-200,-57.36558867368446
2024-10-21 13:04:13.166117304+00:00,2024-10-21 13:04:13.166117304+00:00,10,2,38,A,A,1,233.69,200,130,166187,15561895,AAPL,0,200,-30.074227863711645
2024-10-21 13:04:16.470997970+00:00,2024-10-21 13:04:16.470997970+00:00,10,2,38,T,A,0,233.54,1,130,167598,15565308,AAPL,0,0,-43.71990826869805
2024-10-21 13:04:16.470997970+00:00,2024-10-21 13:04:16.470997970+00:00,10,2,38,C,B,0,233.54,1,130,167598,15565308,AAPL,-1,-691,-133.67666840837498
2024-10-21 13:04:16.471023709+00:00,2024-10-21 13:04:16.471023709+00:00,10,2,38,A,A,0,233.58,13,130,166006,15565309,AAPL,13,1566,134.8090225674671
2024-10-21 13:04:16.471051572+00:00,2024-10-21 13:04:16.471051572+00:00,10,2,38,A,A,1,233.6,11,130,166972,15565310,AAPL,0,1459,109.61404470857788
2024-10-21 13:04:16.471267721+00:00,2024-10-21 13:04:16.471267721+00:00,10,2,38,A,A,0,233.57,2,130,166230,15565311,AAPL,2,974,53.98001386754929
2024-10-21 13:04:16.471272606+00:00,2024-10-21 13:04:16.471272606+00:00,10,2,38,A,A,1,233.58,5,130,166402,15565312,AAPL,0,5,-43.37876625857339
2024-10-21 13:04:16.471323530+00:00,2024-10-21 13:04:16.471323530+00:00,10,2,38,C,B,2,233.46,200,130,165953,15565314,AAPL,0,-644,-109.3563690581644
2024-10-21 13:04:16.475362515+00:00,2024-10-21 13:04:16.475362515+00:00,10,2,38,C,A,0,233.57,2,130,165980,15565318,AAPL,2,979,54.32115587767394
2024-10-21 13:04:16.475379658+00:00,2024-10-21 13:04:16.475379658+00:00,10,2,38,C,A,0,233.58,5,130,166136,15565319,AAPL,-5,-5,-43.80114374185919
2024-10-21 13:04:16.475381986+00:00,2024-10-21 13:04:16.475381986+00:00,10,2,38,C,A,0,233.58,13,130,165638,15565320,AAPL,13,1472,109.82525693879683
2024-10-21 13:04:16.573763335+00:00,2024-10-21 13:04:16.573763335+00:00,10,2,38,C,A,0,233.6,11,130,166165,15565382,AAPL,11,1564,134.77652837820267
2024-10-21 13:04:16.583527688+00:00,2024-10-21 13:04:16.583527688+00:00,10,2,38,A,B,2,233.46,200,130,166381,15565398,AAPL,0,644,21.916552520768306
2024-10-21 13:04:17.976461017+00:00,2024-10-21 13:04:17.976461017+00:00,10,2,38,A,A,1,233.69,200,130,166057,15566644,AAPL,0,200,-30.074227863711645
2024-10-21 13:04:20.085638629+00:00,2024-10-21 13:04:20.085638629+00:00,10,2,38,C,B,2,233.46,200,130,166058,15568887,AAPL,0,-644,-109.3563690581644
2024-10-21 13:04:20.085651109+00:00,2024-10-21 13:04:20.085651109+00:00,10,2,38,A,B,3,233.44,200,130,166253,15568888,AAPL,0,629,38.898640790260394
2024-10-21 13:04:20.130842270+00:00,2024-10-21 13:04:20.130842270+00:00,10,2,38,A,A,0,233.56,14,130,166289,15569241,AAPL,14,1767,156.26200426871335
